date,open,high,low,close,volume
2007-01-18,2.019,2.023,1.926,1.997,236005974.0
2007-01-19,1.996,2.042,1.993,2.04,98642834.0
2007-01-22,2.051,2.128,2.051,2.128,56172127.0
2007-01-23,2.15,2.175,2.081,2.168,71730955.0
2007-01-24,2.17,2.255,2.162,2.239,53902834.0
2007-01-25,2.237,2.237,2.14,2.145,79236362.0
2007-01-26,2.1,2.195,2.041,2.192,77492472.0
2007-01-29,2.204,2.258,2.2,2.258,72045243.0
2007-01-30,2.261,2.306,2.247,2.272,68898143.0
2007-01-31,2.269,2.269,2.108,2.116,63762455.0
2007-02-01,2.1,2.123,2.02,2.094,94433091.0
2007-02-02,2.088,2.11,2.001,2.007,103061581.0
2007-02-05,1.98,2.0,1.95,1.963,56031617.0
2007-02-06,1.966,1.999,1.895,1.998,108148552.0
2007-02-07,2.009,2.063,1.997,2.044,58861299.0
2007-02-08,2.03,2.075,2.012,2.071,38868748.0
2007-02-09,2.071,2.072,2.025,2.04,26079870.0
2007-02-12,2.038,2.12,2.031,2.119,37964055.0
2007-02-13,2.121,2.159,2.119,2.152,28273944.0
2007-02-14,2.152,2.22,2.138,2.208,28426703.0
2007-02-15,2.235,2.3,2.225,2.298,51981005.0
2007-02-16,2.34,2.359,2.298,2.321,63079149.0
2007-02-26,2.314,2.439,2.314,2.435,101395848.0
2007-02-27,2.451,2.458,2.2,2.21,97251862.0
2007-02-28,2.201,2.33,2.159,2.319,104997575.0
2007-03-01,2.319,2.321,2.17,2.259,52368627.0
2007-03-02,2.25,2.297,2.23,2.275,52819419.0
2007-03-05,2.27,2.309,2.17,2.235,55639692.0
2007-03-06,2.211,2.28,2.2,2.255,44739596.0
2007-03-07,2.263,2.32,2.263,2.304,57836160.0
2007-03-08,2.297,2.322,2.29,2.319,63657508.0
2007-03-09,2.322,2.34,2.296,2.318,36039203.0
2007-03-12,2.319,2.338,2.286,2.336,35938100.0
2007-03-13,2.33,2.355,2.321,2.347,26631477.0
2007-03-14,2.308,2.31,2.265,2.288,34105292.0
2007-03-15,2.286,2.336,2.28,2.334,29522435.0
2007-03-16,2.335,2.349,2.266,2.275,34840903.0
2007-03-19,2.23,2.33,2.207,2.318,40631700.0
2007-03-20,2.317,2.342,2.304,2.339,21849554.0
2007-03-21,2.339,2.372,2.331,2.369,26671483.0
2007-03-22,2.371,2.425,2.371,2.388,36653558.0
2007-03-23,2.383,2.403,2.342,2.397,26549499.0
2007-03-26,2.393,2.453,2.393,2.452,40492515.0
2007-03-27,2.451,2.473,2.45,2.469,39120854.0
2007-03-28,2.469,2.498,2.388,2.49,54155145.0
2007-03-29,2.495,2.518,2.45,2.476,50330675.0
2007-03-30,2.467,2.501,2.45,2.477,17344149.0
2007-04-02,2.482,2.574,2.482,2.568,37505814.0
2007-04-03,2.576,2.62,2.575,2.594,27862623.0
2007-04-04,2.599,2.616,2.575,2.595,26550276.0
2007-04-05,2.595,2.63,2.577,2.625,30783993.0
2007-04-06,2.62,2.65,2.6,2.648,32480436.0
2007-04-09,2.651,2.742,2.651,2.728,20960520.0
2007-04-10,2.731,2.781,2.7,2.78,33666868.0
2007-04-11,2.781,2.818,2.763,2.818,41772312.0
2007-04-12,2.819,2.858,2.808,2.857,23838532.0
2007-04-13,2.857,2.878,2.826,2.839,23780710.0
2007-04-16,2.835,2.908,2.833,2.905,21643363.0
2007-04-17,2.908,2.945,2.84,2.945,34264182.0
2007-04-18,2.945,2.971,2.908,2.963,23639439.0
2007-04-19,2.94,2.95,2.75,2.821,51752721.0
2007-04-20,2.829,2.94,2.829,2.931,29545567.0
2007-04-23,2.942,3.106,2.942,3.103,23131439.0
2007-04-24,3.15,3.203,3.108,3.168,54346868.0
2007-04-25,3.162,3.31,3.1,3.16,54467679.0
2007-04-26,3.16,3.235,3.16,3.21,42820672.0
2007-04-27,3.219,3.23,3.152,3.193,50801883.0
2007-04-30,3.19,3.237,3.164,3.235,37822714.0
2007-05-08,3.3,3.389,3.3,3.388,36861443.0
2007-05-09,3.387,3.43,3.3,3.404,47975937.0
2007-05-10,3.403,3.497,3.389,3.467,32139304.0
2007-05-11,3.468,3.468,3.395,3.437,117344073.0
2007-05-14,3.41,3.49,3.3,3.475,181712932.0
2007-05-15,3.479,3.482,3.321,3.329,85962069.0
2007-05-16,3.32,3.396,3.23,3.387,102934610.0
2007-05-17,3.395,3.478,3.392,3.451,67252135.0
2007-05-18,3.441,3.487,3.42,3.461,64575685.0
2007-05-21,3.381,3.51,3.358,3.492,63745136.0
2007-05-22,3.492,3.568,3.492,3.537,30754046.0
2007-05-23,3.54,3.632,3.525,3.628,41608725.0
2007-05-24,3.631,3.65,3.535,3.593,79251965.0
2007-05-25,3.554,3.61,3.531,3.598,48733119.0
2007-05-28,3.61,3.698,3.61,3.683,45055885.0
2007-05-29,3.701,3.784,3.695,3.782,39518493.0
2007-05-30,3.589,3.75,3.48,3.5,117161584.0
2007-05-31,3.453,3.608,3.275,3.542,116596752.0
2007-06-01,3.527,3.601,3.358,3.36,71687273.0
2007-06-04,3.38,3.42,3.045,3.05,100179445.0
2007-06-05,3.026,3.2,2.792,3.19,161223225.0
2007-06-06,3.219,3.266,3.1,3.215,110233056.0
2007-06-07,3.231,3.335,3.216,3.329,86719337.0
2007-06-08,3.34,3.362,3.305,3.351,95391956.0
2007-06-11,3.346,3.402,3.346,3.39,68161840.0
2007-06-12,3.395,3.543,3.348,3.54,57542340.0
2007-06-13,3.57,3.652,3.57,3.636,51224963.0
2007-06-14,3.605,3.61,3.518,3.547,54282783.0
2007-06-15,3.546,3.569,3.498,3.537,56925729.0
2007-06-18,3.565,3.641,3.565,3.621,53408957.0
2007-06-19,3.607,3.688,3.6,3.656,38412264.0
2007-06-20,3.65,3.728,3.58,3.6,49704361.0
2007-06-21,3.581,3.63,3.547,3.617,33316206.0
2007-06-22,3.613,3.65,3.41,3.504,43157935.0
2007-06-25,3.509,3.536,3.281,3.297,41048278.0
2007-06-26,3.236,3.37,3.2,3.363,55361423.0
2007-06-27,3.375,3.458,3.339,3.45,39326036.0
2007-06-28,3.425,3.46,3.289,3.29,32905586.0
2007-06-29,3.204,3.275,3.155,3.171,32369354.0
2007-07-02,3.145,3.247,3.12,3.203,45050615.0
2007-07-03,3.223,3.279,3.205,3.263,18288702.0
2007-07-04,3.264,3.284,3.189,3.202,20705602.0
2007-07-05,3.189,3.189,3.0,3.009,97816933.0
2007-07-06,3.0,3.15,2.945,3.146,51386518.0
2007-07-09,3.156,3.248,3.151,3.239,30682978.0
2007-07-10,3.23,3.239,3.152,3.165,19767498.0
2007-07-11,3.152,3.193,3.126,3.19,13882928.0
2007-07-12,3.192,3.229,3.178,3.21,13752019.0
2007-07-13,3.209,3.22,3.17,3.214,13288306.0
2007-07-16,3.21,3.212,3.102,3.112,12664175.0
2007-07-17,3.091,3.192,3.08,3.167,11990053.0
2007-07-18,3.165,3.24,3.135,3.19,14363135.0
2007-07-19,3.18,3.199,3.155,3.158,8286358.0
2007-07-20,3.159,3.283,3.159,3.282,20244462.0
2007-07-23,3.3,3.492,3.3,3.489,27167190.0
2007-07-24,3.509,3.585,3.49,3.5,37997620.0
2007-07-25,3.478,3.6,3.47,3.599,32919558.0
2007-07-26,3.61,3.644,3.582,3.624,34126117.0
2007-07-27,3.6,3.67,3.562,3.659,45507417.0
2007-07-30,3.659,3.809,3.641,3.785,33214257.0
2007-07-31,3.78,3.82,3.758,3.809,26587852.0
2007-08-01,3.809,3.835,3.66,3.671,45314346.0
2007-08-02,3.7,3.802,3.696,3.787,60674158.0
2007-08-03,3.79,3.855,3.79,3.852,45335786.0
2007-08-06,3.854,3.973,3.854,3.963,55430416.0
2007-08-07,3.968,4.05,3.925,4.01,46689995.0
2007-08-08,3.974,3.989,3.854,3.928,29780356.0
2007-08-09,3.923,4.005,3.91,4.0,25903629.0
2007-08-10,3.982,4.01,3.611,3.975,73980330.0
2007-08-13,3.974,4.04,3.942,3.981,29787614.0
2007-08-14,3.982,4.038,3.981,4.031,18131801.0
2007-08-15,4.03,4.08,3.961,4.056,27574852.0
2007-08-16,4.066,4.066,3.941,3.992,20770886.0
2007-08-17,3.98,4.04,3.901,3.921,42370514.0
2007-08-20,3.988,4.248,3.988,4.247,38434100.0
2007-08-21,4.27,4.28,4.2,4.229,31947764.0
2007-08-22,4.209,4.268,4.159,4.241,20907110.0
2007-08-23,4.243,4.285,4.221,4.276,23395799.0
2007-08-24,4.29,4.432,4.281,4.425,39728329.0
2007-08-27,4.445,4.539,4.426,4.478,33274839.0
2007-08-28,4.449,4.478,4.378,4.474,29142143.0
2007-08-29,4.445,4.471,4.37,4.392,34617552.0
2007-08-30,4.4,4.461,4.388,4.453,23235236.0
2007-08-31,4.454,4.533,4.453,4.529,22841295.0
2007-09-03,4.579,4.737,4.571,4.719,30875979.0
2007-09-04,4.75,4.78,4.679,4.709,52604236.0
2007-09-05,4.703,4.725,4.62,4.696,55159471.0
2007-09-06,4.718,4.828,4.718,4.817,42521689.0
2007-09-07,4.8,4.81,4.725,4.755,73731248.0
2007-09-10,4.694,4.818,4.65,4.815,44000219.0
2007-09-11,4.812,4.857,4.5,4.58,64853076.0
2007-09-12,4.58,4.684,4.498,4.627,57121539.0
2007-09-13,4.641,4.82,4.6,4.812,66242849.0
2007-09-14,4.822,4.98,4.81,4.956,57932106.0
2007-09-17,4.956,5.129,4.95,5.127,48962912.0
2007-09-18,5.17,5.2,4.995,5.049,111395841.0
2007-09-19,5.049,5.073,4.897,4.971,72973549.0
2007-09-20,4.977,5.046,4.93,4.979,39449434.0
2007-09-21,4.98,4.998,4.8,4.874,59711110.0
2007-09-24,4.874,4.93,4.76,4.915,41720224.0
2007-09-25,4.913,4.934,4.828,4.84,30951587.0
2007-09-26,4.82,4.875,4.7,4.734,35575666.0
2007-09-27,4.734,4.78,4.691,4.76,27128134.0
2007-09-28,4.832,4.911,4.805,4.905,42373527.0
2007-10-08,4.971,4.988,4.86,4.875,49405246.0
2007-10-09,4.858,4.882,4.78,4.865,33171695.0
2007-10-10,4.863,5.0,4.863,4.914,48769943.0
2007-10-11,4.914,4.96,4.85,4.923,34942838.0
2007-10-12,4.94,5.03,4.75,4.936,56287716.0
2007-10-15,4.921,5.191,4.88,5.188,85747263.0
2007-10-16,5.194,5.29,5.131,5.173,44319970.0
2007-10-17,5.141,5.208,5.066,5.155,38852735.0
2007-10-18,5.148,5.177,4.96,4.966,59934009.0
2007-10-19,4.985,5.07,4.875,4.921,42682736.0
2007-10-22,4.857,4.859,4.701,4.719,50977798.0
2007-10-23,4.71,4.76,4.57,4.755,51448236.0
2007-10-24,4.783,4.934,4.755,4.891,44265853.0
2007-10-25,4.834,4.837,4.585,4.6,72598250.0
2007-10-26,4.507,4.7,4.49,4.661,53269976.0
2007-10-29,4.688,4.767,4.637,4.762,27181835.0
2007-10-30,4.789,4.875,4.701,4.874,26177537.0
2007-10-31,4.95,4.95,4.868,4.903,35064065.0
2007-11-01,4.9,4.994,4.9,4.918,42910275.0
2007-11-02,4.862,4.9,4.818,4.86,29662301.0
2007-11-05,4.856,4.856,4.669,4.706,38122321.0
2007-11-06,4.7,4.706,4.533,4.55,57425415.0
2007-11-07,4.599,4.61,4.48,4.568,36522565.0
2007-11-08,4.55,4.55,4.317,4.322,60500135.0
2007-11-09,4.298,4.366,4.151,4.292,41003115.0
2007-11-12,4.198,4.291,4.044,4.209,44059798.0
2007-11-13,4.25,4.381,4.198,4.265,65377543.0
2007-11-14,4.35,4.435,4.26,4.432,55565500.0
2007-11-15,4.4,4.42,4.326,4.339,25472208.0
2007-11-16,4.289,4.321,4.25,4.309,18261149.0
2007-11-19,4.321,4.347,4.286,4.318,13889593.0
2007-11-20,4.297,4.426,4.26,4.389,27725796.0
2007-11-21,4.429,4.465,4.33,4.336,24028363.0
2007-11-22,4.264,4.31,4.185,4.199,26813860.0
2007-11-23,4.179,4.24,4.138,4.238,18206946.0
2007-11-26,4.29,4.328,4.17,4.177,27967300.0
2007-11-27,4.141,4.197,4.1,4.102,22311417.0
2007-11-28,4.1,4.14,3.98,3.996,32262354.0
2007-11-29,4.025,4.168,3.981,4.166,37311818.0
2007-11-30,4.165,4.165,4.05,4.061,24659655.0
2007-12-03,4.02,4.118,4.02,4.089,11829065.0
2007-12-04,4.099,4.225,4.099,4.165,30298233.0
2007-12-05,4.165,4.345,4.155,4.336,53679365.0
2007-12-06,4.357,4.357,4.29,4.325,46535340.0
2007-12-07,4.34,4.449,4.332,4.43,33584547.0
2007-12-10,4.388,4.525,4.35,4.516,87118657.0
2007-12-11,4.53,4.568,4.472,4.526,52205510.0
2007-12-12,4.5,4.525,4.426,4.484,35801559.0
2007-12-13,4.46,4.46,4.286,4.29,44999316.0
2007-12-14,4.239,4.36,4.202,4.351,36275366.0
2007-12-17,4.359,4.36,4.248,4.253,27186244.0
2007-12-18,4.235,4.26,4.188,4.197,24349208.0
2007-12-19,4.26,4.36,4.252,4.345,44410573.0
2007-12-20,4.35,4.475,4.322,4.465,47873912.0
2007-12-21,4.455,4.525,4.445,4.513,61296221.0
2007-12-24,4.535,4.62,4.511,4.572,48584363.0
2007-12-25,4.577,4.615,4.552,4.587,33703489.0
2007-12-26,4.6,4.656,4.58,4.632,35475777.0
2007-12-27,4.65,4.685,4.61,4.685,40828632.0
2007-12-28,4.691,4.719,4.62,4.637,31396248.0
2008-01-02,4.64,4.692,4.581,4.649,41561460.0
2008-01-03,4.63,4.801,4.61,4.794,53322240.0
2008-01-04,4.798,4.849,4.74,4.834,36247583.0
2008-01-07,4.831,4.871,4.783,4.855,24192520.0
2008-01-08,4.878,4.978,4.812,4.86,42279903.0
2008-01-09,4.82,4.96,4.81,4.958,31869418.0
2008-01-10,4.971,5.03,4.952,4.97,35687638.0
2008-01-11,4.972,4.997,4.905,4.962,33762365.0
2008-01-14,4.958,5.024,4.933,5.003,28347593.0
2008-01-15,4.995,5.042,4.95,4.965,37407522.0
2008-01-16,4.95,4.95,4.838,4.847,38260966.0
2008-01-17,4.77,4.847,4.55,4.671,108573877.0
2008-01-18,4.64,4.689,4.585,4.65,44111896.0
2008-01-21,4.636,4.678,4.39,4.406,62825603.0
2008-01-22,4.3,4.3,4.001,4.041,121618379.0
2008-01-23,4.11,4.277,4.09,4.275,46279996.0
2008-01-24,4.316,4.34,4.225,4.28,41336987.0
2008-01-25,4.278,4.338,4.19,4.312,32936299.0
2008-01-28,4.26,4.26,3.985,3.991,58657791.0
2008-01-29,4.021,4.08,3.966,3.999,73950063.0
2008-01-30,4.043,4.12,3.926,4.003,65881136.0
2008-01-31,4.003,4.08,3.951,3.97,30724161.0
2008-02-01,3.999,4.01,3.773,3.889,46400692.0
2008-02-04,4.001,4.278,4.001,4.278,58205549.0
2008-02-05,4.278,4.3,4.17,4.237,35432914.0
2008-02-13,4.169,4.201,4.102,4.139,26714506.0
2008-02-14,4.19,4.239,4.16,4.206,29678572.0
2008-02-15,4.163,4.175,4.103,4.168,39127123.0
2008-02-18,4.218,4.284,4.189,4.234,33297802.0
2008-02-19,4.249,4.358,4.21,4.354,33873126.0
2008-02-20,4.357,4.414,4.287,4.289,45219741.0
2008-02-21,4.268,4.344,4.186,4.297,30941207.0
2008-02-22,4.249,4.28,4.111,4.152,43426125.0
2008-02-25,4.152,4.186,4.001,4.013,35532067.0
2008-02-26,4.141,4.169,3.898,4.003,48264910.0
2008-02-27,4.02,4.088,3.98,4.078,25100877.0
2008-02-28,4.08,4.128,4.001,4.074,27375797.0
2008-02-29,4.048,4.11,4.027,4.088,40223937.0
2008-03-03,4.065,4.184,4.03,4.179,36895770.0
2008-03-04,4.185,4.215,4.05,4.055,36386731.0
2008-03-05,4.04,4.055,3.889,3.972,58448209.0
2008-03-06,3.983,4.054,3.918,3.991,28900036.0
2008-03-07,3.95,3.981,3.91,3.928,19502756.0
2008-03-10,3.915,3.915,3.748,3.791,52465263.0
2008-03-11,3.745,3.777,3.68,3.776,26861562.0
2008-03-12,3.862,3.886,3.67,3.673,33190220.0
2008-03-13,3.601,3.649,3.483,3.542,48168573.0
2008-03-14,3.5,3.56,3.459,3.502,31766955.0
2008-03-17,3.498,3.498,3.32,3.329,31716241.0
2008-03-18,3.32,3.378,3.08,3.137,53668279.0
2008-03-19,3.21,3.315,3.171,3.261,45023349.0
2008-03-20,3.19,3.44,3.095,3.397,65850727.0
2008-03-21,3.36,3.515,3.347,3.481,54631303.0
2008-03-24,3.51,3.539,3.31,3.315,49122893.0
2008-03-25,3.264,3.393,3.212,3.361,44403298.0
2008-03-26,3.39,3.443,3.33,3.359,25218676.0
2008-03-27,3.3,3.339,3.15,3.177,62264748.0
2008-03-28,3.111,3.293,3.042,3.279,53349250.0
2008-03-31,3.16,3.237,3.13,3.133,42152879.0
2008-04-01,3.112,3.15,2.885,2.911,66378777.0
2008-04-02,2.941,2.99,2.812,2.844,47523172.0
2008-04-03,2.842,2.975,2.821,2.959,94939399.0
2008-04-07,2.92,3.141,2.902,3.129,50988601.0
2008-04-08,3.14,3.197,3.1,3.16,33423031.0
2008-04-09,3.11,3.204,3.03,3.034,34220054.0
2008-04-10,2.995,3.072,2.95,3.067,33108058.0
2008-04-11,3.099,3.137,3.068,3.101,23247910.0
2008-04-14,3.055,3.055,2.89,2.907,45268228.0
2008-04-15,2.88,2.94,2.796,2.938,24563256.0
2008-04-16,2.924,2.93,2.841,2.847,24429021.0
2008-04-17,2.851,2.892,2.7,2.737,30949617.0
2008-04-18,2.7,2.71,2.6,2.612,35120696.0
2008-04-21,2.85,2.85,2.6,2.634,63337674.0
2008-04-22,2.58,2.666,2.522,2.665,25709293.0
2008-04-23,2.6,2.823,2.599,2.802,44321476.0
2008-04-24,3.06,3.082,3.0,3.082,130288784.0
2008-04-25,3.08,3.269,3.052,3.152,147392311.0
2008-04-28,3.083,3.139,3.072,3.084,59288868.0
2008-04-29,3.055,3.169,3.055,3.15,50687140.0
2008-04-30,3.173,3.343,3.168,3.317,105190286.0
2008-05-05,3.37,3.39,3.325,3.378,95564124.0
2008-05-06,3.359,3.392,3.288,3.336,69362250.0
2008-05-07,3.328,3.365,3.18,3.193,84723302.0
2008-05-08,3.15,3.278,3.14,3.27,65222146.0
2008-05-09,3.294,3.349,3.218,3.283,87958634.0
2008-05-12,3.21,3.358,3.208,3.321,68188810.0
2008-05-13,3.24,3.373,3.226,3.32,122180497.0
2008-05-14,3.309,3.388,3.3,3.376,86484191.0
2008-05-15,3.39,3.468,3.385,3.389,78678210.0
2008-05-16,3.388,3.425,3.309,3.344,61458222.0
2008-05-19,3.325,3.357,3.291,3.331,35100244.0
2008-05-20,3.321,3.369,3.14,3.156,58738379.0
2008-05-21,3.105,3.282,3.055,3.248,102060161.0
2008-05-22,3.195,3.266,3.15,3.191,71097607.0
2008-05-23,3.17,3.21,3.1,3.142,59380485.0
2008-05-26,3.1,3.119,3.039,3.044,51163747.0
2008-05-27,3.0,3.062,2.996,3.037,49452482.0
2008-05-28,3.05,3.156,3.011,3.127,43131540.0
2008-05-29,3.11,3.137,3.039,3.041,45253226.0
2008-05-30,3.058,3.105,3.037,3.092,47023532.0
2008-06-02,3.08,3.13,3.058,3.103,41270850.0
2008-06-03,3.104,3.122,3.07,3.09,35352916.0
2008-06-04,3.072,3.092,3.018,3.036,48428694.0
2008-06-05,3.032,3.05,2.976,3.0,35222522.0
2008-06-06,3.002,3.046,2.991,3.004,21773695.0
2008-06-10,2.9,2.9,2.704,2.718,52063197.0
2008-06-11,2.691,2.73,2.645,2.687,74491490.0
2008-06-12,2.67,2.693,2.572,2.63,54633013.0
2008-06-13,2.635,2.675,2.551,2.559,42601784.0
2008-06-16,2.581,2.61,2.513,2.565,53986023.0
2008-06-17,2.555,2.581,2.45,2.468,54997591.0
2008-06-18,2.458,2.619,2.4,2.614,80895898.0
2008-06-19,2.585,2.585,2.375,2.395,82952114.0
2008-06-20,2.467,2.545,2.321,2.445,96083337.0
2008-06-23,2.429,2.437,2.35,2.36,51954486.0
2008-06-24,2.36,2.399,2.315,2.365,68404742.0
2008-06-25,2.37,2.498,2.355,2.488,69363761.0
2008-06-26,2.489,2.525,2.433,2.502,76107924.0
2008-06-27,2.42,2.422,2.29,2.321,94478503.0
2008-06-30,2.285,2.339,2.239,2.285,52007667.0
2008-07-01,2.272,2.299,2.205,2.209,44317276.0
2008-07-02,2.22,2.255,2.195,2.226,32668905.0
2008-07-03,2.196,2.323,2.17,2.286,78203912.0
2008-07-04,2.265,2.296,2.241,2.26,53916186.0
2008-07-07,2.266,2.406,2.261,2.393,83457362.0
2008-07-08,2.403,2.443,2.361,2.416,91517874.0
2008-07-09,2.443,2.52,2.443,2.516,108586435.0
2008-07-10,2.48,2.54,2.466,2.469,89814179.0
2008-07-11,2.465,2.48,2.409,2.443,58101740.0
2008-07-14,2.428,2.479,2.401,2.469,31721057.0
2008-07-15,2.478,2.499,2.381,2.384,60779232.0
2008-07-16,2.359,2.371,2.262,2.299,61191317.0
2008-07-17,2.33,2.359,2.255,2.262,43546473.0
2008-07-18,2.286,2.353,2.242,2.352,51007328.0
2008-07-21,2.33,2.441,2.318,2.436,62112938.0
2008-07-22,2.431,2.446,2.407,2.432,63741964.0
2008-07-23,2.455,2.47,2.41,2.412,68353705.0
2008-07-24,2.431,2.488,2.416,2.479,60371458.0
2008-07-25,2.45,2.465,2.429,2.437,33079346.0
2008-07-28,2.446,2.492,2.446,2.47,37847080.0
2008-07-29,2.442,2.446,2.411,2.431,34168525.0
2008-07-30,2.46,2.466,2.399,2.414,33155859.0
2008-07-31,2.428,2.439,2.34,2.343,55332290.0
2008-08-01,2.32,2.378,2.281,2.34,45298645.0
2008-08-04,2.326,2.326,2.271,2.274,22044608.0
2008-08-05,2.272,2.29,2.201,2.207,34967305.0
2008-08-06,2.228,2.244,2.191,2.219,24374137.0
2008-08-07,2.217,2.238,2.199,2.22,37548496.0
2008-08-08,2.22,2.223,2.1,2.108,56975363.0
2008-08-11,2.09,2.102,1.985,1.99,51740525.0
2008-08-12,1.97,2.038,1.97,2.016,39561337.0
2008-08-13,2.0,2.048,1.961,2.03,41533563.0
2008-08-14,2.02,2.048,2.0,2.026,21867126.0
2008-08-15,2.028,2.056,2.009,2.028,28512234.0
2008-08-18,2.035,2.037,1.915,1.918,37212480.0
2008-08-19,1.9,1.949,1.891,1.936,44735524.0
2008-08-20,1.91,2.1,1.892,2.095,82603402.0
2008-08-21,2.035,2.082,1.983,1.985,95716551.0
2008-08-22,1.97,1.97,1.909,1.935,38465132.0
2008-08-25,1.932,1.96,1.911,1.919,23337374.0
2008-08-26,1.905,1.906,1.836,1.847,23207096.0
2008-08-27,1.847,1.873,1.81,1.845,28635652.0
2008-08-28,1.845,1.87,1.835,1.862,32199708.0
2008-08-29,1.865,1.939,1.865,1.911,31502308.0
2008-09-01,1.898,1.898,1.85,1.857,15024475.0
2008-09-02,1.838,1.87,1.827,1.851,23387312.0
2008-09-03,1.85,1.868,1.825,1.84,30311830.0
2008-09-04,1.848,1.877,1.836,1.859,21666152.0
2008-09-05,1.816,1.842,1.804,1.814,26101555.0
2008-09-08,1.813,1.825,1.737,1.739,22620239.0
2008-09-09,1.751,1.768,1.725,1.752,13282686.0
2008-09-10,1.74,1.8,1.728,1.768,35192129.0
2008-09-11,1.767,1.78,1.729,1.73,13851345.0
2008-09-12,1.711,1.767,1.711,1.747,18800033.0
2008-09-16,1.74,1.744,1.709,1.71,27057888.0
2008-09-17,1.7,1.733,1.674,1.677,44662739.0
2008-09-18,1.645,1.666,1.552,1.629,42159255.0
2008-09-19,1.79,1.792,1.78,1.792,27667812.0
2008-09-22,1.965,1.971,1.812,1.905,117925952.0
2008-09-23,1.831,1.849,1.77,1.806,51194629.0
2008-09-24,1.761,1.829,1.74,1.821,35481529.0
2008-09-25,1.825,1.93,1.801,1.888,84120956.0
2008-09-26,1.915,1.924,1.861,1.902,51518615.0
2008-10-06,1.831,1.86,1.786,1.787,26246446.0
2008-10-07,1.73,1.819,1.702,1.781,32419845.0
2008-10-08,1.731,1.768,1.714,1.733,36565658.0
2008-10-09,1.765,1.777,1.697,1.699,28669608.0
2008-10-10,1.615,1.65,1.615,1.625,25225418.0
2008-10-13,1.611,1.678,1.552,1.676,35073017.0
2008-10-14,1.77,1.77,1.6,1.631,79365253.0
2008-10-15,1.6,1.615,1.572,1.584,25231448.0
2008-10-16,1.517,1.547,1.509,1.51,28536288.0
2008-10-17,1.525,1.536,1.509,1.524,16196820.0
2008-10-20,1.512,1.575,1.508,1.573,68523359.0
2008-10-21,1.577,1.608,1.553,1.554,36394547.0
2008-10-22,1.526,1.556,1.509,1.512,27679384.0
2008-10-23,1.483,1.51,1.465,1.51,21392233.0
2008-10-24,1.509,1.515,1.452,1.466,23367429.0
2008-10-27,1.445,1.445,1.345,1.346,49435500.0
2008-10-28,1.32,1.399,1.3,1.381,35608249.0
2008-10-29,1.393,1.4,1.325,1.327,23740169.0
2008-10-30,1.333,1.376,1.3,1.351,37693145.0
2008-10-31,1.341,1.36,1.32,1.33,24645866.0
2008-11-03,1.32,1.34,1.306,1.316,21466143.0
2008-11-04,1.301,1.315,1.29,1.297,32013214.0
2008-11-05,1.305,1.36,1.305,1.342,20416530.0
2008-11-06,1.31,1.334,1.301,1.324,23188662.0
2008-11-07,1.301,1.35,1.292,1.333,23701162.0
2008-11-10,1.368,1.465,1.365,1.464,61892545.0
2008-11-11,1.45,1.5,1.435,1.443,48634628.0
2008-11-12,1.423,1.464,1.42,1.464,25076488.0
2008-11-13,1.433,1.56,1.433,1.547,49924626.0
2008-11-14,1.559,1.595,1.527,1.589,62704840.0
2008-11-17,1.575,1.655,1.566,1.635,74145102.0
2008-11-18,1.631,1.639,1.491,1.51,61584190.0
2008-11-19,1.505,1.628,1.501,1.616,53615242.0
2008-11-20,1.59,1.64,1.573,1.598,69054653.0
2008-11-21,1.559,1.629,1.51,1.586,70429616.0
2008-11-24,1.581,1.598,1.526,1.53,56090129.0
2008-11-25,1.555,1.575,1.488,1.516,50941853.0
2008-11-26,1.516,1.558,1.493,1.538,25394258.0
2008-11-27,1.66,1.68,1.566,1.567,67675845.0
2008-11-28,1.541,1.58,1.535,1.54,49714268.0
2008-12-01,1.539,1.569,1.511,1.564,29687062.0
2008-12-02,1.521,1.59,1.52,1.565,38422412.0
2008-12-03,1.577,1.64,1.576,1.639,50363297.0
2008-12-04,1.666,1.729,1.646,1.676,106794321.0
2008-12-05,1.668,1.692,1.646,1.686,52044469.0
2008-12-08,1.71,1.756,1.692,1.754,86192686.0
2008-12-09,1.76,1.765,1.708,1.709,123733490.0
2008-12-10,1.698,1.73,1.665,1.73,103078982.0
2008-12-11,1.72,1.732,1.673,1.675,86578554.0
2008-12-12,1.656,1.672,1.588,1.612,59882021.0
2008-12-15,1.621,1.651,1.602,1.63,48656842.0
2008-12-16,1.611,1.653,1.586,1.647,44264719.0
2008-12-17,1.648,1.676,1.64,1.645,58816731.0
2008-12-18,1.64,1.675,1.625,1.663,70816492.0
2008-12-19,1.66,1.696,1.652,1.674,47472575.0
2008-12-22,1.671,1.68,1.631,1.64,36750128.0
2008-12-23,1.65,1.65,1.551,1.563,38668462.0
2008-12-24,1.535,1.555,1.519,1.53,40108468.0
2008-12-25,1.529,1.544,1.497,1.513,52555280.0
2008-12-26,1.516,1.524,1.5,1.513,21081820.0
2008-12-29,1.5,1.518,1.483,1.507,27264172.0
2008-12-30,1.508,1.527,1.486,1.489,27744636.0
2008-12-31,1.481,1.5,1.465,1.467,33556712.0
2009-01-05,1.492,1.53,1.482,1.525,41801024.0
2009-01-06,1.526,1.584,1.513,1.578,101730720.0
2009-01-07,1.58,1.595,1.571,1.572,85226424.0
2009-01-08,1.54,1.555,1.531,1.543,33703912.0
2009-01-09,1.548,1.577,1.545,1.574,66144496.0
2009-01-12,1.57,1.599,1.558,1.585,45368844.0
2009-01-13,1.55,1.581,1.55,1.554,63582964.0
2009-01-14,1.55,1.605,1.55,1.604,64532760.0
2009-01-15,1.58,1.616,1.58,1.591,68539784.0
2009-01-16,1.595,1.657,1.595,1.633,110944296.0
2009-01-19,1.653,1.676,1.627,1.64,109685056.0
2009-01-20,1.631,1.655,1.621,1.651,60500336.0
2009-01-21,1.635,1.661,1.629,1.634,47898328.0
2009-01-22,1.645,1.66,1.634,1.655,36971048.0
2009-01-23,1.651,1.68,1.649,1.655,23636482.0
2009-02-02,1.669,1.68,1.655,1.676,32322988.0
2009-02-03,1.678,1.722,1.672,1.721,63118152.0
2009-02-04,1.725,1.769,1.725,1.769,83023680.0
2009-02-05,1.768,1.81,1.753,1.769,94543936.0
2009-02-06,1.771,1.844,1.771,1.84,87132408.0
2009-02-09,1.87,1.896,1.853,1.884,112628984.0
2009-02-10,1.871,1.909,1.858,1.908,130243280.0
2009-02-11,1.883,1.946,1.87,1.911,156112208.0
2009-02-12,1.914,1.927,1.84,1.902,134295184.0
2009-02-13,1.897,1.972,1.886,1.971,228608176.0
2009-02-16,1.982,2.049,1.969,2.046,155155328.0
2009-02-17,2.045,2.051,1.968,1.971,217060592.0
2009-02-18,1.93,1.948,1.867,1.87,217231712.0
2009-02-19,1.89,1.92,1.867,1.904,224706192.0
2009-02-20,1.91,1.955,1.88,1.95,173768496.0
2009-02-23,1.941,2.009,1.913,1.996,204261232.0
2009-02-24,1.972,2.005,1.901,1.903,277388320.0
2009-02-25,1.92,1.94,1.854,1.901,237122960.0
2009-02-26,1.9,1.933,1.79,1.809,225773408.0
2009-02-27,1.791,1.8,1.724,1.739,200370128.0
2009-03-02,1.715,1.774,1.715,1.762,94536248.0
2009-03-03,1.732,1.782,1.713,1.765,173135776.0
2009-03-04,1.769,1.891,1.769,1.886,130328832.0
2009-03-05,1.905,1.92,1.86,1.89,189309936.0
2009-03-06,1.865,1.893,1.853,1.869,187773472.0
2009-03-09,1.878,1.903,1.803,1.808,149303440.0
2009-03-10,1.788,1.833,1.776,1.831,138520048.0
2009-03-11,1.868,1.88,1.81,1.811,174974080.0
2009-03-12,1.8,1.815,1.762,1.809,111820824.0
2009-03-13,1.815,1.829,1.788,1.792,98127248.0
2009-03-16,1.787,1.816,1.777,1.81,97981872.0
2009-03-17,1.81,1.884,1.804,1.874,132506144.0
2009-03-18,1.893,1.925,1.88,1.897,164793728.0
2009-03-19,1.897,1.937,1.883,1.936,118899096.0
2009-03-20,1.938,1.956,1.913,1.941,161590288.0
2009-03-23,1.943,1.994,1.941,1.982,145684768.0
2009-03-24,2.01,2.012,1.956,1.979,247867184.0
2009-03-25,1.97,1.98,1.924,1.926,140168624.0
2009-03-26,1.928,1.981,1.902,1.98,145652064.0
2009-03-27,1.99,2.027,1.978,2.007,193110256.0
2009-03-30,2.008,2.01,1.982,1.987,135041856.0
2009-03-31,1.955,1.988,1.928,1.987,186861872.0
2009-04-01,1.99,2.034,1.99,2.026,189266464.0
2009-04-02,2.03,2.069,2.03,2.048,179445920.0
2009-04-03,2.061,2.069,2.023,2.036,178944624.0
2009-04-07,2.032,2.061,2.023,2.041,117308160.0
2009-04-08,2.03,2.038,1.96,1.968,200584368.0
2009-04-09,1.971,1.987,1.946,1.985,195406752.0
2009-04-10,1.997,2.037,1.982,2.029,168012400.0
2009-04-13,2.042,2.112,2.042,2.104,184419712.0
2009-04-14,2.099,2.131,2.09,2.121,130453752.0
2009-04-15,2.11,2.144,2.092,2.138,228141760.0
2009-04-16,2.144,2.17,2.115,2.145,272955520.0
2009-04-17,2.132,2.149,2.096,2.121,307893920.0
2009-04-20,2.1,2.167,2.1,2.16,156527424.0
2009-04-21,2.14,2.159,2.104,2.143,295399680.0
2009-04-22,2.151,2.172,2.061,2.063,264560224.0
2009-04-23,2.056,2.087,2.035,2.076,247569440.0
2009-04-24,2.081,2.093,2.052,2.053,133535048.0
2009-04-27,2.046,2.054,1.98,1.985,194699696.0
2009-04-28,1.967,1.999,1.967,1.995,68346208.0
2009-04-29,2.0,2.058,1.99,2.049,135684688.0
2009-04-30,2.056,2.078,2.051,2.06,130365120.0
2009-05-04,2.067,2.146,2.067,2.145,138708768.0
2009-05-05,2.154,2.167,2.14,2.159,184342560.0
2009-05-06,2.152,2.201,2.15,2.191,192578224.0
2009-05-07,2.203,2.223,2.158,2.192,263401536.0
2009-05-08,2.173,2.211,2.154,2.198,210016608.0
2009-05-11,2.208,2.223,2.145,2.148,139909888.0
2009-05-12,2.132,2.204,2.13,2.202,174909856.0
2009-05-13,2.205,2.23,2.191,2.218,170461152.0
2009-05-14,2.2,2.211,2.172,2.203,165019392.0
2009-05-15,2.203,2.218,2.182,2.2,77007784.0
2009-05-18,2.198,2.222,2.161,2.216,64668192.0
2009-05-19,2.23,2.247,2.223,2.236,79142688.0
2009-05-20,2.239,2.25,2.212,2.214,64091136.0
2009-05-21,2.202,2.22,2.165,2.171,116457784.0
2009-05-22,2.165,2.183,2.151,2.162,52859340.0
2009-05-25,2.133,2.172,2.104,2.164,127032664.0
2009-05-26,2.164,2.171,2.131,2.137,48149868.0
2009-05-27,2.146,2.165,2.136,2.159,68613480.0
2009-06-01,2.181,2.224,2.177,2.221,72206960.0
2009-06-02,2.228,2.242,2.219,2.227,59319656.0
2009-06-03,2.22,2.268,2.22,2.266,67418608.0
2009-06-04,2.255,2.295,2.247,2.288,75860416.0
2009-06-05,2.292,2.299,2.26,2.263,110419944.0
2009-06-08,2.26,2.267,2.228,2.248,154072496.0
2009-06-09,2.244,2.253,2.205,2.249,101153672.0
2009-06-10,2.255,2.295,2.25,2.284,186668000.0
2009-06-11,2.285,2.296,2.255,2.27,161506560.0
2009-06-12,2.254,2.265,2.194,2.207,206868096.0
2009-06-15,2.215,2.234,2.195,2.232,92724664.0
2009-06-16,2.228,2.246,2.213,2.233,94004320.0
2009-06-17,2.233,2.274,2.218,2.268,72564080.0
2009-06-18,2.27,2.294,2.269,2.292,82936408.0
2009-06-19,2.292,2.305,2.272,2.298,140682880.0
2009-06-22,2.317,2.337,2.304,2.31,112922664.0
2009-06-23,2.288,2.35,2.275,2.322,87114136.0
2009-06-24,2.32,2.377,2.31,2.373,95242936.0
2009-06-25,2.379,2.392,2.361,2.368,137309360.0
2009-06-26,2.372,2.381,2.359,2.365,76142856.0
2009-06-29,2.36,2.391,2.348,2.39,49042688.0
2009-06-30,2.401,2.406,2.361,2.365,119097080.0
2009-07-01,2.36,2.411,2.355,2.409,90465680.0
2009-07-02,2.417,2.436,2.401,2.43,50238556.0
2009-07-03,2.42,2.47,2.412,2.457,86311976.0
2009-07-06,2.46,2.553,2.46,2.545,158846416.0
2009-07-07,2.541,2.578,2.519,2.529,131230376.0
2009-07-08,2.52,2.568,2.49,2.548,178094960.0
2009-07-09,2.549,2.605,2.545,2.604,125878608.0
2009-07-10,2.605,2.617,2.58,2.597,114273680.0
2009-07-13,2.577,2.597,2.558,2.559,46775992.0
2009-07-14,2.567,2.647,2.567,2.645,92809440.0
2009-07-15,2.66,2.729,2.658,2.712,79890192.0
2009-07-16,2.736,2.746,2.695,2.696,149368512.0
2009-07-17,2.7,2.724,2.689,2.713,114940816.0
2009-07-20,2.722,2.8,2.722,2.783,108206568.0
2009-07-21,2.791,2.797,2.725,2.73,143240240.0
2009-07-22,2.72,2.818,2.72,2.806,126591256.0
2009-07-23,2.81,2.827,2.8,2.824,77625456.0
2009-07-24,2.838,2.852,2.773,2.845,146381840.0
2009-07-27,2.845,2.91,2.845,2.908,103978792.0
2009-07-28,2.908,2.969,2.898,2.964,159824224.0
2009-07-29,2.965,2.99,2.7,2.83,207030846.0
2009-07-30,2.836,2.898,2.79,2.873,305534240.0
2009-07-31,2.899,2.978,2.888,2.971,168218368.0
2009-08-03,2.984,3.08,2.982,3.079,183743552.0
2009-08-04,3.096,3.133,3.052,3.121,292981472.0
2009-08-05,3.122,3.122,3.014,3.07,335692640.0
2009-08-06,3.05,3.05,2.948,2.969,265813248.0
2009-08-07,2.969,3.019,2.838,2.849,350688192.0
2009-08-10,2.89,2.91,2.809,2.877,199486048.0
2009-08-11,2.895,2.898,2.838,2.887,218688528.0
2009-08-12,2.878,2.878,2.727,2.736,241344896.0
2009-08-13,2.736,2.77,2.672,2.752,249644128.0
2009-08-14,2.742,2.763,2.66,2.665,207738064.0
2009-08-17,2.645,2.645,2.47,2.48,281955584.0
2009-08-18,2.469,2.565,2.45,2.552,261053904.0
2009-08-19,2.553,2.555,2.38,2.395,231635424.0
2009-08-20,2.4,2.504,2.4,2.503,192196880.0
2009-08-21,2.5,2.577,2.461,2.566,290816032.0
2009-08-24,2.58,2.605,2.551,2.587,181122672.0
2009-08-25,2.575,2.577,2.431,2.512,289363008.0
2009-08-26,2.47,2.593,2.47,2.58,129862576.0
2009-08-27,2.551,2.596,2.5,2.55,197273456.0
2009-08-28,2.545,2.561,2.443,2.47,181496880.0
2009-08-31,2.415,2.42,2.234,2.25,285133728.0
2009-09-01,2.25,2.316,2.228,2.259,201298704.0
2009-09-02,2.248,2.307,2.241,2.289,119365856.0
2009-09-03,2.291,2.449,2.289,2.435,160752912.0
2009-09-04,2.432,2.46,2.41,2.447,156991552.0
2009-09-07,2.46,2.494,2.432,2.449,145120944.0
2009-09-08,2.434,2.501,2.399,2.5,168076064.0
2009-09-09,2.52,2.546,2.475,2.538,316151680.0
2009-09-10,2.53,2.54,2.493,2.501,196191888.0
2009-09-11,2.5,2.561,2.49,2.545,170168288.0
2009-09-14,2.56,2.6,2.542,2.587,227106272.0
2009-09-15,2.598,2.626,2.56,2.599,188492480.0
2009-09-16,2.59,2.594,2.525,2.557,149001504.0
2009-09-17,2.562,2.615,2.562,2.613,156728816.0
2009-09-18,2.621,2.625,2.498,2.522,186879344.0
2009-09-21,2.482,2.523,2.442,2.519,111405120.0
2009-09-22,2.529,2.539,2.4,2.438,155140336.0
2009-09-23,2.431,2.469,2.381,2.386,123939432.0
2009-09-24,2.377,2.414,2.322,2.39,125391816.0
2009-09-25,2.38,2.395,2.351,2.375,105961824.0
2009-09-28,2.377,2.398,2.285,2.295,84073648.0
2009-09-29,2.301,2.315,2.253,2.291,107407680.0
2009-09-30,2.304,2.345,2.3,2.312,60737072.0
2009-10-09,2.361,2.435,2.361,2.434,81601824.0
2009-10-12,2.433,2.442,2.406,2.419,64844776.0
2009-10-13,2.418,2.475,2.409,2.469,98251280.0
2009-10-14,2.479,2.531,2.473,2.497,206345072.0
2009-10-15,2.52,2.54,2.497,2.514,134575888.0
2009-10-16,2.519,2.53,2.467,2.516,169852336.0
2009-10-19,2.515,2.584,2.5,2.581,242711408.0
2009-10-20,2.593,2.65,2.58,2.604,183688144.0
2009-10-21,2.6,2.615,2.584,2.592,186125024.0
2009-10-22,2.575,2.575,2.538,2.548,136809632.0
2009-10-23,2.552,2.609,2.551,2.585,149626576.0
2009-10-26,2.58,2.601,2.57,2.596,118467496.0
2009-10-27,2.57,2.582,2.521,2.527,124412832.0
2009-10-28,2.52,2.537,2.478,2.535,127880536.0
2009-10-29,2.491,2.515,2.472,2.481,109175280.0
2009-10-30,2.512,2.54,2.5,2.501,105792776.0
2009-11-02,2.436,2.575,2.436,2.574,106296400.0
2009-11-03,2.576,2.62,2.568,2.612,125524208.0
2009-11-04,2.616,2.648,2.602,2.633,139323856.0
2009-11-05,2.63,2.663,2.627,2.66,98072520.0
2009-11-06,2.676,2.703,2.676,2.689,177325504.0
2009-11-09,2.689,2.713,2.674,2.707,97100896.0
2009-11-10,2.728,2.735,2.707,2.709,102692944.0
2009-11-11,2.7,2.711,2.675,2.692,64310156.0
2009-11-12,2.696,2.726,2.689,2.698,54590336.0
2009-11-13,2.689,2.704,2.641,2.703,101204240.0
2009-11-16,2.714,2.796,2.714,2.788,99624096.0
2009-11-17,2.8,2.808,2.778,2.78,105663928.0
2009-11-18,2.796,2.804,2.776,2.79,61791580.0
2009-11-19,2.794,2.818,2.776,2.815,159603232.0
2009-11-20,2.805,2.82,2.783,2.796,103094048.0
2009-11-23,2.8,2.839,2.8,2.838,76947144.0
2009-11-24,2.846,2.895,2.75,2.76,182601184.0
2009-11-25,2.755,2.843,2.731,2.839,192995744.0
2009-11-26,2.85,2.863,2.711,2.719,219079744.0
2009-11-27,2.699,2.718,2.63,2.639,194838912.0
2009-11-30,2.66,2.748,2.66,2.744,120658552.0
2009-12-01,2.733,2.798,2.725,2.797,164142064.0
2009-12-02,2.814,2.828,2.792,2.815,105648024.0
2009-12-03,2.81,2.84,2.793,2.834,111793928.0
2009-12-04,2.824,2.864,2.773,2.861,123806912.0
2009-12-07,2.86,2.88,2.85,2.877,83892880.0
2009-12-08,2.88,2.883,2.814,2.855,136382608.0
2009-12-09,2.819,2.845,2.792,2.803,124156536.0
2009-12-10,2.82,2.844,2.783,2.81,95356632.0
2009-12-11,2.819,2.84,2.797,2.8,75547808.0
2009-12-14,2.79,2.849,2.743,2.832,116053528.0
2009-12-15,2.824,2.856,2.785,2.83,99072808.0
2009-12-16,2.825,2.854,2.8,2.803,74099000.0
2009-12-17,2.809,2.82,2.73,2.732,87254616.0
2009-12-18,2.715,2.732,2.672,2.685,103953144.0
2009-12-21,2.674,2.696,2.65,2.687,61608944.0
2009-12-22,2.685,2.697,2.611,2.62,56208700.0
2009-12-23,2.617,2.648,2.605,2.645,72122888.0
2009-12-24,2.645,2.74,2.64,2.725,106283680.0
2009-12-25,2.72,2.727,2.699,2.715,51427728.0
2009-12-28,2.723,2.776,2.718,2.766,40723512.0
2009-12-29,2.77,2.77,2.728,2.767,71272496.0
2009-12-30,2.768,2.813,2.761,2.806,326759424.0
2009-12-31,2.809,2.825,2.795,2.818,59553832.0
2010-01-04,2.822,2.832,2.775,2.777,53164968.0
2010-01-05,2.78,2.822,2.755,2.813,68140920.0
2010-01-06,2.813,2.845,2.792,2.808,69182527.0
2010-01-07,2.798,2.812,2.718,2.738,120775344.0
2010-01-08,2.721,2.744,2.699,2.739,83522064.0
2010-01-11,2.835,2.845,2.721,2.741,139225056.0
2010-01-12,2.735,2.784,2.7,2.782,88010674.0
2010-01-13,2.721,2.737,2.666,2.674,128578072.0
2010-01-14,2.687,2.72,2.67,2.71,115097760.0
2010-01-15,2.714,2.736,2.693,2.718,46517492.0
2010-01-18,2.71,2.73,2.7,2.727,66993120.0
2010-01-19,2.736,2.76,2.73,2.732,77476976.0
2010-01-20,2.733,2.75,2.64,2.65,105980032.0
2010-01-21,2.653,2.67,2.638,2.655,112426624.0
2010-01-22,2.625,2.668,2.585,2.654,97439280.0
2010-01-25,2.628,2.654,2.6,2.608,175498496.0
2010-01-26,2.608,2.62,2.535,2.542,102096632.0
2010-01-27,2.545,2.554,2.495,2.507,53429420.0
2010-01-28,2.511,2.518,2.483,2.492,133537176.0
2010-01-29,2.49,2.523,2.478,2.49,62634120.0
2010-02-01,2.486,2.494,2.428,2.449,54271304.0
2010-02-02,2.45,2.493,2.443,2.447,25684508.0
2010-02-03,2.455,2.524,2.418,2.516,66720916.0
2010-02-04,2.495,2.521,2.482,2.504,22887292.0
2010-02-05,2.45,2.465,2.437,2.449,26964516.0
2010-02-08,2.443,2.462,2.436,2.451,15343683.0
2010-02-09,2.449,2.475,2.44,2.464,12396203.0
2010-02-10,2.476,2.495,2.47,2.491,11993132.0
2010-02-11,2.491,2.503,2.48,2.493,24655696.0
2010-02-12,2.496,2.521,2.496,2.519,12351673.0
2010-02-22,2.521,2.532,2.51,2.511,33048152.0
2010-02-23,2.505,2.505,2.465,2.489,13059143.0
2010-02-24,2.474,2.526,2.462,2.522,25447720.0
2010-02-25,2.53,2.556,2.526,2.555,31488976.0
2010-02-26,2.541,2.561,2.532,2.536,25820846.0
2010-03-01,2.537,2.578,2.537,2.571,29118192.0
2010-03-02,2.576,2.587,2.548,2.556,20979820.0
2010-03-03,2.553,2.575,2.546,2.571,30562532.0
2010-03-04,2.566,2.58,2.51,2.513,42450260.0
2010-03-05,2.515,2.534,2.51,2.52,35880044.0
2010-03-08,2.52,2.555,2.519,2.545,29595728.0
2010-03-09,2.537,2.578,2.524,2.558,48177996.0
2010-03-10,2.558,2.577,2.537,2.545,36761536.0
2010-03-11,2.542,2.564,2.527,2.552,23368832.0
2010-03-12,2.55,2.556,2.511,2.513,27505456.0
2010-03-15,2.51,2.513,2.469,2.485,29055608.0
2010-03-16,2.485,2.489,2.467,2.487,14534595.0
2010-03-17,2.494,2.53,2.488,2.53,22033268.0
2010-03-18,2.535,2.537,2.51,2.526,13928107.0
2010-03-19,2.526,2.54,2.506,2.539,24053266.0
2010-03-22,2.539,2.551,2.526,2.544,22042584.0
2010-03-23,2.54,2.554,2.525,2.526,25541188.0
2010-03-24,2.527,2.545,2.522,2.529,16772046.0
2010-03-25,2.523,2.524,2.496,2.502,12194931.0
2010-03-26,2.497,2.56,2.496,2.543,33815472.0
2010-03-29,2.55,2.607,2.55,2.603,54678916.0
2010-03-30,2.602,2.605,2.587,2.604,31034880.0
2010-03-31,2.602,2.602,2.575,2.582,14693279.0
2010-04-01,2.581,2.616,2.581,2.612,26480294.0
2010-04-02,2.615,2.63,2.611,2.625,15036456.0
2010-04-06,2.622,2.655,2.622,2.633,25478148.0
2010-04-07,2.63,2.636,2.603,2.617,23347668.0
2010-04-08,2.614,2.615,2.58,2.583,16844842.0
2010-04-09,2.582,2.605,2.58,2.601,24741040.0
2010-04-12,2.61,2.61,2.564,2.569,15563393.0
2010-04-13,2.569,2.617,2.566,2.612,43746388.0
2010-04-14,2.612,2.619,2.603,2.612,33739412.0
2010-04-15,2.617,2.63,2.599,2.612,35330716.0
2010-04-16,2.61,2.61,2.575,2.577,23928226.0
2010-04-19,2.553,2.558,2.443,2.453,49403736.0
2010-04-20,2.453,2.464,2.428,2.446,47546320.0
2010-04-21,2.447,2.486,2.433,2.486,24467576.0
2010-04-22,2.471,2.471,2.425,2.431,31923240.0
2010-04-23,2.43,2.455,2.412,2.419,29622200.0
2010-04-26,2.42,2.431,2.397,2.397,14131367.0
2010-04-27,2.396,2.396,2.332,2.349,41138896.0
2010-04-28,2.34,2.367,2.32,2.352,52471048.0
2010-04-29,2.357,2.38,2.338,2.338,23207314.0
2010-04-30,2.333,2.379,2.308,2.357,30415136.0
2010-05-04,2.317,2.337,2.309,2.323,28778946.0
2010-05-05,2.316,2.338,2.278,2.337,21858420.0
2010-05-06,2.311,2.325,2.228,2.232,52206164.0
2010-05-07,2.12,2.224,2.12,2.201,35113128.0
2010-05-10,2.201,2.223,2.175,2.213,22572240.0
2010-05-11,2.263,2.265,2.17,2.185,39960496.0
2010-05-12,2.16,2.216,2.151,2.215,10352765.0
2010-05-13,2.209,2.26,2.191,2.259,13561768.0
2010-05-14,2.245,2.25,2.23,2.237,7539880.0
2010-05-17,2.216,2.216,2.135,2.142,16592361.0
2010-05-18,2.154,2.188,2.13,2.185,19112092.0
2010-05-19,2.174,2.2,2.138,2.159,8298881.0
2010-05-20,2.15,2.19,2.145,2.148,6709893.0
2010-05-21,2.116,2.174,2.075,2.171,24901488.0
2010-05-24,2.176,2.25,2.176,2.245,14711792.0
2010-05-25,2.226,2.229,2.183,2.194,11275109.0
2010-05-26,2.196,2.209,2.18,2.184,6492344.0
2010-05-27,2.184,2.229,2.157,2.222,14959148.0
2010-05-28,2.235,2.25,2.203,2.217,8742845.0
2010-05-31,2.2,2.224,2.16,2.162,7515352.0
2010-06-01,2.154,2.189,2.123,2.14,20648828.0
2010-06-02,2.14,2.141,2.11,2.138,11103931.0
2010-06-03,2.131,2.175,2.131,2.137,88489168.0
2010-06-04,2.135,2.137,2.115,2.136,4454980.0
2010-06-07,2.115,2.115,2.077,2.081,10687133.0
2010-06-08,2.078,2.1,2.075,2.086,10764179.0
2010-06-09,2.099,2.152,2.08,2.145,26520286.0
2010-06-10,2.137,2.14,2.12,2.125,4789655.0
2010-06-11,2.137,2.143,2.131,2.139,6267163.0
2010-06-17,2.146,2.15,2.12,2.122,6235887.0
2010-06-18,2.111,2.128,2.094,2.1,5078397.0
2010-06-21,2.1,2.151,2.092,2.147,12531246.0
2010-06-22,2.143,2.151,2.133,2.143,8343166.0
2010-06-23,2.139,2.144,2.111,2.123,3639350.0
2010-06-24,2.13,2.15,2.112,2.131,4105709.0
2010-06-25,2.125,2.144,2.109,2.117,5559668.0
2010-06-28,2.109,2.123,2.104,2.11,3817048.0
2010-06-29,2.115,2.117,2.01,2.021,11220842.0
2010-06-30,2.01,2.013,1.994,1.995,9128174.0
2010-07-01,1.983,2.005,1.968,1.97,4883833.0
2010-07-02,1.979,1.994,1.938,1.979,10965714.0
2010-07-05,1.968,1.999,1.939,1.961,8841257.0
2010-07-06,1.955,2.007,1.954,2.006,64715996.0
2010-07-07,2.008,2.008,1.972,2.006,12488158.0
2010-07-08,2.01,2.023,1.995,2.006,5364272.0
2010-07-09,2.009,2.066,1.991,2.06,8959741.0
2010-07-12,2.064,2.101,2.052,2.086,13118058.0
2010-07-13,2.084,2.084,2.044,2.054,6789790.0
2010-07-14,2.058,2.09,2.058,2.069,13772953.0
2010-07-15,2.059,2.079,2.011,2.012,5880793.0
2010-07-16,2.007,2.025,1.98,2.024,9009355.0
2010-07-19,2.01,2.08,2.002,2.069,30767144.0
2010-07-20,2.065,2.109,2.065,2.107,16642886.0
2010-07-21,2.1,2.125,2.097,2.109,21069396.0
2010-07-22,2.1,2.133,2.09,2.128,12149219.0
2010-07-23,2.128,2.149,2.122,2.139,25585822.0
2010-07-26,2.137,2.148,2.115,2.141,11802174.0
2010-07-27,2.138,2.143,2.124,2.133,6037422.0
2010-07-28,2.13,2.187,2.118,2.184,26490048.0
2010-07-29,2.183,2.212,2.18,2.2,23404194.0
2010-07-30,2.199,2.199,2.166,2.187,18247238.0
2010-08-02,2.188,2.239,2.176,2.225,31316372.0
2010-08-03,2.228,2.23,2.188,2.19,18702248.0
2010-08-04,2.184,2.215,2.152,2.201,29612300.0
2010-08-05,2.198,2.198,2.151,2.164,13474854.0
2010-08-06,2.159,2.201,2.141,2.2,36574996.0
2010-08-09,2.205,2.209,2.185,2.202,20086728.0
2010-08-10,2.202,2.212,2.143,2.144,20094048.0
2010-08-11,2.14,2.161,2.14,2.149,12554055.0
2010-08-12,2.136,2.149,2.121,2.123,7227199.0
2010-08-13,2.123,2.155,2.118,2.149,7402694.0
2010-08-16,2.15,2.202,2.138,2.197,12553476.0
2010-08-17,2.202,2.209,2.188,2.2,8201763.0
2010-08-18,2.199,2.211,2.186,2.191,12974236.0
2010-08-19,2.193,2.215,2.184,2.202,8479533.0
2010-08-20,2.188,2.204,2.165,2.176,34164712.0
2010-08-23,2.158,2.179,2.15,2.155,22678632.0
2010-08-24,2.155,2.185,2.138,2.163,16914582.0
2010-08-25,2.158,2.162,2.108,2.112,8797883.0
2010-08-26,2.113,2.132,2.113,2.115,5945399.0
2010-08-27,2.114,2.127,2.101,2.124,4461086.0
2010-08-30,2.134,2.162,2.134,2.155,12765001.0
2010-08-31,2.15,2.152,2.132,2.137,6395080.0
2010-09-01,2.139,2.174,2.126,2.134,15785043.0
2010-09-02,2.158,2.158,2.141,2.156,15647526.0
2010-09-03,2.151,2.157,2.133,2.144,9345008.0
2010-09-06,2.156,2.199,2.15,2.194,18647430.0
2010-09-07,2.199,2.204,2.181,2.191,9044573.0
2010-09-08,2.181,2.186,2.17,2.183,7262467.0
2010-09-09,2.185,2.185,2.145,2.154,10648646.0
2010-09-10,2.155,2.17,2.127,2.147,6517595.0
2010-09-13,2.146,2.168,2.139,2.164,8345734.0
2010-09-14,2.164,2.175,2.15,2.158,8984861.0
2010-09-15,2.156,2.158,2.131,2.133,3824827.0
2010-09-16,2.129,2.139,2.072,2.082,8497632.0
2010-09-17,2.09,2.097,2.076,2.078,3153463.0
2010-09-20,2.085,2.093,2.071,2.081,4409644.0
2010-09-21,2.089,2.09,2.076,2.082,2705771.0
2010-09-27,2.083,2.1,2.082,2.1,3982055.0
2010-09-28,2.1,2.1,2.076,2.079,1656828.0
2010-09-29,2.08,2.102,2.079,2.084,3605537.0
2010-09-30,2.079,2.13,2.075,2.121,6884454.0
2010-10-08,2.14,2.196,2.131,2.186,10905850.0
2010-10-11,2.19,2.265,2.19,2.25,23239536.0
2010-10-12,2.248,2.28,2.232,2.273,16077043.0
2010-10-13,2.274,2.296,2.26,2.29,12141761.0
2010-10-14,2.303,2.343,2.302,2.322,19508060.0
2010-10-15,2.303,2.416,2.3,2.415,32683278.0
2010-10-18,2.429,2.48,2.4,2.41,87402728.0
2010-10-19,2.41,2.445,2.39,2.445,20387948.0
2010-10-20,2.41,2.475,2.398,2.45,77359064.0
2010-10-21,2.453,2.465,2.408,2.422,51231984.0
2010-10-22,2.4,2.419,2.388,2.396,13921724.0
2010-10-25,2.394,2.452,2.39,2.451,31763808.0
2010-10-26,2.452,2.465,2.419,2.431,14565755.0
2010-10-27,2.419,2.453,2.411,2.417,30495140.0
2010-10-28,2.407,2.428,2.4,2.417,15229484.0
2010-10-29,2.418,2.425,2.375,2.381,34481024.0
2010-11-01,2.382,2.451,2.382,2.449,40270028.0
2010-11-02,2.445,2.472,2.38,2.436,37476072.0
2010-11-03,2.43,2.45,2.416,2.419,50121764.0
2010-11-04,2.419,2.46,2.419,2.453,23368468.0
2010-11-05,2.48,2.496,2.461,2.478,22289100.0
2010-11-08,2.485,2.514,2.475,2.508,10075955.0
2010-11-09,2.509,2.509,2.473,2.484,16246336.0
2010-11-10,2.477,2.478,2.446,2.457,27953816.0
2010-11-11,2.454,2.507,2.451,2.471,31839020.0
2010-11-12,2.469,2.474,2.348,2.353,37842108.0
2010-11-15,2.366,2.37,2.309,2.366,48478944.0
2010-11-16,2.361,2.361,2.265,2.269,12280402.0
2010-11-17,2.258,2.269,2.228,2.232,27376302.0
2010-11-18,2.247,2.263,2.23,2.254,8649569.0
2010-11-19,2.267,2.275,2.203,2.274,9146807.0
2010-11-22,2.257,2.273,2.233,2.247,28505392.0
2010-11-23,2.24,2.24,2.186,2.217,29461988.0
2010-11-24,2.195,2.233,2.195,2.225,10469769.0
2010-11-25,2.229,2.254,2.222,2.25,9309481.0
2010-11-26,2.246,2.259,2.228,2.24,29449816.0
2010-11-29,2.23,2.234,2.211,2.22,2394180.0
2010-11-30,2.22,2.237,2.153,2.194,46922552.0
2010-12-01,2.193,2.209,2.171,2.2,4326572.0
2010-12-02,2.227,2.249,2.213,2.213,27081792.0
2010-12-03,2.214,2.218,2.196,2.209,3895709.0
2010-12-06,2.212,2.225,2.201,2.216,5571134.0
2010-12-07,2.201,2.236,2.18,2.229,5626881.0
2010-12-08,2.235,2.235,2.202,2.205,13099341.0
2010-12-09,2.21,2.21,2.18,2.181,5072688.0
2010-12-10,2.172,2.204,2.168,2.192,12081290.0
2010-12-13,2.191,2.26,2.191,2.258,27057640.0
2010-12-14,2.263,2.273,2.251,2.258,26276876.0
2010-12-15,2.256,2.274,2.248,2.252,30190780.0
2010-12-16,2.25,2.259,2.246,2.25,24644546.0
2010-12-17,2.24,2.251,2.238,2.245,1905126.0
2010-12-20,2.252,2.26,2.177,2.204,7173164.0
2010-12-21,2.216,2.262,2.201,2.253,4706119.0
2010-12-22,2.244,2.263,2.226,2.234,2135028.0
2010-12-23,2.237,2.26,2.227,2.237,3623567.0
2010-12-24,2.228,2.228,2.205,2.214,2584611.0
2010-12-27,2.22,2.253,2.18,2.181,4279144.0
2010-12-28,2.165,2.188,2.15,2.154,8231619.0
2010-12-29,2.159,2.16,2.138,2.151,2561940.0
2010-12-30,2.151,2.164,2.135,2.154,27376156.0
2010-12-31,2.16,2.179,2.146,2.178,13264155.0
2011-01-04,2.182,2.235,2.182,2.22,4013813.0
2011-01-05,2.208,2.224,2.198,2.22,23318194.0
2011-01-06,2.22,2.225,2.205,2.206,1487420.0
2011-01-07,2.201,2.245,2.193,2.222,6140966.0
2011-01-10,2.208,2.229,2.184,2.192,26574136.0
2011-01-11,2.188,2.212,2.183,2.21,4345967.0
2011-01-12,2.215,2.23,2.201,2.22,2174463.0
2011-01-13,2.228,2.236,2.216,2.221,2404627.0
2011-01-14,2.224,2.224,2.193,2.203,2621183.0
2011-01-17,2.202,2.202,2.133,2.14,31902632.0
2011-01-18,2.139,2.14,2.123,2.131,2997531.0
2011-01-19,2.133,2.175,2.124,2.169,3046061.0
2011-01-20,2.165,2.168,2.109,2.11,4302946.0
2011-01-21,2.111,2.163,2.108,2.136,3161237.0
2011-01-24,2.138,2.146,2.118,2.127,2292563.0
2011-01-25,2.127,2.134,2.113,2.12,2017711.0
2011-01-26,2.12,2.134,2.12,2.128,1779403.0
2011-01-27,2.12,2.17,2.11,2.163,3385078.0
2011-01-28,2.16,2.172,2.151,2.169,2260738.0
2011-01-31,2.168,2.187,2.165,2.186,1165725.0
2011-02-01,2.19,2.195,2.182,2.191,2043036.0
2011-02-09,2.183,2.198,2.169,2.17,2439088.0
2011-02-10,2.17,2.2,2.155,2.198,5463496.0
2011-02-11,2.197,2.204,2.185,2.2,2062862.0
2011-02-14,2.2,2.292,2.2,2.283,34471028.0
2011-02-15,2.284,2.305,2.278,2.278,29873976.0
2011-02-16,2.275,2.294,2.268,2.292,6531857.0
2011-02-17,2.293,2.305,2.277,2.288,3604646.0
2011-02-18,2.284,2.288,2.263,2.27,10001987.0
2011-02-21,2.265,2.305,2.259,2.305,6791504.0
2011-02-22,2.304,2.31,2.24,2.243,26142496.0
2011-02-23,2.239,2.246,2.234,2.243,3267664.0
2011-02-24,2.244,2.266,2.236,2.257,2857579.0
2011-02-25,2.261,2.275,2.24,2.264,2485057.0
2011-02-28,2.266,2.288,2.25,2.285,3829200.0
2011-03-01,2.281,2.31,2.28,2.295,11677922.0
2011-03-02,2.286,2.297,2.273,2.281,4841966.0
2011-03-03,2.28,2.313,2.28,2.29,10949357.0
2011-03-04,2.29,2.328,2.287,2.323,26829926.0
2011-03-07,2.324,2.384,2.324,2.383,12233622.0
2011-03-08,2.382,2.388,2.37,2.38,14977608.0
2011-03-09,2.38,2.388,2.368,2.369,19583580.0
2011-03-10,2.367,2.367,2.327,2.33,8552730.0
2011-03-11,2.327,2.336,2.306,2.308,12976594.0
2011-03-14,2.301,2.317,2.296,2.31,2857250.0
2011-03-15,2.312,2.312,2.24,2.27,17787204.0
2011-03-16,2.27,2.309,2.27,2.302,4704087.0
2011-03-17,2.285,2.309,2.271,2.28,7314041.0
2011-03-18,2.287,2.304,2.283,2.286,2692250.0
2011-03-21,2.287,2.296,2.269,2.273,2829983.0
2011-03-22,2.275,2.296,2.264,2.29,22177772.0
2011-03-23,2.288,2.318,2.282,2.315,24221896.0
2011-03-24,2.315,2.322,2.31,2.315,1794369.0
2011-03-25,2.311,2.352,2.311,2.347,32959534.0
2011-03-28,2.351,2.36,2.338,2.339,7221607.0
2011-03-29,2.333,2.367,2.33,2.336,26386892.0
2011-03-30,2.331,2.34,2.318,2.33,44824840.0
2011-03-31,2.33,2.336,2.308,2.311,2449000.0
2011-04-01,2.319,2.347,2.312,2.345,23153048.0
2011-04-06,2.333,2.397,2.326,2.389,32937340.0
2011-04-07,2.387,2.397,2.378,2.387,13606817.0
2011-04-08,2.39,2.403,2.381,2.4,26772316.0
2011-04-11,2.401,2.43,2.397,2.399,30148710.0
2011-04-12,2.395,2.42,2.383,2.401,5295974.0
2011-04-13,2.39,2.418,2.383,2.416,2978728.0
2011-04-14,2.417,2.431,2.413,2.415,7237475.0
2011-04-15,2.407,2.432,2.402,2.423,2853676.0
2011-04-18,2.406,2.44,2.406,2.43,42218480.0
2011-04-19,2.42,2.42,2.373,2.38,46584520.0
2011-04-20,2.382,2.395,2.367,2.375,5958770.0
2011-04-21,2.382,2.405,2.382,2.398,5295261.0
2011-04-22,2.398,2.407,2.379,2.381,2488395.0
2011-04-25,2.38,2.38,2.342,2.342,12587036.0
2011-04-26,2.341,2.348,2.322,2.326,2878111.0
2011-04-27,2.342,2.346,2.312,2.322,2728427.0
2011-04-28,2.323,2.346,2.298,2.304,12539031.0
2011-04-29,2.304,2.322,2.285,2.322,18629406.0
2011-05-03,2.32,2.33,2.304,2.329,3615590.0
2011-05-04,2.326,2.326,2.27,2.274,10459841.0
2011-05-05,2.285,2.285,2.258,2.273,3825683.0
2011-05-06,2.265,2.283,2.253,2.27,9156164.0
2011-05-09,2.276,2.285,2.268,2.275,2381547.0
2011-05-10,2.275,2.288,2.272,2.288,7402796.0
2011-05-11,2.288,2.291,2.275,2.28,1866756.0
2011-05-12,2.275,2.275,2.256,2.258,1993369.0
2011-05-13,2.26,2.275,2.248,2.275,1993250.0
2011-05-16,2.274,2.274,2.248,2.249,2079289.0
2011-05-17,2.24,2.268,2.228,2.261,2710403.0
2011-05-18,2.262,2.278,2.25,2.271,1909944.0
2011-05-19,2.264,2.28,2.257,2.258,17576316.0
2011-05-20,2.251,2.265,2.251,2.252,4437890.0
2011-05-23,2.249,2.253,2.186,2.19,7954476.0
2011-05-24,2.188,2.188,2.173,2.18,3140601.0
2011-05-25,2.182,2.183,2.158,2.16,2078126.0
2011-05-26,2.165,2.179,2.163,2.167,9108807.0
2011-05-27,2.17,2.18,2.158,2.158,2338802.0
2011-05-30,2.158,2.172,2.146,2.161,2251066.0
2011-05-31,2.168,2.187,2.159,2.187,9304154.0
2011-06-01,2.187,2.187,2.175,2.181,1569679.0
2011-06-02,2.169,2.17,2.132,2.149,3162917.0
2011-06-03,2.142,2.167,2.142,2.165,3549731.0
2011-06-07,2.163,2.172,2.155,2.169,18174224.0
2011-06-08,2.169,2.169,2.148,2.167,1766871.0
2011-06-09,2.157,2.165,2.14,2.142,1692589.0
2011-06-10,2.14,2.155,2.13,2.149,4830995.0
2011-06-13,2.144,2.145,2.123,2.143,27390948.0
2011-06-14,2.143,2.167,2.131,2.156,2055777.0
2011-06-15,2.148,2.162,2.148,2.149,2198580.0
2011-06-16,2.139,2.139,2.118,2.125,3485773.0
2011-06-17,2.123,2.132,2.108,2.11,6683055.0
2011-06-20,2.108,2.11,2.096,2.103,1934275.0
2011-06-21,2.101,2.119,2.101,2.116,2339796.0
2011-06-22,2.117,2.123,2.11,2.117,1214961.0
2011-06-23,2.115,2.149,2.105,2.147,2501642.0
2011-06-24,2.145,2.213,2.138,2.204,6923322.0
2011-06-27,2.195,2.215,2.192,2.197,7628543.0
2011-06-28,2.2,2.203,2.181,2.198,1877790.0
2011-06-29,2.198,2.2,2.176,2.178,1962075.0
2011-06-30,2.176,2.207,2.176,2.195,1926307.0
2011-07-01,2.183,2.205,2.182,2.196,1956762.0
2011-07-04,2.205,2.246,2.2,2.239,4771001.0
2011-07-05,2.242,2.244,2.229,2.237,1985795.0
2011-07-06,2.237,2.239,2.213,2.228,1706287.0
2011-07-07,2.235,2.243,2.221,2.228,2354340.0
2011-07-08,2.221,2.232,2.216,2.226,1989014.0
2011-07-11,2.222,2.226,2.212,2.222,2860218.0
2011-07-12,2.218,2.218,2.18,2.182,2355471.0
2011-07-13,2.178,2.211,2.178,2.207,1567207.0
2011-07-14,2.205,2.22,2.203,2.215,1535544.0
2011-07-15,2.201,2.223,2.201,2.22,4324846.0
2011-07-18,2.221,2.226,2.211,2.217,3221782.0
2011-07-19,2.214,2.215,2.197,2.2,1679097.0
2011-07-20,2.205,2.215,2.19,2.193,2068416.0
2011-07-21,2.2,2.2,2.179,2.18,1881637.0
2011-07-22,2.18,2.19,2.176,2.177,1127226.0
2011-07-25,2.18,2.18,2.111,2.12,4309515.0
2011-07-26,2.12,2.126,2.108,2.116,1533518.0
2011-07-27,2.11,2.127,2.102,2.125,3844596.0
2011-07-28,2.115,2.117,2.098,2.112,11909894.0
2011-07-29,2.112,2.134,2.106,2.118,1699349.0
2011-08-01,2.115,2.132,2.108,2.125,1223975.0
2011-08-02,2.12,2.12,2.09,2.11,2174940.0
2011-08-03,2.108,2.113,2.093,2.103,1713797.0
2011-08-04,2.11,2.119,2.102,2.107,919128.0
2011-08-05,2.06,2.08,2.05,2.061,8931096.0
2011-08-08,2.058,2.058,1.966,1.988,4476943.0
2011-08-09,1.977,2.008,1.925,1.989,6588058.0
2011-08-10,2.003,2.028,2.003,2.007,2978385.0
2011-08-11,1.971,2.032,1.971,2.032,3714612.0
2011-08-12,2.034,2.05,2.033,2.038,1935462.0
2011-08-15,2.029,2.067,2.029,2.066,2272939.0
2011-08-16,2.066,2.075,2.054,2.057,1843106.0
2011-08-17,2.055,2.065,2.05,2.059,3891388.0
2011-08-18,2.057,2.057,2.03,2.034,1450699.0
2011-08-19,2.0,2.016,1.991,2.008,1789965.0
2011-08-22,2.01,2.021,1.989,1.995,1733904.0
2011-08-23,2.0,2.024,1.992,2.024,1807058.0
2011-08-24,2.028,2.037,2.014,2.017,2214130.0
2011-08-25,2.017,2.087,2.017,2.085,7614114.0
2011-08-26,2.08,2.082,2.065,2.079,1664887.0
2011-08-29,2.068,2.068,2.042,2.049,1391058.0
2011-08-30,2.061,2.081,2.045,2.047,3670083.0
2011-08-31,2.048,2.053,2.035,2.047,1685421.0
2011-09-01,2.055,2.063,2.04,2.041,1567999.0
2011-09-02,2.041,2.043,2.016,2.019,3917449.0
2011-09-05,2.015,2.016,1.979,1.98,9403753.0
2011-09-06,1.97,1.98,1.964,1.966,5833105.0
2011-09-07,1.98,2.01,1.973,2.01,2353212.0
2011-09-08,2.018,2.018,2.0,2.0,1286448.0
2011-09-09,2.008,2.03,1.995,2.003,16293642.0
2011-09-13,1.996,1.998,1.977,1.994,3370300.0
2011-09-14,1.999,2.003,1.972,2.0,2716098.0
2011-09-15,2.007,2.012,1.997,1.999,1193797.0
2011-09-16,2.0,2.011,1.995,1.999,1005856.0
2011-09-19,1.99,2.019,1.967,1.968,9671155.0
2011-09-20,1.967,1.984,1.96,1.979,2515211.0
2011-09-21,1.979,2.03,1.971,2.028,3211929.0
2011-09-22,2.018,2.018,1.97,1.971,2609100.0
2011-09-23,1.961,1.985,1.945,1.965,2710490.0
2011-09-26,1.965,1.97,1.93,1.936,2894852.0
2011-09-27,1.948,1.961,1.941,1.951,1951669.0
2011-09-28,1.96,1.968,1.937,1.946,1717463.0
2011-09-29,1.943,1.946,1.92,1.936,2409442.0
2011-09-30,1.932,1.944,1.928,1.937,2089718.0
2011-10-10,1.937,1.945,1.919,1.927,9412200.0
2011-10-11,1.96,1.98,1.904,1.915,3123550.0
2011-10-12,1.91,1.97,1.9,1.968,4511436.0
2011-10-13,1.964,1.978,1.96,1.973,2129395.0
2011-10-14,1.966,1.978,1.956,1.973,2678601.0
2011-10-17,1.977,1.988,1.971,1.974,2502911.0
2011-10-18,1.973,1.973,1.93,1.932,2834800.0
2011-10-19,1.933,1.945,1.931,1.937,1179388.0
2011-10-20,1.935,1.935,1.885,1.892,7137830.0
2011-10-21,1.887,1.908,1.887,1.902,1795710.0
2011-10-24,1.882,1.905,1.86,1.9,9978161.0
2011-10-25,1.901,1.935,1.894,1.934,3781232.0
2011-10-26,1.92,1.959,1.915,1.941,3987552.0
2011-10-27,1.948,1.959,1.94,1.948,2861826.0
2011-10-28,1.958,1.988,1.958,1.976,27458362.0
2011-10-31,1.976,1.976,1.957,1.964,1999099.0
2011-11-01,1.956,1.985,1.953,1.965,4910708.0
2011-11-02,1.955,1.994,1.945,1.991,3619343.0
2011-11-03,2.0,2.016,1.995,1.996,4249277.0
2011-11-04,2.0,2.015,1.996,2.003,5580119.0
2011-11-07,1.998,2.008,1.991,1.992,3212056.0
2011-11-08,1.992,2.011,1.992,1.998,2661602.0
2011-11-09,2.003,2.011,1.99,2.009,2073401.0
2011-11-10,1.996,1.997,1.978,1.978,3247700.0
2011-11-11,1.98,1.987,1.971,1.973,2030016.0
2011-11-14,1.989,2.011,1.987,2.011,4450506.0
2011-11-15,2.006,2.009,2.001,2.003,1724021.0
2011-11-16,2.001,2.011,1.95,1.953,4827102.0
2011-11-17,1.953,1.974,1.952,1.956,1729908.0
2011-11-18,1.935,1.97,1.915,1.92,6825502.0
2011-11-21,1.918,1.927,1.91,1.92,2705081.0
2011-11-22,1.915,1.92,1.903,1.917,3114679.0
2011-11-23,1.911,1.927,1.897,1.902,2875300.0
2011-11-24,1.901,1.91,1.885,1.896,2025676.0
2011-11-25,1.9,1.908,1.88,1.891,18282322.0
2011-11-28,1.891,1.909,1.883,1.895,27076100.0
2011-11-29,1.907,1.922,1.897,1.92,6261000.0
2011-11-30,1.919,1.919,1.85,1.86,11588700.0
2011-12-01,1.91,1.925,1.89,1.896,17388550.0
2011-12-02,1.891,1.894,1.866,1.876,9647810.0
2011-12-05,1.871,1.871,1.858,1.858,11300345.0
2011-12-06,1.86,1.866,1.851,1.865,12412200.0
2011-12-07,1.864,1.872,1.851,1.865,15794802.0
2011-12-08,1.861,1.878,1.847,1.865,14424284.0
2011-12-09,1.863,1.865,1.851,1.858,13803484.0
2011-12-12,1.852,1.858,1.842,1.843,15333026.0
2011-12-13,1.84,1.843,1.817,1.819,18596066.0
2011-12-14,1.813,1.827,1.801,1.808,8211761.0
2011-12-15,1.806,1.806,1.776,1.776,3447367.0
2011-12-16,1.778,1.804,1.759,1.802,4426951.0
2011-12-19,1.798,1.798,1.754,1.79,10603545.0
2011-12-20,1.781,1.805,1.78,1.785,4303963.0
2011-12-21,1.798,1.8,1.762,1.762,2161555.0
2011-12-22,1.759,1.779,1.74,1.765,4932326.0
2011-12-23,1.765,1.787,1.765,1.779,1738000.0
2011-12-26,1.778,1.788,1.767,1.768,3319956.0
2011-12-27,1.773,1.775,1.758,1.762,3869179.0
2011-12-28,1.756,1.76,1.74,1.76,1701278.0
2011-12-29,1.753,1.766,1.753,1.763,1425061.0
2011-12-30,1.763,1.785,1.763,1.776,2858859.0
2012-01-04,1.787,1.793,1.758,1.758,3160200.0
2012-01-05,1.741,1.779,1.741,1.752,7989700.0
2012-01-06,1.745,1.767,1.745,1.765,6420546.0
2012-01-09,1.776,1.815,1.757,1.815,9554662.0
2012-01-10,1.81,1.861,1.802,1.86,9071103.0
2012-01-11,1.875,1.875,1.843,1.847,13951303.0
2012-01-12,1.838,1.863,1.835,1.853,6039192.0
2012-01-13,1.847,1.854,1.821,1.832,2166070.0
2012-01-16,1.839,1.839,1.814,1.815,1440601.0
2012-01-17,1.816,1.886,1.802,1.886,6420608.0
2012-01-18,1.887,1.894,1.857,1.861,4613168.0
2012-01-19,1.858,1.902,1.858,1.893,3739261.0
2012-01-20,1.9,1.92,1.886,1.914,6438355.0
2012-01-30,1.92,1.92,1.88,1.881,16988040.0
2012-01-31,1.885,1.886,1.873,1.884,2509677.0
2012-02-01,1.87,1.887,1.858,1.86,2646066.0
2012-02-02,1.858,1.898,1.858,1.895,2894710.0
2012-02-03,1.895,1.917,1.88,1.908,19622372.0
2012-02-06,1.909,1.919,1.898,1.906,26906128.0
2012-02-07,1.9,1.9,1.863,1.875,3216151.0
2012-02-08,1.873,1.926,1.87,1.917,8758542.0
2012-02-09,1.91,1.923,1.903,1.917,3846559.0
2012-02-10,1.917,1.932,1.904,1.91,5545687.0
2012-02-13,1.907,1.918,1.892,1.903,3194600.0
2012-02-14,1.903,1.904,1.888,1.9,2483740.0
2012-02-15,1.902,1.924,1.888,1.91,11084231.0
2012-02-16,1.912,1.919,1.898,1.91,5142941.0
2012-02-17,1.913,1.92,1.903,1.911,2686036.0
2012-02-20,1.924,1.933,1.909,1.909,8320207.0
2012-02-21,1.909,1.923,1.9,1.922,8974218.0
2012-02-22,1.919,1.942,1.917,1.941,5284203.0
2012-02-23,1.942,1.952,1.938,1.942,5313123.0
2012-02-24,1.945,1.972,1.941,1.971,28419516.0
2012-02-27,1.973,1.999,1.973,1.983,11605857.0
2012-02-28,1.98,1.991,1.975,1.99,6754410.0
2012-02-29,1.99,1.99,1.959,1.961,9426197.0
2012-03-01,1.96,1.976,1.955,1.969,2914522.0
2012-03-02,1.969,1.99,1.969,1.99,2862294.0
2012-03-05,1.991,2.0,1.976,1.98,2783104.0
2012-03-06,1.974,1.978,1.946,1.951,3396373.0
2012-03-07,1.943,1.949,1.934,1.935,1875900.0
2012-03-08,1.939,1.96,1.939,1.952,3470480.0
2012-03-09,1.96,1.969,1.949,1.965,3678630.0
2012-03-12,1.963,1.974,1.945,1.955,7273924.0
2012-03-13,1.957,1.973,1.949,1.972,9666937.0
2012-03-14,1.976,1.986,1.929,1.93,6011353.0
2012-03-15,1.932,1.936,1.906,1.913,5857850.0
2012-03-16,1.913,1.934,1.913,1.93,1958950.0
2012-03-19,1.93,1.939,1.92,1.933,2002590.0
2012-03-20,1.93,1.935,1.914,1.918,1823125.0
2012-03-21,1.913,1.929,1.905,1.913,1563300.0
2012-03-22,1.91,1.922,1.904,1.917,1075221.0
2012-03-23,1.91,1.91,1.895,1.898,2435592.0
2012-03-26,1.898,1.904,1.895,1.902,5619639.0
2012-03-27,1.903,1.91,1.897,1.9,922792.0
2012-03-28,1.897,1.898,1.855,1.863,32337494.0
2012-03-29,1.861,1.861,1.837,1.84,1864876.0
2012-03-30,1.84,1.858,1.84,1.848,1216517.0
2012-04-05,1.849,1.887,1.842,1.886,2998231.0
2012-04-06,1.876,1.887,1.876,1.88,1079965.0
2012-04-09,1.875,1.88,1.852,1.868,743410.0
2012-04-10,1.861,1.882,1.851,1.88,2098611.0
2012-04-11,1.876,1.89,1.868,1.878,1273321.0
2012-04-12,1.88,1.919,1.88,1.917,3481382.0
2012-04-13,1.919,1.935,1.914,1.929,2318409.0
2012-04-16,1.924,1.928,1.911,1.923,717991.0
2012-04-17,1.92,1.924,1.901,1.902,1225839.0
2012-04-18,1.908,1.94,1.903,1.938,2429726.0
2012-04-19,1.939,1.943,1.93,1.94,1762725.0
2012-04-20,1.934,1.965,1.934,1.962,2616900.0
2012-04-23,1.96,1.965,1.95,1.95,1770302.0
2012-04-24,1.943,1.979,1.93,1.955,6902667.0
2012-04-25,1.954,1.966,1.941,1.962,2669351.0
2012-04-26,1.963,1.969,1.953,1.958,2175495.0
2012-04-27,1.958,1.963,1.952,1.958,2936661.0
2012-05-02,1.976,1.997,1.97,1.985,12873832.0
2012-05-03,1.985,1.989,1.978,1.987,1651701.0
2012-05-04,1.989,1.998,1.978,1.997,6502531.0
2012-05-07,1.992,1.998,1.986,1.995,13418715.0
2012-05-08,1.993,1.996,1.979,1.984,1755799.0
2012-05-09,1.979,1.979,1.954,1.955,3372140.0
2012-05-10,1.952,1.962,1.952,1.953,2142396.0
2012-05-11,1.951,1.966,1.94,1.94,4395395.0
2012-05-14,1.953,1.962,1.931,1.931,2434364.0
2012-05-15,1.928,1.929,1.912,1.929,1774035.0
2012-05-16,1.927,1.927,1.896,1.9,1780900.0
2012-05-17,1.898,1.931,1.898,1.926,2685305.0
2012-05-18,1.919,1.919,1.9,1.909,2226384.0
2012-05-21,1.903,1.917,1.901,1.913,2322712.0
2012-05-22,1.92,1.933,1.913,1.931,2467003.0
2012-05-23,1.929,1.934,1.91,1.92,36203240.0
2012-05-24,1.926,1.93,1.911,1.926,1108878.0
2012-05-25,1.919,1.924,1.89,1.899,2540001.0
2012-05-28,1.9,1.922,1.888,1.921,2193501.0
2012-05-29,1.92,1.95,1.912,1.949,3080904.0
2012-05-30,1.948,1.948,1.933,1.935,761900.0
2012-05-31,1.931,1.938,1.922,1.93,1674332.0
2012-06-01,1.931,1.938,1.924,1.93,833955.0
2012-06-04,1.915,1.915,1.879,1.886,5409664.0
2012-06-05,1.881,1.895,1.878,1.881,1553931.0
2012-06-06,1.888,1.889,1.86,1.874,3136200.0
2012-06-07,1.887,1.898,1.865,1.87,1839955.0
2012-06-08,1.886,1.886,1.856,1.86,2133102.0
2012-06-11,1.865,1.885,1.859,1.883,1400209.0
2012-06-12,1.876,1.876,1.851,1.859,1911100.0
2012-06-13,1.861,1.884,1.857,1.883,1787003.0
2012-06-14,1.872,1.883,1.868,1.868,2055700.0
2012-06-15,1.877,1.886,1.868,1.881,3102398.0
2012-06-18,1.884,1.899,1.883,1.889,3342275.0
2012-06-19,1.883,1.887,1.878,1.879,1256828.0
2012-06-20,1.88,1.886,1.875,1.879,942863.0
2012-06-21,1.88,1.88,1.841,1.844,3798282.0
2012-06-25,1.838,1.842,1.818,1.824,2464031.0
2012-06-26,1.822,1.822,1.805,1.818,2378950.0
2012-06-27,1.816,1.824,1.81,1.811,1516600.0
2012-06-28,1.814,1.82,1.801,1.801,1765950.0
2012-06-29,1.802,1.819,1.792,1.818,1809206.0
2012-07-02,1.826,1.826,1.801,1.81,2319600.0
2012-07-03,1.81,1.827,1.809,1.819,1999700.0
2012-07-04,1.819,1.823,1.81,1.817,8090230.0
2012-07-05,1.813,1.813,1.792,1.804,2379300.0
2012-07-06,1.817,1.818,1.79,1.814,2990089.0
2012-07-09,1.805,1.807,1.772,1.779,3314000.0
2012-07-10,1.774,1.779,1.769,1.776,2043063.0
2012-07-11,1.774,1.784,1.77,1.784,2725361.0
2012-07-12,1.785,1.803,1.77,1.798,10501122.0
2012-07-13,1.798,1.806,1.791,1.795,13630498.0
2012-07-16,1.797,1.799,1.772,1.774,1967440.0
2012-07-17,1.774,1.79,1.774,1.787,2894301.0
2012-07-18,1.788,1.797,1.776,1.795,2313889.0
2012-07-19,1.799,1.819,1.793,1.802,23644040.0
2012-07-20,1.808,1.808,1.785,1.787,2913951.0
2012-07-23,1.778,1.778,1.756,1.761,3576301.0
2012-07-24,1.758,1.766,1.75,1.763,3245055.0
2012-07-25,1.76,1.764,1.753,1.759,2034001.0
2012-07-26,1.755,1.758,1.745,1.747,2378220.0
2012-07-27,1.753,1.762,1.75,1.755,2316003.0
2012-07-30,1.766,1.766,1.751,1.752,1918900.0
2012-07-31,1.752,1.759,1.752,1.756,1886220.0
2012-08-01,1.758,1.772,1.756,1.764,4679682.0
2012-08-02,1.764,1.769,1.754,1.757,2976102.0
2012-08-03,1.76,1.768,1.756,1.768,2996361.0
2012-08-06,1.771,1.786,1.768,1.784,4231124.0
2012-08-07,1.778,1.785,1.776,1.782,2561558.0
2012-08-08,1.785,1.793,1.782,1.785,2398090.0
2012-08-09,1.787,1.793,1.773,1.793,2220251.0
2012-08-10,1.792,1.798,1.785,1.789,3097399.0
2012-08-13,1.79,1.79,1.75,1.755,4064832.0
2012-08-14,1.752,1.766,1.742,1.752,3740512.0
2012-08-15,1.75,1.75,1.734,1.735,2576600.0
2012-08-16,1.735,1.739,1.73,1.734,2826300.0
2012-08-17,1.732,1.741,1.724,1.73,3215416.0
2012-08-20,1.725,1.729,1.714,1.722,3360526.0
2012-08-21,1.72,1.735,1.717,1.731,6756661.0
2012-08-22,1.726,1.732,1.715,1.719,3263112.0
2012-08-23,1.715,1.731,1.715,1.724,24344784.0
2012-08-24,1.721,1.722,1.71,1.71,3534600.0
2012-08-27,1.709,1.709,1.68,1.681,4451091.0
2012-08-28,1.682,1.699,1.68,1.693,3511353.0
2012-08-29,1.69,1.698,1.683,1.684,2905541.0
2012-08-30,1.682,1.696,1.678,1.693,3031970.0
2012-08-31,1.693,1.696,1.688,1.691,2363114.0
2012-09-03,1.699,1.7,1.684,1.699,3586469.0
2012-09-04,1.699,1.7,1.676,1.682,4158078.0
2012-09-05,1.682,1.682,1.667,1.673,3518027.0
2012-09-06,1.673,1.682,1.668,1.676,4546301.0
2012-09-07,1.685,1.76,1.685,1.743,10988622.0
2012-09-10,1.753,1.753,1.738,1.746,3274579.0
2012-09-11,1.747,1.747,1.723,1.729,3182377.0
2012-09-12,1.739,1.744,1.722,1.732,2979242.0
2012-09-13,1.73,1.737,1.725,1.726,2363649.0
2012-09-14,1.73,1.748,1.728,1.738,4546389.0
2012-09-17,1.737,1.737,1.707,1.707,3082900.0
2012-09-18,1.704,1.704,1.683,1.683,2361500.0
2012-09-19,1.688,1.696,1.683,1.687,470221.0
2012-09-20,1.686,1.686,1.664,1.665,2011550.0
2012-09-21,1.661,1.673,1.66,1.67,2243993.0
2012-09-24,1.645,1.673,1.645,1.665,4915038.0
2012-09-25,1.663,1.672,1.66,1.667,1362065.0
2012-09-26,1.662,1.67,1.656,1.658,619600.0
2012-09-27,1.658,1.72,1.653,1.695,9832408.0
2012-09-28,1.692,1.73,1.689,1.727,5876840.0
2012-10-08,1.726,1.739,1.706,1.717,1323130.0
2012-10-09,1.716,1.753,1.716,1.742,8296901.0
2012-10-10,1.742,1.744,1.734,1.741,1497454.0
2012-10-11,1.744,1.744,1.731,1.731,2145720.0
2012-10-12,1.739,1.749,1.728,1.738,2479165.0
2012-10-15,1.73,1.737,1.722,1.727,877031.0
2012-10-16,1.735,1.739,1.724,1.733,2098230.0
2012-10-17,1.734,1.742,1.723,1.734,1594238.0
2012-10-18,1.738,1.757,1.737,1.751,20217364.0
2012-10-19,1.741,1.755,1.741,1.75,6299551.0
2012-10-22,1.744,1.761,1.74,1.76,1802882.0
2012-10-23,1.761,1.761,1.74,1.74,1556189.0
2012-10-24,1.736,1.745,1.733,1.735,674904.0
2012-10-25,1.735,1.744,1.728,1.728,2396779.0
2012-10-26,1.73,1.73,1.696,1.7,2500901.0
2012-10-29,1.695,1.703,1.691,1.693,1252500.0
2012-10-30,1.69,1.705,1.688,1.696,1553900.0
2012-10-31,1.699,1.7,1.688,1.698,1104083.0
2012-11-01,1.7,1.734,1.7,1.729,2721796.0
2012-11-02,1.73,1.744,1.726,1.742,1651744.0
2012-11-05,1.739,1.749,1.739,1.743,1498339.0
2012-11-06,1.748,1.748,1.715,1.734,2586400.0
2012-11-07,1.736,1.74,1.722,1.734,1267701.0
2012-11-08,1.728,1.728,1.711,1.714,1341000.0
2012-11-09,1.71,1.713,1.7,1.702,2104653.0
2012-11-12,1.703,1.716,1.702,1.715,2355251.0
2012-11-13,1.715,1.715,1.688,1.689,2949394.0
2012-11-14,1.689,1.7,1.689,1.697,2517742.0
2012-11-15,1.696,1.697,1.682,1.684,1785190.0
2012-11-16,1.683,1.683,1.661,1.662,3381252.0
2012-11-19,1.663,1.677,1.658,1.677,2419399.0
2012-11-20,1.677,1.679,1.66,1.661,2147300.0
2012-11-21,1.667,1.682,1.66,1.681,3575000.0
2012-11-22,1.68,1.68,1.668,1.672,2211650.0
2012-11-23,1.67,1.69,1.67,1.684,3389689.0
2012-11-26,1.684,1.684,1.672,1.68,1840601.0
2012-11-27,1.672,1.675,1.667,1.668,3045540.0
2012-11-28,1.666,1.666,1.655,1.657,2655155.0
2012-11-29,1.66,1.662,1.65,1.651,2277200.0
2012-11-30,1.65,1.656,1.637,1.655,2717146.0
2012-12-03,1.65,1.66,1.642,1.642,2364950.0
2012-12-04,1.645,1.655,1.638,1.653,3303953.0
2012-12-05,1.653,1.715,1.648,1.71,6319133.0
2012-12-06,1.709,1.712,1.702,1.708,3375774.0
2012-12-07,1.705,1.744,1.703,1.743,29671044.0
2012-12-10,1.743,1.76,1.743,1.755,89922640.0
2012-12-11,1.755,1.761,1.746,1.749,1880457.0
2012-12-12,1.749,1.757,1.745,1.751,2518308.0
2012-12-13,1.746,1.75,1.734,1.735,17516060.0
2012-12-14,1.732,1.823,1.732,1.822,12891319.0
2012-12-17,1.816,1.843,1.816,1.836,9836602.0
2012-12-18,1.8,1.82,1.786,1.8,4361090.0
2012-12-19,1.796,1.807,1.79,1.796,2124410.0
2012-12-20,1.794,1.812,1.784,1.808,2048777.0
2012-12-21,1.812,1.819,1.79,1.792,1582361.0
2012-12-24,1.79,1.808,1.79,1.796,1668327.0
2012-12-25,1.787,1.856,1.784,1.848,7225966.0
2012-12-26,1.85,1.856,1.84,1.847,3531839.0
2012-12-27,1.848,1.864,1.838,1.841,3429816.0
2012-12-28,1.838,1.876,1.838,1.874,6019894.0
2012-12-31,1.87,1.9,1.87,1.9,7279108.0
2013-01-04,1.902,1.938,1.897,1.909,3244179.0
2013-01-07,1.895,1.939,1.895,1.927,5463603.0
2013-01-08,1.923,1.93,1.898,1.911,2833997.0
2013-01-09,1.908,1.91,1.893,1.9,1898583.0
2013-01-10,1.899,1.923,1.899,1.907,2662471.0
2013-01-11,1.905,1.912,1.862,1.868,3586100.0
2013-01-14,1.863,1.953,1.862,1.949,9254176.0
2013-01-15,1.949,1.958,1.938,1.951,5689053.0
2013-01-16,1.95,1.952,1.905,1.924,3157533.0
2013-01-17,1.921,1.924,1.899,1.912,2550810.0
2013-01-18,1.911,1.955,1.911,1.944,3706906.0
2013-01-21,1.945,1.963,1.936,1.963,4165489.0
2013-01-22,1.963,1.99,1.946,1.966,5389023.0
2013-01-23,1.961,1.98,1.951,1.979,2753146.0
2013-01-24,1.97,2.033,1.96,1.975,8882100.0
2013-01-25,1.971,1.979,1.962,1.966,1433823.0
2013-01-28,1.96,2.038,1.96,2.038,12367560.0
2013-01-29,2.034,2.086,2.032,2.069,11196682.0
2013-01-30,2.075,2.083,2.057,2.079,3346044.0
2013-01-31,2.083,2.091,2.071,2.088,4033482.0
2013-02-01,2.081,2.153,2.076,2.152,6831113.0
2013-02-04,2.154,2.2,2.152,2.162,11438489.0
2013-02-05,2.15,2.169,2.133,2.16,13013596.0
2013-02-06,2.156,2.175,2.154,2.163,14065302.0
2013-02-07,2.159,2.161,2.091,2.123,8110155.0
2013-02-08,2.123,2.141,2.098,2.118,5823936.0
2013-02-18,2.12,2.13,2.096,2.1,3545551.0
2013-02-19,2.091,2.1,2.068,2.07,112770784.0
2013-02-20,2.07,2.076,2.035,2.061,5947515.0
2013-02-21,2.06,2.06,1.968,1.981,9687251.0
2013-02-22,1.975,1.989,1.952,1.955,5195028.0
2013-02-25,1.957,1.989,1.957,1.976,2542450.0
2013-02-26,1.974,2.007,1.954,1.954,5394046.0
2013-02-27,1.955,1.995,1.955,1.978,2577942.0
2013-02-28,1.987,2.045,1.98,2.044,7673620.0
2013-03-01,2.045,2.054,2.004,2.037,4965570.0
2013-03-04,2.022,2.022,1.926,1.935,9986743.0
2013-03-05,1.935,2.027,1.935,2.019,9122490.0
2013-03-06,2.026,2.058,2.015,2.048,5912579.0
2013-03-07,2.039,2.055,1.997,2.02,4746719.0
2013-03-08,2.021,2.035,2.006,2.015,2658942.0
2013-03-11,2.015,2.015,1.981,1.994,2336506.0
2013-03-12,1.995,2.01,1.943,1.959,5351499.0
2013-03-13,1.96,1.97,1.935,1.945,4584801.0
2013-03-14,1.938,1.957,1.93,1.946,3097508.0
2013-03-15,1.948,2.004,1.928,1.966,4725703.0
2013-03-18,1.95,1.965,1.932,1.935,3583967.0
2013-03-19,1.933,1.955,1.928,1.951,3302113.0
2013-03-20,1.952,2.029,1.952,2.028,9467398.0
2013-03-21,2.034,2.039,2.018,2.024,4066617.0
2013-03-22,2.028,2.038,2.018,2.031,3539909.0
2013-03-25,2.038,2.053,2.022,2.026,4935728.0
2013-03-26,2.02,2.02,1.969,1.985,6623258.0
2013-03-27,1.984,2.014,1.978,1.992,4949478.0
2013-03-28,1.978,1.978,1.893,1.902,13512549.0
2013-03-29,1.903,1.912,1.892,1.902,3852014.0
2013-04-01,1.902,1.913,1.899,1.902,1664563.0
2013-04-02,1.91,1.92,1.89,1.901,3277984.0
2013-04-03,1.904,1.923,1.9,1.908,4178851.0
2013-04-08,1.879,1.897,1.872,1.894,4813589.0
2013-04-09,1.9,1.919,1.899,1.906,3787285.0
2013-04-10,1.906,1.907,1.885,1.893,3448100.0
2013-04-11,1.908,1.914,1.892,1.892,4763055.0
2013-04-12,1.897,1.899,1.881,1.885,1653000.0
2013-04-15,1.885,1.885,1.865,1.867,3753543.0
2013-04-16,1.863,1.871,1.841,1.87,5946706.0
2013-04-17,1.87,1.87,1.838,1.855,6843142.0
2013-04-18,1.851,1.863,1.827,1.862,20638064.0
2013-04-19,1.859,1.94,1.859,1.928,18450148.0
2013-04-22,1.921,1.939,1.919,1.934,6632853.0
2013-04-23,1.931,1.938,1.851,1.878,8809743.0
2013-04-24,1.877,1.924,1.873,1.91,6481298.0
2013-04-25,1.908,1.911,1.88,1.889,3707620.0
2013-04-26,1.89,1.905,1.88,1.884,3058791.0
2013-05-02,1.876,1.886,1.864,1.886,3847234.0
2013-05-03,1.886,1.947,1.886,1.92,7302614.0
2013-05-06,1.932,1.948,1.925,1.936,4743901.0
2013-05-07,1.935,1.943,1.923,1.932,4383000.0
2013-05-08,1.945,1.958,1.931,1.937,3910079.0
2013-05-09,1.94,1.94,1.918,1.928,3942641.0
2013-05-10,1.926,1.945,1.921,1.94,2951758.0
2013-05-13,1.939,1.944,1.925,1.932,2695036.0
2013-05-14,1.932,1.932,1.911,1.915,1361800.0
2013-05-15,1.915,1.929,1.915,1.928,5798106.0
2013-05-16,1.925,1.956,1.911,1.954,4299553.0
2013-05-17,1.954,1.982,1.948,1.979,6003334.0
2013-05-20,1.979,2.016,1.979,1.997,9200550.0
2013-05-21,1.995,2.0,1.98,1.986,6351653.0
2013-05-22,1.986,1.997,1.951,1.993,3563638.0
2013-05-23,1.98,1.987,1.957,1.961,3888864.0
2013-05-24,1.961,1.975,1.952,1.962,3156510.0
2013-05-27,1.962,1.974,1.955,1.962,1036040.0
2013-05-28,1.964,1.996,1.953,1.994,6534005.0
2013-05-29,1.995,2.008,1.992,1.992,3640710.0
2013-05-30,1.988,1.994,1.981,1.984,4680800.0
2013-05-31,1.983,1.993,1.971,1.971,3819050.0
2013-06-03,1.974,1.987,1.967,1.97,4546901.0
2013-06-04,1.964,1.97,1.954,1.958,2681497.0
2013-06-05,1.96,1.96,1.931,1.94,2010028.0
2013-06-06,1.939,1.939,1.917,1.92,4321654.0
2013-06-07,1.919,1.93,1.892,1.899,2815660.0
2013-06-13,1.896,1.896,1.811,1.834,6020054.0
2013-06-14,1.836,1.847,1.834,1.84,2657272.0
2013-06-17,1.845,1.85,1.826,1.827,2029526.0
2013-06-18,1.831,1.845,1.827,1.838,3898028.0
2013-06-19,1.831,1.831,1.798,1.817,2943515.0
2013-06-20,1.809,1.809,1.758,1.765,3877888.0
2013-06-21,1.762,1.764,1.724,1.761,3988405.0
2013-06-24,1.755,1.755,1.65,1.662,6856079.0
2013-06-25,1.664,1.664,1.524,1.64,8719927.0
2013-06-26,1.648,1.653,1.608,1.619,3626650.0
2013-06-27,1.625,1.656,1.622,1.637,4593169.0
2013-06-28,1.633,1.699,1.623,1.695,6285830.0
2013-07-01,1.69,1.695,1.669,1.694,3565972.0
2013-07-02,1.695,1.695,1.672,1.69,4092152.0
2013-07-03,1.675,1.679,1.653,1.674,4102841.0
2013-07-04,1.67,1.707,1.658,1.688,6888653.0
2013-07-05,1.685,1.698,1.68,1.686,1947508.0
2013-07-08,1.671,1.678,1.655,1.661,3260628.0
2013-07-09,1.661,1.673,1.657,1.67,2251800.0
2013-07-10,1.672,1.705,1.668,1.704,2980741.0
2013-07-11,1.708,1.823,1.708,1.805,10033060.0
2013-07-12,1.799,1.809,1.752,1.758,4792018.0
2013-07-15,1.756,1.793,1.753,1.769,2836202.0
2013-07-16,1.766,1.772,1.745,1.771,3376084.0
2013-07-17,1.765,1.777,1.75,1.75,3096036.0
2013-07-18,1.75,1.75,1.71,1.71,3617554.0
2013-07-19,1.724,1.724,1.678,1.68,4626900.0
2013-07-22,1.673,1.682,1.655,1.682,4438594.0
2013-07-23,1.683,1.735,1.671,1.717,4084366.0
2013-07-24,1.713,1.713,1.675,1.696,6870194.0
2013-07-25,1.702,1.707,1.683,1.687,3637296.0
2013-07-26,1.681,1.691,1.672,1.687,3212524.0
2013-07-29,1.675,1.675,1.639,1.644,5584241.0
2013-07-30,1.65,1.69,1.643,1.663,3685798.0
2013-07-31,1.67,1.7,1.665,1.668,3630186.0
2013-08-01,1.668,1.7,1.665,1.697,3833972.0
2013-08-02,1.697,1.716,1.69,1.692,2828687.0
2013-08-05,1.705,1.709,1.688,1.706,2398308.0
2013-08-06,1.705,1.72,1.692,1.715,3752801.0
2013-08-07,1.715,1.727,1.701,1.704,3244637.0
2013-08-08,1.7,1.714,1.695,1.698,3712445.0
2013-08-09,1.703,1.715,1.684,1.696,2224982.0
2013-08-12,1.696,1.761,1.696,1.76,8725442.0
2013-08-13,1.759,1.779,1.747,1.774,4596690.0
2013-08-14,1.775,1.805,1.766,1.77,4503761.0
2013-08-15,1.77,1.79,1.764,1.764,2325600.0
2013-08-16,1.759,1.85,1.74,1.761,9311177.0
2013-08-19,1.746,1.786,1.746,1.777,4625993.0
2013-08-20,1.771,1.806,1.763,1.774,4550677.0
2013-08-21,1.774,1.779,1.75,1.762,2829990.0
2013-08-22,1.76,1.79,1.756,1.761,3361462.0
2013-08-23,1.763,1.779,1.718,1.743,4687987.0
2013-08-26,1.744,1.777,1.741,1.775,5737179.0
2013-08-27,1.773,1.785,1.764,1.776,2755537.0
2013-08-28,1.77,1.777,1.751,1.767,2697124.0
2013-08-29,1.767,1.777,1.759,1.765,2072205.0
2013-08-30,1.765,1.776,1.752,1.764,2109499.0
2013-09-02,1.77,1.779,1.759,1.768,2771725.0
2013-09-03,1.775,1.798,1.771,1.796,4553201.0
2013-09-04,1.787,1.803,1.787,1.795,3298566.0
2013-09-05,1.795,1.802,1.791,1.793,2614588.0
2013-09-06,1.792,1.815,1.791,1.806,4195579.0
2013-09-09,1.816,1.918,1.816,1.912,14743610.0
2013-09-10,1.916,1.926,1.896,1.924,5075029.0
2013-09-11,1.924,1.955,1.924,1.931,4907090.0
2013-09-12,1.931,1.992,1.915,1.961,6398485.0
2013-09-13,1.96,1.96,1.919,1.929,3078422.0
2013-09-16,1.93,1.943,1.905,1.918,3421357.0
2013-09-17,1.925,1.935,1.888,1.889,3868012.0
2013-09-18,1.889,1.898,1.87,1.889,2417582.0
2013-09-23,1.895,1.907,1.881,1.897,3610532.0
2013-09-24,1.897,1.897,1.845,1.854,4962100.0
2013-09-25,1.857,1.868,1.843,1.85,3260716.0
2013-09-26,1.849,1.849,1.81,1.819,4572012.0
2013-09-27,1.818,1.827,1.809,1.815,3005231.0
2013-09-30,1.817,1.832,1.817,1.83,2527710.0
2013-10-08,1.82,1.85,1.805,1.842,3582532.0
2013-10-09,1.84,1.857,1.833,1.85,3476147.0
2013-10-10,1.851,1.855,1.819,1.821,4218353.0
2013-10-11,1.825,1.857,1.821,1.85,6169984.0
2013-10-14,1.85,1.856,1.841,1.845,4005755.0
2013-10-15,1.849,1.849,1.822,1.83,3229900.0
2013-10-16,1.829,1.829,1.803,1.806,4161300.0
2013-10-17,1.812,1.819,1.802,1.805,2988773.0
2013-10-18,1.81,1.819,1.803,1.809,1553298.0
2013-10-21,1.811,1.831,1.8,1.829,3923255.0
2013-10-22,1.829,1.829,1.809,1.811,3225226.0
2013-10-23,1.817,1.847,1.809,1.814,4821044.0
2013-10-24,1.812,1.812,1.79,1.791,4525709.0
2013-10-25,1.791,1.807,1.775,1.78,3825228.0
2013-10-28,1.799,1.8,1.773,1.78,2134553.0
2013-10-29,1.781,1.833,1.781,1.802,5205872.0
2013-10-30,1.805,1.831,1.803,1.828,4683586.0
2013-10-31,1.834,1.834,1.806,1.809,2471616.0
2013-11-01,1.81,1.833,1.807,1.824,2830451.0
2013-11-04,1.83,1.838,1.818,1.822,1201600.0
2013-11-05,1.816,1.816,1.789,1.811,2818910.0
2013-11-06,1.811,1.811,1.79,1.791,3300460.0
2013-11-07,1.791,1.797,1.785,1.791,2665500.0
2013-11-08,1.79,1.796,1.772,1.777,3230306.0
2013-11-11,1.768,1.777,1.764,1.77,2339801.0
2013-11-12,1.775,1.79,1.768,1.788,1256420.0
2013-11-13,1.784,1.784,1.743,1.745,4992067.0
2013-11-14,1.745,1.753,1.727,1.737,5529095.0
2013-11-15,1.733,1.786,1.733,1.768,64797304.0
2013-11-18,1.773,1.841,1.77,1.841,9667895.0
2013-11-19,1.841,1.841,1.81,1.83,5160300.0
2013-11-20,1.835,1.839,1.814,1.827,53536252.0
2013-11-21,1.821,1.824,1.8,1.822,4013550.0
2013-11-22,1.826,1.828,1.814,1.815,4015665.0
2013-11-25,1.814,1.826,1.803,1.807,3055018.0
2013-11-26,1.805,1.815,1.798,1.8,2982097.0
2013-11-27,1.798,1.829,1.797,1.812,4513244.0
2013-11-28,1.816,1.841,1.815,1.825,8189751.0
2013-11-29,1.827,1.833,1.824,1.824,2761802.0
2013-12-02,1.828,1.86,1.821,1.847,7392927.0
2013-12-03,1.839,1.858,1.835,1.855,6154837.0
2013-12-04,1.84,1.874,1.84,1.863,7989738.0
2013-12-05,1.86,1.864,1.853,1.859,1706446.0
2013-12-06,1.852,1.855,1.839,1.845,1877888.0
2013-12-09,1.843,1.854,1.842,1.845,2429601.0
2013-12-10,1.849,1.853,1.843,1.848,1277543.0
2013-12-11,1.844,1.844,1.81,1.818,3064198.0
2013-12-12,1.815,1.82,1.81,1.81,3519435.0
2013-12-13,1.807,1.808,1.793,1.799,5353396.0
2013-12-16,1.799,1.8,1.779,1.78,4394505.0
2013-12-17,1.779,1.786,1.77,1.774,2723364.0
2013-12-18,1.77,1.777,1.769,1.769,4761264.0
2013-12-19,1.773,1.778,1.75,1.751,4107528.0
2013-12-20,1.751,1.757,1.72,1.724,5743467.0
2013-12-23,1.726,1.73,1.713,1.723,3645274.0
2013-12-24,1.722,1.736,1.713,1.718,3798600.0
2013-12-25,1.718,1.729,1.715,1.728,2299114.0
2013-12-26,1.722,1.729,1.698,1.698,3326900.0
2013-12-27,1.698,1.737,1.698,1.725,7462102.0
2013-12-30,1.726,1.738,1.721,1.725,3702102.0
2013-12-31,1.727,1.745,1.72,1.741,3467544.0
2014-01-02,1.738,1.738,1.727,1.73,1927218.0
2014-01-03,1.723,1.724,1.704,1.707,2263167.0
2014-01-06,1.707,1.707,1.668,1.672,4586956.0
2014-01-07,1.67,1.682,1.656,1.671,4409492.0
2014-01-08,1.671,1.69,1.662,1.672,1983542.0
2014-01-09,1.673,1.678,1.658,1.66,4074196.0
2014-01-10,1.653,1.662,1.649,1.656,1449228.0
2014-01-13,1.656,1.665,1.648,1.653,4937600.0
2014-01-14,1.653,1.664,1.648,1.662,2785156.0
2014-01-15,1.662,1.665,1.651,1.663,3326976.0
2014-01-16,1.663,1.67,1.651,1.664,6264396.0
2014-01-17,1.664,1.664,1.645,1.649,4509399.0
2014-01-20,1.646,1.655,1.63,1.639,4060000.0
2014-01-21,1.609,1.609,1.58,1.581,4882340.0
2014-01-22,1.581,1.615,1.581,1.614,6340769.0
2014-01-23,1.615,1.617,1.606,1.61,10213480.0
2014-01-24,1.608,1.625,1.606,1.62,5043559.0
2014-01-27,1.616,1.617,1.604,1.609,3003970.0
2014-01-28,1.61,1.621,1.604,1.609,4302271.0
2014-01-29,1.612,1.63,1.611,1.622,2866857.0
2014-01-30,1.62,1.622,1.61,1.611,2204899.0
2014-02-07,1.61,1.615,1.597,1.613,3460520.0
2014-02-10,1.619,1.651,1.615,1.648,4751505.0
2014-02-11,1.648,1.669,1.641,1.665,5760431.0
2014-02-12,1.662,1.671,1.66,1.668,9214503.0
2014-02-13,1.667,1.683,1.661,1.668,4273684.0
2014-02-14,1.666,1.682,1.665,1.682,4251097.0
2014-02-17,1.683,1.69,1.675,1.685,3127968.0
2014-02-18,1.686,1.686,1.667,1.669,4690603.0
2014-02-19,1.669,1.697,1.666,1.684,3068938.0
2014-02-20,1.686,1.718,1.686,1.696,9891869.0
2014-02-21,1.688,1.694,1.664,1.677,4306890.0
2014-02-24,1.668,1.668,1.634,1.648,3314377.0
2014-02-25,1.648,1.655,1.605,1.616,4028607.0
2014-02-26,1.613,1.617,1.597,1.615,3848156.0
2014-02-27,1.615,1.645,1.615,1.626,4366599.0
2014-02-28,1.622,1.636,1.607,1.636,2710116.0
2014-03-03,1.633,1.649,1.622,1.641,4079153.0
2014-03-04,1.639,1.639,1.62,1.631,3522501.0
2014-03-05,1.631,1.635,1.623,1.624,2894377.0
2014-03-06,1.621,1.627,1.606,1.624,3204670.0
2014-03-07,1.622,1.632,1.615,1.619,2213599.0
2014-03-10,1.611,1.616,1.568,1.57,5445439.0
2014-03-11,1.57,1.578,1.562,1.569,3336740.0
2014-03-12,1.569,1.588,1.56,1.57,6129756.0
2014-03-13,1.573,1.602,1.573,1.593,3518844.0
2014-03-14,1.586,1.597,1.583,1.59,2673841.0
2014-03-17,1.593,1.605,1.586,1.605,4545424.0
2014-03-18,1.605,1.615,1.593,1.605,2510038.0
2014-03-19,1.602,1.602,1.588,1.597,2443447.0
2014-03-20,1.591,1.61,1.581,1.581,3214300.0
2014-03-21,1.582,1.621,1.567,1.617,6772001.0
2014-03-24,1.618,1.64,1.61,1.63,4553333.0
2014-03-25,1.633,1.648,1.627,1.635,3164504.0
2014-03-26,1.634,1.639,1.624,1.63,2827818.0
2014-03-27,1.63,1.636,1.602,1.622,3883348.0
2014-03-28,1.621,1.627,1.606,1.615,2795512.0
2014-03-31,1.614,1.618,1.603,1.607,2446700.0
2014-04-01,1.61,1.622,1.609,1.619,2224675.0
2014-04-02,1.616,1.634,1.616,1.629,3053212.0
2014-04-03,1.63,1.636,1.612,1.615,2428560.0
2014-04-04,1.611,1.623,1.606,1.621,1939401.0
2014-04-08,1.622,1.662,1.616,1.655,8191136.0
2014-04-09,1.658,1.666,1.655,1.658,4779594.0
2014-04-10,1.665,1.693,1.651,1.682,4802740.0
2014-04-11,1.683,1.69,1.675,1.686,2803605.0
2014-04-14,1.684,1.695,1.67,1.68,2319135.0
2014-04-15,1.679,1.679,1.656,1.659,4789952.0
2014-04-16,1.658,1.664,1.651,1.658,2335210.0
2014-04-17,1.657,1.663,1.65,1.653,2972400.0
2014-04-18,1.65,1.661,1.64,1.653,2686253.0
2014-04-21,1.645,1.655,1.632,1.633,4347960.0
2014-04-22,1.631,1.638,1.621,1.637,5330710.0
2014-04-23,1.635,1.637,1.628,1.634,3936874.0
2014-04-24,1.634,1.64,1.629,1.633,2487753.0
2014-04-25,1.633,1.638,1.621,1.623,2999990.0
2014-04-28,1.622,1.622,1.6,1.601,3137934.0
2014-04-29,1.602,1.614,1.601,1.613,2808574.0
2014-04-30,1.613,1.626,1.609,1.62,2719031.0
2014-05-05,1.617,1.624,1.606,1.62,4880317.0
2014-05-06,1.617,1.629,1.617,1.624,2828710.0
2014-05-07,1.623,1.623,1.612,1.614,676080.0
2014-05-08,1.61,1.629,1.61,1.614,2149575.0
2014-05-09,1.614,1.617,1.601,1.607,1203000.0
2014-05-12,1.612,1.64,1.61,1.638,3635376.0
2014-05-13,1.638,1.64,1.628,1.635,635189.0
2014-05-14,1.632,1.637,1.628,1.634,2891200.0
2014-05-15,1.634,1.634,1.618,1.619,2204250.0
2014-05-16,1.618,1.621,1.611,1.618,2175209.0
2014-05-19,1.613,1.613,1.601,1.608,2517342.0
2014-05-20,1.607,1.614,1.603,1.605,2198376.0
2014-05-21,1.605,1.62,1.595,1.62,3124903.0
2014-05-22,1.617,1.631,1.609,1.614,2075899.0
2014-05-23,1.614,1.624,1.61,1.624,2002800.0
2014-05-26,1.626,1.635,1.626,1.633,3964256.0
2014-05-27,1.629,1.637,1.629,1.634,2107155.0
2014-05-28,1.634,1.643,1.629,1.642,2028344.0
2014-05-29,1.64,1.642,1.628,1.63,2235500.0
2014-05-30,1.627,1.634,1.621,1.629,2953400.0
2014-06-03,1.629,1.633,1.623,1.624,3570460.0
2014-06-04,1.623,1.624,1.608,1.612,1010500.0
2014-06-05,1.61,1.624,1.609,1.624,1331525.0
2014-06-06,1.623,1.623,1.611,1.614,1165089.0
2014-06-09,1.61,1.625,1.61,1.615,2503411.0
2014-06-10,1.616,1.634,1.613,1.629,2355633.0
2014-06-11,1.629,1.635,1.623,1.634,3667072.0
2014-06-12,1.629,1.632,1.625,1.627,1641000.0
2014-06-13,1.625,1.652,1.622,1.646,6285958.0
2014-06-16,1.641,1.661,1.64,1.659,3873957.0
2014-06-17,1.656,1.656,1.64,1.648,3151634.0
2014-06-18,1.648,1.648,1.638,1.639,3203902.0
2014-06-19,1.638,1.641,1.613,1.617,3427477.0
2014-06-20,1.62,1.626,1.614,1.624,2723794.0
2014-06-23,1.621,1.632,1.621,1.628,3028527.0
2014-06-24,1.628,1.63,1.623,1.629,1368158.0
2014-06-25,1.629,1.629,1.621,1.624,1896709.0
2014-06-26,1.625,1.632,1.624,1.63,1097053.0
2014-06-27,1.628,1.639,1.625,1.632,3814383.0
2014-06-30,1.632,1.648,1.632,1.644,2960870.0
2014-07-01,1.648,1.65,1.641,1.645,2379135.0
2014-07-02,1.644,1.655,1.642,1.653,2200357.0
2014-07-03,1.649,1.663,1.647,1.656,3459803.0
2014-07-04,1.658,1.661,1.653,1.657,2037726.0
2014-07-07,1.656,1.658,1.648,1.654,2678770.0
2014-07-08,1.65,1.663,1.65,1.66,3679787.0
2014-07-09,1.656,1.662,1.642,1.644,2195650.0
2014-07-10,1.644,1.647,1.64,1.643,2484155.0
2014-07-11,1.643,1.652,1.64,1.65,1574221.0
2014-07-14,1.65,1.672,1.65,1.671,4227842.0
2014-07-15,1.667,1.672,1.664,1.67,3683187.0
2014-07-16,1.668,1.681,1.668,1.669,2285515.0
2014-07-17,1.667,1.67,1.661,1.665,2098286.0
2014-07-18,1.665,1.677,1.662,1.668,2410787.0
2014-07-21,1.668,1.67,1.664,1.666,2248462.0
2014-07-22,1.665,1.698,1.662,1.686,7055856.0
2014-07-23,1.686,1.698,1.682,1.69,6243408.0
2014-07-24,1.689,1.72,1.689,1.716,6564322.0
2014-07-25,1.716,1.734,1.715,1.732,2873754.0
2014-07-28,1.732,1.781,1.732,1.77,8328689.0
2014-07-29,1.775,1.79,1.768,1.78,7175082.0
2014-07-30,1.774,1.784,1.766,1.771,7698948.0
2014-07-31,1.77,1.797,1.768,1.796,5167781.0
2014-08-01,1.789,1.812,1.788,1.788,4409288.0
2014-08-04,1.787,1.812,1.787,1.811,2442780.0
2014-08-05,1.812,1.814,1.802,1.81,3010552.0
2014-08-06,1.808,1.814,1.792,1.808,3756045.0
2014-08-07,1.803,1.81,1.785,1.789,2832440.0
2014-08-08,1.781,1.796,1.781,1.79,1999561.0
2014-08-11,1.79,1.822,1.79,1.821,3601760.0
2014-08-12,1.819,1.823,1.812,1.82,4163803.0
2014-08-13,1.818,1.826,1.804,1.817,4976049.0
2014-08-14,1.816,1.822,1.807,1.809,2551100.0
2014-08-15,1.809,1.822,1.804,1.82,3801396.0
2014-08-18,1.817,1.83,1.814,1.826,5714352.0
2014-08-19,1.826,1.83,1.818,1.827,4193823.0
2014-08-20,1.825,1.828,1.817,1.821,4141401.0
2014-08-21,1.821,1.821,1.795,1.808,3739274.0
2014-08-22,1.804,1.815,1.8,1.815,6501544.0
2014-08-25,1.816,1.816,1.8,1.804,3448980.0
2014-08-26,1.8,1.808,1.786,1.787,3997163.0
2014-08-27,1.788,1.798,1.785,1.788,4928431.0
2014-08-28,1.788,1.791,1.77,1.78,5679344.0
2014-08-29,1.78,1.798,1.777,1.797,3499109.0
2014-09-01,1.802,1.81,1.793,1.804,2826611.0
2014-09-02,1.803,1.829,1.801,1.828,3985352.0
2014-09-03,1.828,1.848,1.828,1.842,4924567.0
2014-09-04,1.843,1.857,1.838,1.856,5533325.0
2014-09-05,1.856,1.885,1.856,1.881,6833196.0
2014-09-09,1.88,1.881,1.87,1.873,6799827.0
2014-09-10,1.872,1.872,1.861,1.864,3104891.0
2014-09-11,1.864,1.888,1.86,1.866,4148671.0
2014-09-12,1.861,1.875,1.856,1.873,4068580.0
2014-09-15,1.873,1.88,1.864,1.875,6052209.0
2014-09-16,1.878,1.887,1.85,1.851,4538521.0
2014-09-17,1.853,1.855,1.84,1.851,3065577.0
2014-09-18,1.851,1.876,1.843,1.856,4830888.0
2014-09-19,1.854,1.88,1.853,1.879,3405288.0
2014-09-22,1.866,1.866,1.842,1.844,3409328.0
2014-09-23,1.844,1.86,1.844,1.855,3511253.0
2014-09-24,1.85,1.885,1.846,1.881,5635389.0
2014-09-25,1.887,1.899,1.875,1.885,4069518.0
2014-09-26,1.87,1.889,1.87,1.882,1340515.0
2014-09-29,1.88,1.897,1.88,1.897,3364208.0
2014-09-30,1.898,1.903,1.895,1.903,2279987.0
2014-10-08,1.9,1.912,1.893,1.91,4174633.0
2014-10-09,1.91,1.916,1.901,1.911,5441181.0
2014-10-10,1.91,1.91,1.892,1.898,3134013.0
2014-10-13,1.89,1.89,1.87,1.884,3136403.0
2014-10-14,1.882,1.908,1.876,1.886,3768809.0
2014-10-15,1.886,1.892,1.872,1.892,3848046.0
2014-10-16,1.889,1.91,1.879,1.888,4794960.0
2014-10-17,1.885,1.894,1.86,1.884,3804706.0
2014-10-20,1.881,1.893,1.88,1.893,5129497.0
2014-10-21,1.893,1.893,1.875,1.878,2796842.0
2014-10-22,1.876,1.882,1.868,1.869,4954246.0
2014-10-23,1.868,1.868,1.842,1.845,3908506.0
2014-10-24,1.845,1.851,1.841,1.844,3180285.0
2014-10-27,1.843,1.843,1.822,1.83,3385463.0
2014-10-28,1.832,1.861,1.832,1.861,3316997.0
2014-10-29,1.862,1.898,1.862,1.891,4920542.0
2014-10-30,1.89,1.926,1.885,1.919,7069181.0
2014-10-31,1.925,1.967,1.921,1.964,8769142.0
2014-11-03,1.965,1.974,1.956,1.965,5238176.0
2014-11-04,1.961,1.97,1.952,1.963,3445524.0
2014-11-05,1.969,1.975,1.95,1.963,3886081.0
2014-11-06,1.962,1.965,1.945,1.964,2907428.0
2014-11-07,1.964,1.993,1.956,1.963,4274563.0
2014-11-10,1.966,2.016,1.966,2.015,7215406.0
2014-11-11,2.031,2.049,1.986,2.02,7919343.0
2014-11-12,2.002,2.04,1.991,2.039,4901255.0
2014-11-13,2.045,2.054,2.025,2.034,6315866.0
2014-11-14,2.033,2.034,2.013,2.027,3460937.0
2014-11-17,2.045,2.063,2.025,2.029,5881532.0
2014-11-18,2.024,2.029,1.998,2.004,4922864.0
2014-11-19,1.998,2.004,1.992,1.996,3903668.0
2014-11-20,1.99,2.0,1.983,1.998,3551273.0
2014-11-21,1.998,2.039,1.988,2.03,4910129.0
2014-11-24,2.044,2.076,2.03,2.062,9834703.0
2014-11-25,2.062,2.099,2.057,2.099,8489389.0
2014-11-26,2.099,2.118,2.098,2.117,7067710.0
2014-11-27,2.118,2.134,2.109,2.124,6788865.0
2014-11-28,2.124,2.179,2.111,2.178,9870730.0
2014-12-01,2.184,2.213,2.182,2.188,7744776.0
2014-12-02,2.186,2.27,2.17,2.256,10694625.0
2014-12-03,2.257,2.3,2.215,2.258,9272516.0
2014-12-04,2.262,2.358,2.248,2.352,13332036.0
2014-12-05,2.359,2.419,2.28,2.367,15773818.0
2014-12-08,2.341,2.45,2.32,2.432,16825014.0
2014-12-09,2.418,2.51,2.33,2.337,16804604.0
2014-12-10,2.34,2.423,2.292,2.421,13147928.0
2014-12-11,2.4,2.459,2.385,2.416,7345489.0
2014-12-12,2.415,2.43,2.388,2.405,5883279.0
2014-12-15,2.404,2.42,2.366,2.412,8672618.0
2014-12-16,2.401,2.46,2.39,2.459,10662402.0
2014-12-17,2.462,2.52,2.439,2.499,13196263.0
2014-12-18,2.498,2.516,2.464,2.495,10858316.0
2014-12-19,2.491,2.59,2.481,2.59,16719428.0
2014-12-22,2.598,2.684,2.59,2.631,18538512.0
2014-12-23,2.62,2.625,2.512,2.531,21127556.0
2014-12-24,2.518,2.535,2.43,2.457,15191268.0
2014-12-25,2.461,2.55,2.459,2.547,8869863.0
2014-12-26,2.556,2.61,2.533,2.603,15457751.0
2014-12-29,2.618,2.645,2.555,2.592,13430756.0
2014-12-30,2.584,2.612,2.541,2.564,13021784.0
2014-12-31,2.57,2.635,2.563,2.625,15697066.0
2015-01-05,2.628,2.766,2.626,2.746,22505544.0
2015-01-06,2.73,2.799,2.695,2.741,26690304.0
2015-01-07,2.73,2.74,2.698,2.731,11713380.0
2015-01-08,2.73,2.734,2.66,2.668,31136760.0
2015-01-09,2.662,2.755,2.63,2.651,13516129.0
2015-01-12,2.657,2.657,2.566,2.597,15042750.0
2015-01-13,2.589,2.609,2.581,2.6,7577085.0
2015-01-14,2.606,2.629,2.586,2.591,6563108.0
2015-01-15,2.591,2.671,2.582,2.667,7959819.0
2015-01-16,2.67,2.715,2.668,2.692,7846042.0
2015-01-19,2.62,2.62,2.431,2.446,22144464.0
2015-01-20,2.43,2.446,2.382,2.426,15052115.0
2015-01-21,2.426,2.543,2.426,2.527,10157432.0
2015-01-22,2.53,2.54,2.505,2.528,7913509.0
2015-01-23,2.531,2.564,2.518,2.525,10939561.0
2015-01-26,2.527,2.558,2.51,2.556,5093611.0
2015-01-27,2.55,2.554,2.493,2.537,6117315.0
2015-01-28,2.531,2.545,2.507,2.519,3415821.0
2015-01-29,2.51,2.51,2.473,2.495,6165059.0
2015-01-30,2.497,2.516,2.468,2.477,7411164.0
2015-02-02,2.468,2.468,2.4,2.406,6798160.0
2015-02-03,2.41,2.445,2.402,2.442,5448119.0
2015-02-04,2.449,2.465,2.422,2.423,4984381.0
2015-02-05,2.47,2.499,2.38,2.386,8081069.0
2015-02-06,2.378,2.378,2.312,2.325,8090808.0
2015-02-09,2.323,2.346,2.3,2.326,7984215.0
2015-02-10,2.318,2.376,2.318,2.373,8541821.0
2015-02-11,2.385,2.388,2.37,2.378,3825346.0
2015-02-12,2.38,2.386,2.359,2.383,3629494.0
2015-02-13,2.387,2.436,2.387,2.41,4442430.0
2015-02-16,2.413,2.421,2.402,2.419,8386902.0
2015-02-17,2.419,2.448,2.419,2.442,10445420.0
2015-02-25,2.448,2.453,2.42,2.429,4444081.0
2015-02-26,2.427,2.505,2.427,2.503,7443237.0
2015-02-27,2.5,2.513,2.49,2.503,6656198.0
2015-03-02,2.511,2.53,2.5,2.527,15739469.0
2015-03-03,2.526,2.526,2.494,2.495,10347201.0
2015-03-04,2.495,2.507,2.481,2.498,5680355.0
2015-03-05,2.495,2.498,2.445,2.468,6160221.0
2015-03-06,2.471,2.483,2.46,2.466,5297217.0
2015-03-09,2.43,2.539,2.43,2.538,8245538.0
2015-03-10,2.535,2.541,2.502,2.524,7031814.0
2015-03-11,2.529,2.559,2.515,2.535,10125894.0
2015-03-12,2.54,2.6,2.54,2.59,13652071.0
2015-03-13,2.6,2.625,2.592,2.606,7658970.0
2015-03-16,2.616,2.657,2.61,2.656,8569450.0
2015-03-17,2.665,2.7,2.663,2.699,11751432.0
2015-03-18,2.706,2.786,2.706,2.785,62141224.0
2015-03-19,2.785,2.8,2.77,2.782,16800588.0
2015-03-20,2.79,2.826,2.782,2.818,9829485.0
2015-03-23,2.828,2.877,2.828,2.876,10234552.0
2015-03-24,2.875,2.912,2.822,2.899,16357570.0
2015-03-25,2.88,2.9,2.864,2.882,7281902.0
2015-03-26,2.868,2.912,2.836,2.865,8026645.0
2015-03-27,2.866,2.896,2.85,2.886,5634888.0
2015-03-30,2.89,2.972,2.89,2.971,8685695.0
2015-03-31,2.981,2.998,2.928,2.935,8028795.0
2015-04-01,2.934,2.998,2.931,2.981,7209311.0
2015-04-02,3.0,3.024,2.97,3.023,9918541.0
2015-04-03,3.02,3.078,3.0,3.075,8193486.0
2015-04-07,3.1,3.199,3.1,3.181,10331692.0
2015-04-08,3.183,3.232,3.152,3.231,12334018.0
2015-04-09,3.231,3.26,3.145,3.221,12204941.0
2015-04-10,3.209,3.294,3.182,3.292,46770064.0
2015-04-13,3.33,3.338,3.286,3.33,9894291.0
2015-04-14,3.302,3.375,3.29,3.346,8502758.0
2015-04-15,3.343,3.375,3.3,3.321,8465671.0
2015-04-16,3.28,3.394,3.246,3.393,11363699.0
2015-04-17,3.42,3.479,3.415,3.455,12280072.0
2015-04-20,3.425,3.474,3.344,3.35,16927564.0
2015-04-21,3.36,3.419,3.335,3.412,10126525.0
2015-04-22,3.422,3.518,3.422,3.517,8504043.0
2015-04-23,3.53,3.555,3.5,3.527,9758024.0
2015-04-24,3.51,3.51,3.42,3.471,10027216.0
2015-04-27,3.475,3.545,3.475,3.542,11620193.0
2015-04-28,3.54,3.55,3.45,3.475,10275898.0
2015-04-29,3.471,3.5,3.434,3.478,5590505.0
2015-04-30,3.488,3.515,3.47,3.477,5174611.0
2015-05-04,3.476,3.53,3.447,3.527,7641680.0
2015-05-05,3.527,3.545,3.35,3.374,10738139.0
2015-05-06,3.369,3.42,3.266,3.299,7787331.0
2015-05-07,3.29,3.29,3.183,3.191,11129754.0
2015-05-08,3.195,3.268,3.186,3.258,8003689.0
2015-05-11,3.271,3.369,3.25,3.369,14898299.0
2015-05-12,3.369,3.416,3.36,3.412,6430819.0
2015-05-13,3.41,3.415,3.375,3.383,7037182.0
2015-05-14,3.374,3.417,3.361,3.398,8952176.0
2015-05-15,3.382,3.384,3.32,3.349,5687894.0
2015-05-18,3.338,3.355,3.3,3.307,7263985.0
2015-05-19,3.3,3.418,3.3,3.413,8755375.0
2015-05-20,3.419,3.503,3.419,3.431,8196751.0
2015-05-21,3.433,3.53,3.433,3.527,8849292.0
2015-05-22,3.561,3.618,3.546,3.616,11633018.0
2015-05-25,3.624,3.743,3.612,3.742,9064912.0
2015-05-26,3.77,3.795,3.684,3.794,11404673.0
2015-05-27,3.864,3.864,3.745,3.794,24892840.0
2015-05-28,3.779,3.822,3.539,3.57,13196127.0
2015-05-29,3.545,3.66,3.391,3.533,11927326.0
2015-06-01,3.514,3.802,3.514,3.785,9025443.0
2015-06-02,3.79,3.845,3.74,3.84,10989724.0
2015-06-03,3.839,3.84,3.757,3.822,12928509.0
2015-06-04,3.81,3.88,3.666,3.874,15897496.0
2015-06-05,3.91,4.039,3.885,3.96,14279261.0
2015-06-08,3.99,4.079,3.954,4.053,31961288.0
2015-06-09,4.054,4.07,3.995,4.067,38857424.0
2015-06-10,4.04,4.09,3.986,4.055,18406988.0
2015-06-11,4.053,4.058,4.01,4.046,13084605.0
2015-06-12,4.049,4.159,4.049,4.154,14143867.0
2015-06-15,4.154,4.208,4.126,4.132,46337340.0
2015-06-16,4.1,4.121,3.936,3.975,34540712.0
2015-06-17,3.952,4.075,3.86,4.069,16587903.0
2015-06-18,4.07,4.097,3.96,3.98,238170432.0
2015-06-19,3.968,3.968,3.69,3.699,52072604.0
2015-06-23,3.7,3.755,3.503,3.755,113607128.0
2015-06-24,3.766,3.865,3.75,3.865,207759920.0
2015-06-25,3.86,3.89,3.695,3.738,315412320.0
2015-06-26,3.695,3.695,3.364,3.368,464861120.0
2015-06-29,3.48,3.533,3.154,3.339,593227712.0
2015-06-30,3.369,3.55,3.178,3.546,371966592.0
2015-07-01,3.52,3.56,3.3,3.314,451250368.0
2015-07-02,3.314,3.348,3.109,3.161,331038912.0
2015-07-03,3.145,3.19,2.93,2.94,135516128.0
2015-07-06,3.234,3.234,2.906,3.05,50443684.0
2015-07-07,3.048,3.048,2.795,2.942,43209196.0
2015-07-08,2.648,2.9,2.648,2.648,19941816.0
2015-07-09,2.6,2.913,2.6,2.913,17171832.0
2015-07-10,3.03,3.204,3.02,3.204,23858400.0
2015-07-13,3.338,3.395,3.15,3.393,44872104.0
2015-07-14,3.33,3.372,3.18,3.23,99093032.0
2015-07-15,3.199,3.23,3.044,3.055,20121940.0
2015-07-16,3.002,3.17,3.001,3.098,41024804.0
2015-07-17,3.105,3.255,3.105,3.238,199733408.0
2015-07-20,3.21,3.269,3.18,3.225,205432608.0
2015-07-21,3.195,3.28,3.17,3.256,158615232.0
2015-07-22,3.252,3.269,3.197,3.236,124997056.0
2015-07-23,3.237,3.326,3.222,3.325,92601712.0
2015-07-24,3.31,3.36,3.25,3.259,167605024.0
2015-07-27,3.215,3.245,2.934,2.956,142259392.0
2015-07-28,2.918,3.044,2.85,2.97,214490880.0
2015-07-29,2.978,3.114,2.966,3.094,82547640.0
2015-07-30,3.105,3.136,3.03,3.03,93478288.0
2015-07-31,3.0,3.09,2.986,3.018,18018060.0
2015-08-03,3.006,3.1,2.98,3.099,15540106.0
2015-08-04,3.07,3.179,3.057,3.157,18365516.0
2015-08-05,3.173,3.178,3.09,3.09,20595152.0
2015-08-06,3.069,3.1,3.04,3.06,14448214.0
2015-08-07,3.066,3.138,3.066,3.12,20797266.0
2015-08-10,3.136,3.28,3.136,3.264,11417376.0
2015-08-11,3.256,3.286,3.221,3.248,17247972.0
2015-08-12,3.221,3.248,3.196,3.197,24720342.0
2015-08-13,3.2,3.242,3.145,3.241,30650196.0
2015-08-14,3.268,3.273,3.218,3.238,18062796.0
2015-08-17,3.21,3.266,3.186,3.265,44198496.0
2015-08-18,3.268,3.289,2.953,3.103,66631760.0
2015-08-19,3.022,3.137,2.9,3.12,116803432.0
2015-08-20,3.085,3.085,3.01,3.013,32095124.0
2015-08-21,2.997,3.005,2.854,2.879,67399064.0
2015-08-24,2.83,2.83,2.591,2.591,12491014.0
2015-08-25,2.41,2.522,2.344,2.354,35275508.0
2015-08-26,2.45,2.5,2.305,2.373,217917728.0
2015-08-27,2.395,2.53,2.395,2.526,132979920.0
2015-08-28,2.533,2.653,2.533,2.648,129952112.0
2015-08-31,2.6,2.66,2.56,2.638,121366648.0
2015-09-01,2.63,2.64,2.523,2.63,124251544.0
2015-09-02,2.588,2.675,2.522,2.65,109473752.0
2015-09-07,2.625,2.71,2.5,2.568,84436416.0
2015-09-08,2.56,2.65,2.503,2.645,14613181.0
2015-09-09,2.65,2.88,2.63,2.7,13083184.0
2015-09-10,2.668,2.688,2.64,2.648,4360286.0
2015-09-11,2.64,2.668,2.598,2.644,1449198.0
2015-09-14,2.65,2.664,2.544,2.545,2910200.0
2015-09-15,2.53,2.532,2.455,2.463,3394008.0
2015-09-16,2.464,2.649,2.46,2.603,3475807.0
2015-09-17,2.514,2.611,2.514,2.526,6340800.0
2015-09-18,2.555,2.57,2.511,2.527,947100.0
2015-09-21,2.506,2.56,2.501,2.558,1060967.0
2015-09-22,2.559,2.586,2.559,2.576,1890449.0
2015-09-23,2.566,2.566,2.54,2.554,875400.0
2015-09-24,2.539,2.56,2.5,2.556,665001.0
2015-09-25,2.55,2.556,2.491,2.517,995800.0
2015-09-28,2.496,2.518,2.496,2.51,1249400.0
2015-09-29,2.501,2.509,2.475,2.478,693552.0
2015-09-30,2.485,2.499,2.478,2.491,382001.0
2015-10-08,2.566,2.57,2.531,2.555,2949810.0
2015-10-09,2.552,2.58,2.545,2.578,3238410.0
2015-10-12,2.578,2.68,2.577,2.661,2974382.0
2015-10-13,2.661,2.667,2.65,2.658,1205730.0
2015-10-14,2.667,2.667,2.631,2.64,1267151.0
2015-10-15,2.633,2.7,2.632,2.693,1717733.0
2015-10-16,2.68,2.75,2.68,2.731,2824497.0
2015-10-19,2.734,2.77,2.724,2.738,1964511.0
2015-10-20,2.76,2.762,2.732,2.76,1149650.0
2015-10-21,2.75,2.782,2.67,2.678,1716182.0
2015-10-22,2.683,2.72,2.65,2.718,1421250.0
2015-10-23,2.719,2.77,2.701,2.757,1177831.0
2015-10-26,2.775,2.796,2.77,2.78,1837739.0
2015-10-27,2.776,2.79,2.73,2.788,1199384.0
2015-10-28,2.78,2.79,2.755,2.756,750200.0
2015-10-29,2.763,2.77,2.741,2.75,656200.0
2015-10-30,2.75,2.76,2.736,2.75,444400.0
2015-11-02,2.75,2.756,2.716,2.73,540000.0
2015-11-03,2.734,2.734,2.694,2.699,927700.0
2015-11-04,2.7,2.79,2.697,2.786,1952303.0
2015-11-05,2.797,2.888,2.78,2.839,3462015.0
2015-11-06,2.841,2.9,2.84,2.886,2634280.0
2015-11-09,2.901,3.03,2.901,2.945,5046685.0
2015-11-10,2.937,2.954,2.911,2.935,4076743.0
2015-11-11,2.92,2.955,2.9,2.932,1451718.0
2015-11-12,2.932,2.939,2.9,2.9,1608502.0
2015-11-13,2.9,2.9,2.876,2.877,791100.0
2015-11-16,2.856,2.886,2.846,2.886,755531.0
2015-11-17,2.896,2.94,2.896,2.902,1614151.0
2015-11-18,2.901,2.901,2.876,2.877,689653.0
2015-11-19,2.88,2.909,2.872,2.906,608990.0
2015-11-20,2.906,2.91,2.887,2.898,836563.0
2015-11-23,2.89,2.923,2.878,2.893,1829800.0
2015-11-24,2.893,2.9,2.857,2.889,842766.0
2015-11-25,2.88,2.925,2.861,2.918,1858729.0
2015-11-26,2.926,2.947,2.912,2.915,1769894.0
2015-11-27,2.91,2.91,2.781,2.832,1389955.0
2015-11-30,2.8,2.82,2.741,2.799,1594075.0
2015-12-01,2.799,2.799,2.76,2.778,907344.0
2015-12-02,2.779,2.865,2.762,2.851,1322121.0
2015-12-03,2.852,2.882,2.833,2.88,942900.0
2015-12-04,2.86,2.878,2.82,2.831,905900.0
2015-12-07,2.831,2.847,2.803,2.825,332440.0
2015-12-08,2.82,2.82,2.78,2.79,672676.0
2015-12-09,2.777,2.788,2.768,2.785,547181.0
2015-12-10,2.785,2.805,2.768,2.771,418376.0
2015-12-11,2.766,2.779,2.744,2.753,584907.0
2015-12-14,2.752,2.809,2.716,2.806,844300.0
2015-12-15,2.805,2.805,2.78,2.788,448700.0
2015-12-16,2.79,2.805,2.78,2.78,528464.0
2015-12-17,2.796,2.85,2.796,2.834,1634400.0
2015-12-18,2.834,2.858,2.826,2.835,1017648.0
2015-12-21,2.835,2.92,2.826,2.91,3239683.0
2015-12-22,2.917,2.928,2.902,2.909,1267273.0
2015-12-23,2.915,2.95,2.909,2.927,1815897.0
2015-12-24,2.928,2.928,2.867,2.896,1467000.0
2015-12-25,2.896,2.905,2.89,2.899,638176.0
2015-12-28,2.9,2.94,2.83,2.836,2707534.0
2015-12-29,2.839,2.87,2.828,2.849,1172492.0
2015-12-30,2.859,2.859,2.84,2.85,436100.0
2015-12-31,2.865,2.866,2.84,2.853,581000.0
2016-01-04,2.856,2.861,2.716,2.726,1875900.0
2016-01-05,2.72,2.72,2.61,2.686,3296300.0
2016-01-06,2.71,2.729,2.68,2.729,1974915.0
2016-01-07,2.686,2.718,2.563,2.595,312501.0
2016-01-08,2.6,2.709,2.56,2.631,4618500.0
2016-01-11,2.62,2.62,2.528,2.537,2284300.0
2016-01-12,2.54,2.568,2.462,2.491,2022300.0
2016-01-13,2.502,2.516,2.47,2.47,1236385.0
2016-01-14,2.448,2.5,2.402,2.496,1967300.0
2016-01-15,2.46,2.49,2.398,2.416,2439200.0
2016-01-18,2.41,2.421,2.375,2.406,1521411.0
2016-01-19,2.412,2.478,2.4,2.477,1956177.0
2016-01-20,2.438,2.438,2.367,2.387,2145301.0
2016-01-21,2.375,2.401,2.325,2.337,1237287.0
2016-01-22,2.335,2.355,2.317,2.35,1466134.0
2016-01-25,2.355,2.371,2.349,2.364,669300.0
2016-01-26,2.364,2.364,2.2,2.23,2371284.0
2016-01-27,2.225,2.238,2.15,2.206,2218903.0
2016-01-28,2.205,2.217,2.166,2.175,814500.0
2016-01-29,2.177,2.23,2.17,2.22,1237840.0
2016-02-01,2.221,2.227,2.169,2.183,1068000.0
2016-02-02,2.182,2.227,2.182,2.222,810001.0
2016-02-03,2.208,2.215,2.188,2.211,610600.0
2016-02-04,2.217,2.239,2.217,2.232,1470600.0
2016-02-05,2.249,2.249,2.222,2.232,906800.0
2016-02-15,2.2,2.227,2.188,2.213,921800.0
2016-02-16,2.229,2.269,2.229,2.269,1191500.0
2016-02-17,2.264,2.29,2.26,2.288,880500.0
2016-02-18,2.3,2.308,2.29,2.292,1093200.0
2016-02-19,2.292,2.299,2.28,2.293,1210556.0
2016-02-22,2.3,2.34,2.3,2.335,1478552.0
2016-02-23,2.338,2.338,2.3,2.314,535676.0
2016-02-24,2.315,2.333,2.301,2.323,861701.0
2016-02-25,2.318,2.322,2.189,2.231,1695100.0
2016-02-26,2.234,2.25,2.178,2.225,2623400.0
2016-02-29,2.225,2.225,2.148,2.185,2892053.0
2016-03-01,2.201,2.22,2.182,2.207,1402224.0
2016-03-02,2.218,2.313,2.218,2.312,2458950.0
2016-03-03,2.329,2.329,2.307,2.311,1289829.0
2016-03-04,2.319,2.36,2.29,2.34,2528751.0
2016-03-07,2.359,2.37,2.342,2.352,1309702.0
2016-03-08,2.351,2.352,2.3,2.346,852209.0
2016-03-09,2.345,2.345,2.3,2.318,637881.0
2016-03-10,2.328,2.349,2.303,2.306,443070.0
2016-03-11,2.305,2.315,2.284,2.308,672338.0
2016-03-14,2.31,2.355,2.309,2.329,2310057.0
2016-03-15,2.33,2.334,2.304,2.329,1302004.0
2016-03-16,2.329,2.362,2.329,2.341,1295202.0
2016-03-17,2.343,2.383,2.341,2.366,1063334.0
2016-03-18,2.38,2.405,2.369,2.4,988646.0
2016-03-21,2.406,2.432,2.406,2.424,2296632.0
2016-03-22,2.424,2.424,2.41,2.418,926611.0
2016-03-23,2.416,2.426,2.39,2.409,2088570.0
2016-03-24,2.4,2.404,2.378,2.379,1839810.0
2016-03-25,2.379,2.399,2.375,2.382,559771.0
2016-03-28,2.383,2.426,2.362,2.383,1390760.0
2016-03-29,2.37,2.378,2.338,2.341,902802.0
2016-03-30,2.345,2.406,2.345,2.404,1293620.0
2016-03-31,2.412,2.419,2.39,2.404,1679706.0
2016-04-01,2.405,2.408,2.381,2.408,725040.0
2016-04-05,2.408,2.448,2.399,2.447,2574628.0
2016-04-06,2.43,2.448,2.43,2.438,907830.0
2016-04-07,2.438,2.449,2.418,2.418,863006.0
2016-04-08,2.408,2.41,2.398,2.409,795027.0
2016-04-11,2.408,2.446,2.408,2.436,1851288.0
2016-04-12,2.436,2.436,2.418,2.425,875241.0
2016-04-13,2.431,2.482,2.4,2.467,2967481.0
2016-04-14,2.471,2.48,2.455,2.47,1245254.0
2016-04-15,2.479,2.479,2.459,2.468,971890.0
2016-04-18,2.465,2.465,2.435,2.451,616585.0
2016-04-19,2.453,2.463,2.433,2.446,970410.0
2016-04-20,2.45,2.601,2.361,2.409,3857207.0
2016-04-21,2.408,2.432,2.383,2.417,2259290.0
2016-04-22,2.416,2.416,2.391,2.416,955196.0
2016-04-25,2.416,2.416,2.385,2.4,398176.0
2016-04-26,2.409,2.42,2.4,2.412,826564.0
2016-04-27,2.426,2.426,2.412,2.416,1162634.0
2016-04-28,2.42,2.429,2.39,2.41,733900.0
2016-04-29,2.411,2.411,2.4,2.406,1073000.0
2016-05-03,2.418,2.435,2.395,2.432,1530040.0
2016-05-04,2.432,2.432,2.411,2.424,635500.0
2016-05-05,2.423,2.423,2.404,2.415,422500.0
2016-05-06,2.415,2.418,2.361,2.374,1509411.0
2016-05-09,2.379,2.379,2.291,2.304,2699000.0
2016-05-10,2.302,2.33,2.29,2.295,1144000.0
2016-05-11,2.302,2.308,2.288,2.296,963969.0
2016-05-12,2.296,2.317,2.274,2.305,819485.0
2016-05-13,2.297,2.316,2.297,2.306,820100.0
2016-05-16,2.302,2.316,2.297,2.316,1111591.0
2016-05-17,2.317,2.324,2.309,2.318,807100.0
2016-05-18,2.317,2.317,2.277,2.3,1839900.0
2016-05-19,2.297,2.308,2.284,2.292,455900.0
2016-05-20,2.29,2.299,2.287,2.294,426660.0
2016-05-23,2.306,2.32,2.3,2.305,499500.0
2016-05-24,2.307,2.307,2.29,2.299,446800.0
2016-05-25,2.307,2.31,2.297,2.297,473290.0
2016-05-26,2.304,2.304,2.282,2.297,1039800.0
2016-05-27,2.297,2.309,2.216,2.302,358610.0
2016-05-30,2.297,2.32,2.291,2.311,893110.0
2016-05-31,2.311,2.38,2.311,2.377,2061796.0
2016-06-01,2.383,2.383,2.346,2.371,997235.0
2016-06-02,2.377,2.377,2.362,2.371,462630.0
2016-06-03,2.371,2.379,2.365,2.375,498740.0
2016-06-06,2.381,2.381,2.372,2.376,463097.0
2016-06-07,2.381,2.382,2.37,2.376,426900.0
2016-06-08,2.381,2.381,2.362,2.364,1178606.0
2016-06-13,2.364,2.364,2.31,2.312,1116100.0
2016-06-14,2.314,2.326,2.3,2.318,593600.0
2016-06-15,2.317,2.34,2.31,2.338,810800.0
2016-06-16,2.338,2.339,2.32,2.321,1128700.0
2016-06-17,2.321,2.345,2.321,2.334,791816.0
2016-06-20,2.344,2.348,2.33,2.34,693864.0
2016-06-21,2.341,2.356,2.339,2.34,1638146.0
2016-06-22,2.35,2.379,2.339,2.37,1306446.0
2016-06-23,2.364,2.364,2.347,2.348,776840.0
2016-06-24,2.35,2.356,2.313,2.327,1389640.0
2016-06-27,2.318,2.35,2.29,2.348,1979065.0
2016-06-28,2.343,2.347,2.329,2.344,1265975.0
2016-06-29,2.35,2.36,2.35,2.358,754391.0
2016-06-30,2.36,2.378,2.358,2.366,889817.0
2016-07-01,2.37,2.381,2.366,2.372,994572.0
2016-07-04,2.375,2.42,2.372,2.411,1907121.0
2016-07-05,2.411,2.428,2.41,2.424,1222331.0
2016-07-06,2.422,2.422,2.408,2.416,804399.0
2016-07-07,2.417,2.42,2.409,2.418,535604.0
2016-07-08,2.412,2.418,2.407,2.408,773710.0
2016-07-11,2.408,2.43,2.408,2.418,1420350.0
2016-07-12,2.425,2.478,2.408,2.476,2004461.0
2016-07-13,2.476,2.507,2.476,2.491,1070861.0
2016-07-14,2.491,2.495,2.478,2.483,729761.0
2016-07-15,2.482,2.5,2.482,2.49,1287352.0
2016-07-18,2.489,2.503,2.484,2.499,1098232.0
2016-07-19,2.499,2.499,2.476,2.485,1447549.0
2016-07-20,2.485,2.493,2.48,2.486,623359.0
2016-07-21,2.486,2.508,2.486,2.503,754600.0
2016-07-22,2.502,2.503,2.479,2.486,934400.0
2016-07-25,2.493,2.495,2.476,2.491,603806.0
2016-07-26,2.49,2.52,2.489,2.52,1402280.0
2016-07-27,2.524,2.535,2.47,2.498,2226468.0
2016-07-28,2.49,2.528,2.482,2.516,1297534.0
2016-07-29,2.519,2.535,2.515,2.525,1130100.0
2016-08-01,2.53,2.53,2.492,2.509,1816320.0
2016-08-02,2.518,2.518,2.493,2.511,1111400.0
2016-08-03,2.511,2.514,2.499,2.508,634685.0
2016-08-04,2.509,2.514,2.5,2.508,707600.0
2016-08-05,2.508,2.524,2.508,2.52,776753.0
2016-08-08,2.52,2.532,2.505,2.532,1004700.0
2016-08-09,2.532,2.558,2.532,2.557,1232214.0
2016-08-10,2.557,2.578,2.55,2.554,2346800.0
2016-08-11,2.555,2.581,2.545,2.545,4570430.0
2016-08-12,2.545,2.604,2.545,2.598,3927517.0
2016-08-15,2.603,2.679,2.603,2.657,9632444.0
2016-08-16,2.66,2.675,2.628,2.633,7796948.0
2016-08-17,2.635,2.655,2.628,2.644,2011553.0
2016-08-18,2.644,2.655,2.629,2.631,2050654.0
2016-08-19,2.631,2.645,2.62,2.641,1721318.0
2016-08-22,2.643,2.644,2.62,2.629,932508.0
2016-08-23,2.629,2.635,2.618,2.626,1023163.0
2016-08-24,2.633,2.638,2.613,2.619,2045852.0
2016-08-25,2.617,2.619,2.59,2.606,1388992.0
2016-08-26,2.608,2.619,2.596,2.603,774861.0
2016-08-29,2.603,2.609,2.592,2.607,428111.0
2016-08-30,2.606,2.619,2.6,2.604,1386753.0
2016-08-31,2.605,2.624,2.602,2.617,1075200.0
2016-09-01,2.622,2.622,2.601,2.602,1653335.0
2016-09-02,2.604,2.613,2.591,2.609,769135.0
2016-09-05,2.609,2.625,2.609,2.622,3974033.0
2016-09-06,2.623,2.632,2.615,2.631,1860700.0
2016-09-07,2.631,2.65,2.631,2.638,1991406.0
2016-09-08,2.638,2.645,2.629,2.637,1693300.0
2016-09-09,2.637,2.645,2.629,2.63,2087700.0
2016-09-12,2.625,2.625,2.559,2.569,4314201.0
2016-09-13,2.574,2.602,2.56,2.568,2286982.0
2016-09-14,2.567,2.567,2.552,2.557,1700642.0
2016-09-19,2.56,2.576,2.56,2.571,1431300.0
2016-09-20,2.572,2.575,2.56,2.573,1298634.0
2016-09-21,2.573,2.582,2.573,2.579,1648274.0
2016-09-22,2.587,2.61,2.586,2.6,1504775.0
2016-09-23,2.606,2.61,2.583,2.591,743900.0
2016-09-26,2.583,2.586,2.554,2.557,1294000.0
2016-09-27,2.552,2.559,2.539,2.554,1967200.0
2016-09-28,2.563,2.563,2.548,2.551,712400.0
2016-09-29,2.553,2.567,2.553,2.561,816061.0
2016-09-30,2.56,2.57,2.558,2.57,1023832.0
2016-10-10,2.57,2.61,2.57,2.6,2407090.0
2016-10-11,2.601,2.607,2.596,2.604,1486101.0
2016-10-12,2.603,2.603,2.593,2.597,871028.0
2016-10-13,2.597,2.61,2.596,2.609,1203959.0
2016-10-14,2.609,2.61,2.596,2.609,1148994.0
2016-10-17,2.619,2.619,2.59,2.594,1826015.0
2016-10-18,2.594,2.626,2.592,2.625,1939606.0
2016-10-19,2.625,2.64,2.623,2.626,1252506.0
2016-10-20,2.625,2.63,2.62,2.625,1738700.0
2016-10-21,2.628,2.648,2.625,2.643,2140097.0
2016-10-24,2.643,2.686,2.643,2.679,3335620.0
2016-10-25,2.679,2.682,2.67,2.679,1757476.0
2016-10-26,2.676,2.679,2.655,2.658,3827174.0
2016-10-27,2.66,2.661,2.646,2.658,2007192.0
2016-10-28,2.658,2.667,2.645,2.65,1877749.0
2016-10-31,2.657,2.657,2.634,2.644,1449158.0
2016-11-01,2.645,2.658,2.642,2.657,1307600.0
2016-11-02,2.658,2.658,2.634,2.639,6282483.0
2016-11-03,2.635,2.662,2.63,2.656,3045117.0
2016-11-04,2.656,2.669,2.65,2.653,4661666.0
2016-11-07,2.652,2.678,2.65,2.665,6594650.0
2016-11-08,2.676,2.685,2.665,2.677,5301006.0
2016-11-09,2.677,2.677,2.638,2.658,11169203.0
2016-11-10,2.661,2.696,2.661,2.691,2571511.0
2016-11-11,2.695,2.713,2.689,2.708,3308898.0
2016-11-14,2.707,2.728,2.7,2.714,3435100.0
2016-11-15,2.714,2.715,2.7,2.705,1375559.0
2016-11-16,2.706,2.714,2.701,2.711,1966626.0
2016-11-17,2.71,2.718,2.699,2.715,1679074.0
2016-11-18,2.714,2.726,2.705,2.707,1423506.0
2016-11-21,2.709,2.749,2.707,2.732,2815439.0
2016-11-22,2.736,2.761,2.732,2.759,2538541.0
2016-11-23,2.759,2.784,2.755,2.764,3289785.0
2016-11-24,2.765,2.784,2.759,2.77,1863225.0
2016-11-25,2.771,2.801,2.761,2.8,3493070.0
2016-11-28,2.803,2.842,2.803,2.82,5315701.0
2016-11-29,2.824,2.866,2.809,2.832,6353093.0
2016-11-30,2.832,2.832,2.79,2.796,4276600.0
2016-12-01,2.796,2.831,2.796,2.828,5797901.0
2016-12-02,2.822,2.838,2.797,2.808,4011607.0
2016-12-05,2.8,2.8,2.765,2.772,3450563.0
2016-12-06,2.76,2.789,2.76,2.765,2060829.0
2016-12-07,2.767,2.778,2.752,2.777,1989900.0
2016-12-08,2.778,2.789,2.778,2.784,1348300.0
2016-12-09,2.785,2.816,2.775,2.808,3749600.0
2016-12-12,2.805,2.811,2.741,2.759,8338220.0
2016-12-13,2.748,2.753,2.722,2.742,3313261.0
2016-12-14,2.738,2.753,2.727,2.727,3408801.0
2016-12-15,2.727,2.727,2.667,2.675,6002100.0
2016-12-16,2.688,2.688,2.67,2.68,2376200.0
2016-12-19,2.68,2.687,2.672,2.676,1682400.0
2016-12-20,2.679,2.679,2.64,2.655,4481100.0
2016-12-21,2.659,2.684,2.659,2.682,2338810.0
2016-12-22,2.683,2.691,2.676,2.687,2010571.0
2016-12-23,2.688,2.688,2.655,2.659,2620100.0
2016-12-26,2.662,2.67,2.633,2.669,3261900.0
2016-12-27,2.67,2.675,2.665,2.668,1513200.0
2016-12-28,2.668,2.671,2.65,2.656,2090400.0
2016-12-29,2.655,2.663,2.651,2.657,5245800.0
2016-12-30,2.658,2.666,2.654,2.663,4962500.0
2017-01-03,2.666,2.692,2.666,2.687,2885428.0
2017-01-04,2.69,2.711,2.685,2.707,2678834.0
2017-01-05,2.71,2.713,2.701,2.71,2109600.0
2017-01-06,2.713,2.72,2.701,2.709,2373301.0
2017-01-09,2.709,2.721,2.705,2.72,2068487.0
2017-01-10,2.718,2.721,2.706,2.711,2413700.0
2017-01-11,2.711,2.711,2.691,2.694,2148400.0
2017-01-12,2.695,2.699,2.682,2.686,3964876.0
2017-01-13,2.686,2.695,2.677,2.695,3370518.0
2017-01-16,2.695,2.729,2.674,2.722,6000201.0
2017-01-17,2.706,2.72,2.705,2.72,1793300.0
2017-01-18,2.719,2.737,2.716,2.733,2750700.0
2017-01-19,2.733,2.744,2.725,2.725,3209700.0
2017-01-20,2.727,2.746,2.727,2.744,1939300.0
2017-01-23,2.73,2.73,2.649,2.652,4351600.0
2017-01-24,2.654,2.669,2.65,2.666,2025800.0
2017-01-25,2.668,2.675,2.661,2.672,2348000.0
2017-01-26,2.673,2.686,2.673,2.676,7669800.0
2017-02-03,2.684,2.684,2.657,2.658,4448900.0
2017-02-06,2.656,2.669,2.655,2.662,4324200.0
2017-02-07,2.667,2.67,2.655,2.661,3075300.0
2017-02-08,2.662,2.669,2.648,2.668,3150100.0
2017-02-09,2.668,2.683,2.666,2.678,4062595.0
2017-02-10,2.678,2.7,2.678,2.694,5956000.0
2017-02-13,2.698,2.709,2.694,2.704,5195786.0
2017-02-14,2.704,2.706,2.693,2.7,3493410.0
2017-02-15,2.7,2.725,2.7,2.705,17863270.0
2017-02-16,2.704,2.718,2.704,2.717,12195900.0
2017-02-17,2.717,2.72,2.696,2.699,14190010.0
2017-02-20,2.698,2.735,2.698,2.735,5247400.0
2017-02-21,2.736,2.752,2.734,2.741,3695314.0
2017-02-22,2.74,2.757,2.735,2.755,10485700.0
2017-02-23,2.751,2.757,2.7,2.742,7402500.0
2017-02-24,2.742,2.745,2.728,2.739,4198400.0
2017-02-27,2.738,2.738,2.718,2.722,4938800.0
2017-02-28,2.71,2.733,2.71,2.73,6306093.0
2017-03-01,2.734,2.741,2.726,2.731,14411600.0
2017-03-02,2.732,2.736,2.712,2.715,8182201.0
2017-03-03,2.715,2.716,2.701,2.712,5370100.0
2017-03-06,2.71,2.723,2.71,2.721,8582100.0
2017-03-07,2.72,2.72,2.709,2.718,6354501.0
2017-03-08,2.717,2.719,2.71,2.713,5080800.0
2017-03-09,2.712,2.712,2.689,2.694,9006500.0
2017-03-10,2.696,2.698,2.688,2.694,5521054.0
2017-03-13,2.693,2.722,2.686,2.72,4660864.0
2017-03-14,2.721,2.726,2.714,2.724,4245311.0
2017-03-15,2.722,2.73,2.711,2.729,5713600.0
2017-03-16,2.73,2.745,2.73,2.738,12983151.0
2017-03-17,2.74,2.74,2.703,2.709,10419700.0
2017-03-20,2.718,2.735,2.708,2.728,9848150.0
2017-03-21,2.726,2.737,2.718,2.736,5887472.0
2017-03-22,2.73,2.731,2.712,2.715,4638041.0
2017-03-23,2.716,2.734,2.709,2.717,4254006.0
2017-03-24,2.72,2.752,2.718,2.746,6166184.0
2017-03-27,2.747,2.765,2.746,2.751,4871164.0
2017-03-28,2.751,2.752,2.733,2.738,3345200.0
2017-03-29,2.738,2.747,2.729,2.736,2890166.0
2017-03-30,2.731,2.74,2.713,2.73,4091550.0
2017-03-31,2.735,2.753,2.729,2.751,4322550.0
2017-04-05,2.76,2.784,2.76,2.783,6322454.0
2017-04-06,2.784,2.791,2.779,2.787,6542000.0
2017-04-07,2.787,2.793,2.776,2.792,5934354.0
2017-04-10,2.792,2.798,2.784,2.79,5144810.0
2017-04-11,2.789,2.795,2.76,2.792,8170902.0
2017-04-12,2.8,2.8,2.775,2.78,5468502.0
2017-04-13,2.78,2.791,2.775,2.788,2876500.0
2017-04-14,2.788,2.793,2.759,2.764,7245900.0
2017-04-17,2.764,2.764,2.737,2.754,7670730.0
2017-04-18,2.753,2.763,2.74,2.74,7849000.0
2017-04-19,2.736,2.736,2.704,2.722,9835900.0
2017-04-20,2.721,2.734,2.718,2.73,4739900.0
2017-04-21,2.731,2.752,2.728,2.749,5474901.0
2017-04-24,2.748,2.748,2.705,2.726,10193306.0
2017-04-25,2.728,2.737,2.72,2.733,4503800.0
2017-04-26,2.734,2.745,2.73,2.736,5411000.0
2017-04-27,2.737,2.737,2.708,2.734,10425700.0
2017-04-28,2.734,2.734,2.71,2.72,8009900.0
2017-05-02,2.719,2.72,2.701,2.705,8812000.0
2017-05-03,2.704,2.71,2.689,2.692,7769800.0
2017-05-04,2.694,2.699,2.678,2.685,4432600.0
2017-05-05,2.687,2.687,2.66,2.679,8342771.0
2017-05-08,2.678,2.682,2.66,2.679,6869100.0
2017-05-09,2.675,2.689,2.665,2.683,3894600.0
2017-05-10,2.68,2.686,2.662,2.665,6260500.0
2017-05-11,2.666,2.684,2.652,2.678,7303100.0
2017-05-12,2.679,2.706,2.675,2.705,6018200.0
2017-05-15,2.705,2.721,2.705,2.721,5957598.0
2017-05-16,2.719,2.731,2.697,2.73,6459400.0
2017-05-17,2.726,2.739,2.719,2.723,4755110.0
2017-05-18,2.721,2.721,2.697,2.707,4701500.0
2017-05-19,2.707,2.714,2.7,2.712,6263487.0
2017-05-22,2.71,2.725,2.696,2.71,8514300.0
2017-05-23,2.704,2.735,2.704,2.733,7912631.0
2017-05-24,2.732,2.732,2.711,2.73,7390143.0
2017-05-25,2.729,2.788,2.722,2.78,17229164.0
2017-05-26,2.78,2.793,2.77,2.787,8351509.0
2017-05-31,2.791,2.805,2.779,2.8,7117011.0
2017-06-01,2.798,2.808,2.788,2.807,4446454.0
2017-06-02,2.806,2.816,2.8,2.808,3835800.0
2017-06-05,2.806,2.81,2.78,2.784,6034100.0
2017-06-06,2.784,2.792,2.774,2.792,4668201.0
2017-06-07,2.792,2.818,2.792,2.817,4070200.0
2017-06-08,2.819,2.851,2.816,2.848,5477754.0
2017-06-09,2.847,2.866,2.84,2.852,6162376.0
2017-06-12,2.854,2.882,2.841,2.857,5985654.0
2017-06-13,2.865,2.867,2.846,2.865,5080900.0
2017-06-14,2.865,2.865,2.825,2.829,8059729.0
2017-06-15,2.831,2.834,2.808,2.814,5318793.0
2017-06-16,2.814,2.82,2.8,2.804,4259600.0
2017-06-19,2.806,2.826,2.796,2.821,3932610.0
2017-06-20,2.825,2.828,2.81,2.81,5380092.0
2017-06-21,2.822,2.843,2.808,2.842,5233853.0
2017-06-22,2.841,2.877,2.835,2.851,9088467.0
2017-06-23,2.85,2.873,2.835,2.872,4857944.0
2017-06-26,2.87,2.902,2.87,2.896,5365277.0
2017-06-27,2.895,2.901,2.882,2.897,3405521.0
2017-06-28,2.891,2.911,2.886,2.889,3178627.0
2017-06-29,2.889,2.906,2.888,2.903,3991784.0
2017-06-30,2.9,2.915,2.885,2.911,5264911.0
2017-07-03,2.912,2.917,2.895,2.913,4962000.0
2017-07-04,2.903,2.911,2.888,2.899,4795222.0
2017-07-05,2.894,2.919,2.89,2.916,4294300.0
2017-07-06,2.916,2.932,2.91,2.928,5161229.0
2017-07-07,2.93,2.939,2.92,2.939,5151677.0
2017-07-10,2.939,2.95,2.93,2.938,3137000.0
2017-07-11,2.938,2.969,2.935,2.955,5486805.0
2017-07-12,2.954,2.966,2.926,2.938,6122664.0
2017-07-13,2.938,2.964,2.937,2.963,4235400.0
2017-07-14,2.963,2.993,2.963,2.992,4170533.0
2017-07-17,2.993,3.01,2.942,2.975,9965000.0
2017-07-18,2.98,2.985,2.948,2.975,6293369.0
2017-07-19,2.976,3.005,2.973,3.004,6482780.0
2017-07-20,3.001,3.019,2.991,3.019,8376901.0
2017-07-21,3.018,3.027,3.011,3.02,3751307.0
2017-07-24,3.025,3.041,3.01,3.034,4813353.0
2017-07-25,3.035,3.036,3.015,3.02,5983573.0
2017-07-26,3.025,3.048,2.986,3.005,8277053.0
2017-07-27,3.005,3.005,2.986,3.005,3780310.0
2017-07-28,3.003,3.006,2.99,3.003,2741410.0
2017-07-31,3.003,3.01,2.997,3.007,5076000.0
2017-08-01,3.009,3.027,3.007,3.026,6017900.0
2017-08-02,3.028,3.042,2.723,3.02,3859010.0
2017-08-03,3.02,3.028,2.985,2.997,6268911.0
2017-08-04,2.99,3.002,2.984,2.985,9116753.0
2017-08-07,2.99,2.995,2.965,2.994,5428169.0
2017-08-08,2.992,2.994,2.977,2.98,4130840.0
2017-08-09,2.981,2.982,2.97,2.975,3120140.0
2017-08-10,2.974,2.98,2.948,2.967,5612479.0
2017-08-11,2.963,2.963,2.916,2.92,10182100.0
2017-08-14,2.91,2.939,2.91,2.933,3994286.0
2017-08-15,2.933,2.965,2.93,2.95,5252302.0
2017-08-16,2.95,2.95,2.937,2.943,3009901.0
2017-08-17,2.944,2.962,2.943,2.957,2582731.0
2017-08-18,2.95,2.967,2.94,2.961,3132007.0
2017-08-21,2.96,2.973,2.958,2.97,2971270.0
2017-08-22,2.97,2.983,2.967,2.973,4050201.0
2017-08-23,2.972,2.991,2.972,2.984,4243812.0
2017-08-24,2.984,2.995,2.977,2.978,3270300.0
2017-08-25,2.978,3.03,2.977,3.028,8236420.0
2017-08-28,3.028,3.059,3.028,3.037,4685658.0
2017-08-29,3.034,3.045,3.03,3.039,4149600.0
2017-08-30,3.044,3.053,3.028,3.032,3010100.0
2017-08-31,3.034,3.044,3.0,3.015,5385842.0
2017-09-01,3.015,3.032,3.007,3.014,5723700.0
2017-09-04,3.015,3.022,3.005,3.018,5877950.0
2017-09-05,3.019,3.032,3.012,3.026,3508050.0
2017-09-06,3.023,3.025,3.013,3.023,2547100.0
2017-09-07,3.023,3.028,3.012,3.013,4014600.0
2017-09-08,3.013,3.023,3.008,3.015,3780701.0
2017-09-11,3.015,3.033,3.012,3.019,4883400.0
2017-09-12,3.02,3.03,3.017,3.025,3415200.0
2017-09-13,3.025,3.028,3.016,3.024,1785300.0
2017-09-14,3.024,3.027,3.003,3.006,5879630.0
2017-09-15,3.007,3.009,2.993,2.997,3636897.0
2017-09-18,2.999,3.016,2.997,3.01,3580793.0
2017-09-19,3.011,3.025,3.0,3.004,3205291.0
2017-09-20,3.005,3.025,3.0,3.02,4077960.0
2017-09-21,3.02,3.034,3.013,3.029,2625947.0
2017-09-22,3.028,3.035,3.018,3.033,5008994.0
2017-09-25,3.032,3.033,3.021,3.03,3851109.0
2017-09-26,3.025,3.033,3.02,3.026,2376307.0
2017-09-27,3.026,3.034,3.023,3.03,1788615.0
2017-09-28,3.024,3.029,3.021,3.026,2143500.0
2017-09-29,3.026,3.037,3.026,3.036,2841344.0
2017-10-09,3.07,3.088,3.055,3.058,4447771.0
2017-10-10,3.058,3.068,3.032,3.05,5232655.0
2017-10-11,3.052,3.068,3.041,3.062,3228728.0
2017-10-12,3.062,3.072,3.057,3.068,2604200.0
2017-10-13,3.069,3.075,3.062,3.069,4905533.0
2017-10-16,3.069,3.069,3.06,3.065,3157000.0
2017-10-17,3.064,3.065,3.054,3.061,2248800.0
2017-10-18,3.06,3.077,3.059,3.076,3030900.0
2017-10-19,3.076,3.088,3.076,3.083,4773376.0
2017-10-20,3.081,3.095,3.076,3.093,4030617.0
2017-10-23,3.092,3.093,3.086,3.089,2423163.0
2017-10-24,3.087,3.107,3.082,3.106,3549799.0
2017-10-25,3.107,3.111,3.102,3.111,2174300.0
2017-10-26,3.111,3.124,3.099,3.104,4709220.0
2017-10-27,3.116,3.12,3.106,3.119,3473700.0
2017-10-30,3.12,3.125,3.085,3.112,6399132.0
2017-10-31,3.108,3.108,3.088,3.1,4849269.0
2017-11-01,3.1,3.104,3.075,3.075,5582300.0
2017-11-02,3.074,3.078,3.057,3.072,4783901.0
2017-11-03,3.072,3.072,3.043,3.063,6149200.0
2017-11-06,3.062,3.075,3.049,3.075,3242400.0
2017-11-07,3.075,3.105,3.075,3.093,5073087.0
2017-11-08,3.093,3.121,3.091,3.101,4126000.0
2017-11-09,3.104,3.119,3.1,3.117,2696037.0
2017-11-10,3.119,3.138,3.1,3.136,4611796.0
2017-11-13,3.136,3.167,3.136,3.159,3957353.0
2017-11-14,3.158,3.164,3.137,3.143,4350665.0
2017-11-15,3.143,3.143,3.119,3.124,4098639.0
2017-11-16,3.123,3.126,3.113,3.123,3588400.0
2017-11-17,3.123,3.161,3.121,3.158,5266620.0
2017-11-20,3.155,3.185,3.128,3.181,6773800.0
2017-11-21,3.181,3.221,3.172,3.207,6674155.0
2017-11-22,3.21,3.244,3.205,3.221,4287488.0
2017-11-23,3.22,3.232,3.138,3.155,8449668.0
2017-11-24,3.152,3.16,3.122,3.15,10001300.0
2017-11-27,3.15,3.15,3.104,3.121,9300600.0
2017-11-28,3.112,3.123,3.095,3.113,6112000.0
2017-11-29,3.114,3.13,3.091,3.112,3801000.0
2017-11-30,3.111,3.116,3.089,3.093,6137000.0
2017-12-01,3.093,3.098,3.077,3.09,5788500.0
2017-12-04,3.09,3.098,3.076,3.089,5338500.0
2017-12-05,3.089,3.132,3.088,3.124,9323582.0
2017-12-06,3.123,3.123,3.07,3.096,6029510.0
2017-12-07,3.093,3.095,3.061,3.071,6341553.0
2017-12-08,3.068,3.071,3.05,3.067,5795253.0
2017-12-11,3.065,3.097,3.054,3.097,5174854.0
2017-12-12,3.089,3.09,3.053,3.055,6319900.0
2017-12-13,3.055,3.069,3.042,3.068,5041900.0
2017-12-14,3.068,3.074,3.052,3.056,5366839.0
2017-12-15,3.051,3.056,3.031,3.032,6500300.0
2017-12-18,3.036,3.042,3.027,3.036,4613577.0
2017-12-19,3.037,3.061,3.037,3.061,4822776.0
2017-12-20,3.061,3.07,3.053,3.062,4828000.0
2017-12-21,3.065,3.078,3.045,3.069,6203976.0
2017-12-22,3.071,3.078,3.066,3.067,6684608.0
2017-12-25,3.066,3.095,3.065,3.07,8479976.0
2017-12-26,3.07,3.09,3.067,3.089,6775073.0
2017-12-27,3.09,3.098,3.065,3.07,5808000.0
2017-12-28,3.072,3.09,3.064,3.086,5289393.0
2017-12-29,3.087,3.102,3.086,3.102,9553582.0
2018-01-02,3.103,3.15,3.103,3.147,7375182.0
2018-01-03,3.148,3.177,3.14,3.162,5740300.0
2018-01-04,3.161,3.171,3.154,3.163,3981050.0
2018-01-05,3.163,3.203,3.158,3.195,6048310.0
2018-01-08,3.194,3.235,3.193,3.217,7769900.0
2018-01-09,3.219,3.223,3.207,3.216,4207601.0
2018-01-10,3.216,3.235,3.207,3.226,11343290.0
2018-01-11,3.225,3.232,3.204,3.218,7610445.0
2018-01-12,3.217,3.237,3.212,3.226,4950455.0
2018-01-15,3.227,3.249,3.215,3.221,5113502.0
2018-01-16,3.219,3.245,3.215,3.244,4910000.0
2018-01-17,3.25,3.284,3.235,3.254,9093756.0
2018-01-18,3.255,3.284,3.255,3.282,6850700.0
2018-01-19,3.286,3.317,3.285,3.298,8048902.0
2018-01-22,3.296,3.323,3.293,3.319,6677000.0
2018-01-23,3.217,3.26,3.212,3.259,9785600.0
2018-01-24,3.261,3.287,3.249,3.269,6029000.0
2018-01-25,3.268,3.275,3.229,3.255,6791600.0
2018-01-26,3.252,3.3,3.246,3.291,6069443.0
2018-01-29,3.284,3.324,3.24,3.259,10040400.0
2018-01-30,3.258,3.264,3.221,3.228,8259138.0
2018-01-31,3.222,3.232,3.196,3.225,6493850.0
2018-02-01,3.227,3.244,3.197,3.222,6944264.0
2018-02-02,3.212,3.257,3.181,3.253,6507830.0
2018-02-05,3.23,3.306,3.22,3.303,6163901.0
2018-02-06,3.268,3.269,3.2,3.215,15387423.0
2018-02-07,3.25,3.272,3.146,3.152,12718300.0
2018-02-08,3.146,3.148,3.06,3.094,12625900.0
2018-02-09,3.049,3.049,2.908,2.978,20763664.0
2018-02-12,2.983,3.0,2.96,2.984,9925400.0
2018-02-13,2.993,3.054,2.993,3.023,7455700.0
2018-02-14,3.023,3.035,3.0,3.032,7699894.0
2018-02-22,3.07,3.09,3.056,3.09,6312600.0
2018-02-23,3.09,3.112,3.077,3.104,6777700.0
2018-02-26,3.113,3.136,3.086,3.123,7587300.0
2018-02-27,3.13,3.134,3.078,3.084,8972005.0
2018-02-28,3.071,3.071,3.035,3.056,6735700.0
2018-03-01,3.049,3.07,3.027,3.05,6424593.0
2018-03-02,3.041,3.057,3.023,3.048,5898811.0
2018-03-05,3.048,3.07,3.035,3.05,3777486.0
2018-03-06,3.061,3.079,3.039,3.075,5390467.0
2018-03-07,3.076,3.102,3.068,3.071,6324467.0
2018-03-08,3.07,3.088,3.066,3.084,2588000.0
2018-03-09,3.094,3.094,3.077,3.086,5372600.0
2018-03-12,3.095,3.104,3.088,3.092,4854900.0
2018-03-13,3.092,3.101,3.077,3.08,4732500.0
2018-03-14,3.079,3.079,3.062,3.072,3070711.0
2018-03-15,3.07,3.077,3.058,3.066,4999449.0
2018-03-16,3.067,3.075,3.045,3.049,3808000.0
2018-03-19,3.048,3.05,3.024,3.034,4954400.0
2018-03-20,3.034,3.04,3.014,3.04,4160650.0
2018-03-21,3.046,3.057,3.025,3.03,3903500.0
2018-03-22,3.039,3.039,2.996,3.01,6250200.0
2018-03-23,2.968,2.968,2.905,2.943,17086613.0
2018-03-26,2.935,2.935,2.877,2.913,11061200.0
2018-03-27,2.924,2.98,2.902,2.913,7754901.0
2018-03-28,2.902,2.919,2.877,2.877,8968963.0
2018-03-29,2.878,2.934,2.861,2.928,6576701.0
2018-03-30,2.928,2.934,2.913,2.921,4786200.0
2018-04-02,2.921,2.935,2.903,2.905,6174700.0
2018-04-03,2.891,2.892,2.86,2.865,9279300.0
2018-04-04,2.867,2.89,2.865,2.866,5976300.0
2018-04-09,2.864,2.874,2.848,2.864,4427600.0
2018-04-10,2.865,2.917,2.865,2.916,5986600.0
2018-04-11,2.919,2.949,2.916,2.938,5616255.0
2018-04-12,2.938,2.938,2.906,2.908,4811400.0
2018-04-13,2.933,2.933,2.892,2.895,3290053.0
2018-04-16,2.895,2.895,2.833,2.842,9955000.0
2018-04-17,2.85,2.852,2.81,2.818,6669700.0
2018-04-18,2.833,2.845,2.788,2.82,9178900.0
2018-04-19,2.82,2.84,2.815,2.838,4768901.0
2018-04-20,2.836,2.846,2.795,2.803,5574600.0
2018-04-23,2.801,2.816,2.79,2.803,4645463.0
2018-04-24,2.802,2.878,2.802,2.859,7532907.0
2018-04-25,2.85,2.855,2.837,2.841,3952000.0
2018-04-26,2.844,2.848,2.797,2.801,6655700.0
2018-04-27,2.808,2.816,2.773,2.806,8672181.0
2018-05-02,2.812,2.822,2.806,2.818,5243686.0
2018-05-03,2.818,2.841,2.809,2.835,5562040.0
2018-05-04,2.835,2.842,2.83,2.834,3166900.0
2018-05-07,2.834,2.866,2.831,2.865,4175500.0
2018-05-08,2.865,2.894,2.86,2.89,5860300.0
2018-05-09,2.896,2.896,2.879,2.884,4171301.0
2018-05-10,2.887,2.907,2.887,2.905,3217100.0
2018-05-11,2.905,2.913,2.896,2.899,3025000.0
2018-05-14,2.902,2.917,2.9,2.905,3404600.0
2018-05-15,2.911,2.916,2.901,2.915,3658412.0
2018-05-16,2.912,2.916,2.902,2.904,3267272.0
2018-05-17,2.901,2.909,2.894,2.898,2855772.0
2018-05-18,2.898,2.929,2.889,2.928,4204300.0
2018-05-21,2.935,2.949,2.933,2.937,5841200.0
2018-05-22,2.937,2.939,2.916,2.923,2938600.0
2018-05-23,2.92,2.922,2.9,2.9,4640900.0
2018-05-24,2.9,2.901,2.875,2.877,5297800.0
2018-05-25,2.876,2.885,2.865,2.881,4878300.0
2018-05-28,2.878,2.885,2.865,2.876,4187400.0
2018-05-29,2.874,2.882,2.865,2.873,3939159.0
2018-05-30,2.864,2.864,2.828,2.834,7643300.0
2018-05-31,2.842,2.879,2.842,2.875,4947732.0
2018-06-01,2.871,2.883,2.853,2.864,3653000.0
2018-06-04,2.869,2.885,2.869,2.881,3491900.0
2018-06-05,2.884,2.898,2.871,2.895,3222102.0
2018-06-06,2.893,2.893,2.882,2.888,2514953.0
2018-06-07,2.889,2.897,2.878,2.878,3965600.0
2018-06-08,2.877,2.877,2.835,2.844,6082000.0
2018-06-11,2.842,2.843,2.827,2.84,5209100.0
2018-06-12,2.841,2.869,2.833,2.86,3616428.0
2018-06-13,2.859,2.866,2.854,2.857,1989368.0
2018-06-14,2.852,2.865,2.841,2.855,2056100.0
2018-06-15,2.855,2.864,2.845,2.853,4138100.0
2018-06-19,2.849,2.85,2.75,2.786,12437206.0
2018-06-20,2.776,2.785,2.758,2.781,6913895.0
2018-06-21,2.781,2.8,2.758,2.761,6141000.0
2018-06-22,2.758,2.761,2.733,2.756,4569300.0
2018-06-25,2.762,2.776,2.735,2.736,5455100.0
2018-06-26,2.72,2.72,2.673,2.703,12324300.0
2018-06-27,2.703,2.712,2.659,2.671,12193700.0
2018-06-28,2.674,2.675,2.639,2.644,8967355.0
2018-06-29,2.647,2.693,2.646,2.69,9904010.0
2018-07-02,2.691,2.691,2.599,2.615,26136161.0
2018-07-03,2.621,2.624,2.564,2.62,10353300.0
2018-07-04,2.619,2.633,2.61,2.613,5321300.0
2018-07-05,2.614,2.628,2.59,2.599,5840100.0
2018-07-06,2.602,2.63,2.573,2.616,8090900.0
2018-07-09,2.62,2.673,2.619,2.671,9678700.0
2018-07-10,2.671,2.686,2.66,2.681,6783500.0
2018-07-11,2.64,2.652,2.626,2.643,8627200.0
2018-07-12,2.64,2.7,2.64,2.688,8567700.0
2018-07-13,2.694,2.699,2.68,2.685,3198626.0
2018-07-16,2.686,2.694,2.66,2.675,4868764.0
2018-07-17,2.663,2.674,2.646,2.662,5556664.0
2018-07-18,2.662,2.695,2.662,2.676,4578400.0
2018-07-19,2.677,2.69,2.665,2.665,4812800.0
2018-07-20,2.666,2.74,2.658,2.732,7376800.0
2018-07-23,2.726,2.774,2.719,2.769,6593000.0
2018-07-24,2.77,2.802,2.77,2.791,6886100.0
2018-07-25,2.799,2.799,2.781,2.79,3917600.0
2018-07-26,2.79,2.802,2.768,2.773,4102900.0
2018-07-27,2.773,2.78,2.762,2.765,2993800.0
2018-07-30,2.765,2.793,2.756,2.77,5002300.0
2018-07-31,2.769,2.794,2.759,2.787,4866700.0
2018-08-01,2.789,2.798,2.734,2.736,6998541.0
2018-08-02,2.73,2.73,2.653,2.679,11246100.0
2018-08-03,2.682,2.697,2.665,2.666,6574000.0
2018-08-06,2.671,2.689,2.639,2.65,6654600.0
2018-08-07,2.653,2.706,2.642,2.706,7626900.0
2018-08-08,2.704,2.704,2.671,2.671,5076500.0
2018-08-09,2.67,2.723,2.663,2.715,5045661.0
2018-08-10,2.718,2.723,2.688,2.705,4151000.0
2018-08-13,2.69,2.69,2.652,2.684,7313148.0
2018-08-14,2.684,2.689,2.672,2.678,3864700.0
2018-08-15,2.68,2.684,2.631,2.632,9480848.0
2018-08-16,2.623,2.64,2.592,2.622,7776800.0
2018-08-17,2.637,2.642,2.595,2.597,6771400.0
2018-08-20,2.6,2.625,2.595,2.623,5841400.0
2018-08-21,2.625,2.658,2.625,2.649,4651300.0
2018-08-22,2.649,2.654,2.633,2.638,2793428.0
2018-08-23,2.638,2.659,2.625,2.647,3817500.0
2018-08-24,2.646,2.675,2.633,2.657,4820853.0
2018-08-27,2.66,2.711,2.66,2.709,6179955.0
2018-08-28,2.709,2.717,2.703,2.707,4588505.0
2018-08-29,2.705,2.709,2.687,2.704,6572533.0
2018-08-30,2.695,2.709,2.68,2.686,7604901.0
2018-08-31,2.679,2.691,2.662,2.676,4637645.0
2018-09-03,2.678,2.682,2.65,2.672,5063274.0
2018-09-04,2.673,2.702,2.666,2.696,5183200.0
2018-09-05,2.691,2.694,2.653,2.66,5887600.0
2018-09-06,2.648,2.663,2.633,2.635,4998300.0
2018-09-07,2.64,2.667,2.63,2.647,5627400.0
2018-09-10,2.643,2.65,2.63,2.635,9481100.0
2018-09-11,2.634,2.635,2.613,2.624,5542000.0
2018-09-12,2.627,2.634,2.606,2.62,5634000.0
2018-09-13,2.635,2.65,2.623,2.649,5455200.0
2018-09-14,2.65,2.659,2.643,2.652,3881600.0
2018-09-17,2.649,2.649,2.632,2.638,6726400.0
2018-09-18,2.634,2.677,2.63,2.676,4775300.0
2018-09-19,2.676,2.719,2.669,2.711,10988606.0
2018-09-20,2.714,2.717,2.699,2.702,4293500.0
2018-09-21,2.708,2.78,2.702,2.778,9006400.0
2018-09-25,2.755,2.763,2.747,2.755,6366018.0
2018-09-26,2.76,2.809,2.758,2.775,8113300.0
2018-09-27,2.772,2.783,2.768,2.779,3875900.0
2018-09-28,2.779,2.805,2.779,2.801,5636900.0
2018-10-08,2.769,2.769,2.703,2.707,13441500.0
2018-10-09,2.707,2.717,2.696,2.699,7593100.0
2018-10-10,2.703,2.723,2.689,2.709,5351600.0
2018-10-11,2.645,2.675,2.571,2.598,35491100.0
2018-10-12,2.597,2.624,2.561,2.614,17905500.0
2018-10-15,2.623,2.624,2.567,2.575,11822900.0
2018-10-16,2.573,2.59,2.55,2.554,10769400.0
2018-10-17,2.571,2.587,2.542,2.574,10681100.0
2018-10-18,2.565,2.565,2.525,2.53,16203200.0
2018-10-19,2.519,2.589,2.5,2.587,13352853.0
2018-10-22,2.602,2.695,2.602,2.675,20200500.0
2018-10-23,2.676,2.676,2.605,2.612,19162000.0
2018-10-24,2.611,2.656,2.603,2.624,11226400.0
2018-10-25,2.58,2.625,2.554,2.621,12246800.0
2018-10-26,2.63,2.645,2.609,2.625,5333628.0
2018-10-29,2.625,2.631,2.562,2.574,13526900.0
2018-10-30,2.569,2.615,2.561,2.588,8594701.0
2018-10-31,2.598,2.622,2.592,2.616,9701300.0
2018-11-01,2.621,2.64,2.61,2.613,8981263.0
2018-11-02,2.652,2.675,2.633,2.675,13401676.0
2018-11-05,2.661,2.671,2.635,2.66,8988300.0
2018-11-06,2.659,2.66,2.64,2.656,4352100.0
2018-11-07,2.656,2.673,2.638,2.641,6971400.0
2018-11-08,2.651,2.663,2.634,2.643,9558400.0
2018-11-09,2.632,2.633,2.605,2.606,8721400.0
2018-11-12,2.603,2.636,2.6,2.636,5522601.0
2018-11-13,2.619,2.66,2.611,2.65,6374402.0
2018-11-14,2.65,2.656,2.622,2.625,6158100.0
2018-11-15,2.625,2.648,2.625,2.644,5025000.0
2018-11-16,2.65,2.665,2.638,2.65,7173676.0
2018-11-19,2.651,2.675,2.651,2.674,6831539.0
2018-11-20,2.665,2.671,2.625,2.629,9643800.0
2018-11-21,2.618,2.633,2.607,2.629,4723600.0
2018-11-22,2.632,2.636,2.61,2.62,4042200.0
2018-11-23,2.619,2.619,2.57,2.575,15488500.0
2018-11-26,2.575,2.591,2.567,2.578,6314500.0
2018-11-27,2.58,2.587,2.564,2.572,5631700.0
2018-11-28,2.57,2.589,2.558,2.588,4698200.0
2018-11-29,2.598,2.598,2.57,2.571,5192238.0
2018-11-30,2.57,2.588,2.564,2.587,5190000.0
2018-12-03,2.628,2.654,2.622,2.643,12109743.0
2018-12-04,2.644,2.653,2.63,2.649,5634244.0
2018-12-05,2.629,2.652,2.624,2.642,4729300.0
2018-12-06,2.625,2.63,2.605,2.611,7176400.0
2018-12-07,2.611,2.623,2.61,2.621,2562100.0
2018-12-10,2.615,2.62,2.6,2.607,5301700.0
2018-12-11,2.611,2.615,2.604,2.609,2951200.0
2018-12-12,2.615,2.63,2.615,2.625,3181200.0
2018-12-13,2.629,2.663,2.626,2.652,11186100.0
2018-12-14,2.65,2.653,2.634,2.636,10001700.0
2018-12-17,2.633,2.651,2.629,2.65,4467700.0
2018-12-18,2.643,2.65,2.619,2.634,6665600.0
2018-12-19,2.631,2.643,2.617,2.619,5137000.0
2018-12-20,2.616,2.63,2.589,2.604,10276300.0
2018-12-21,2.6,2.602,2.576,2.59,10693700.0
2018-12-24,2.585,2.605,2.579,2.605,5376500.0
2018-12-25,2.594,2.594,2.547,2.58,16294200.0
2018-12-26,2.578,2.589,2.574,2.582,4250900.0
2018-12-27,2.601,2.613,2.569,2.579,6200100.0
2018-12-28,2.578,2.587,2.569,2.583,6062700.0
2019-01-02,2.587,2.59,2.529,2.539,16917500.0
2019-01-03,2.535,2.557,2.529,2.532,8427900.0
2019-01-04,2.52,2.567,2.512,2.566,9693101.0
2019-01-07,2.575,2.594,2.572,2.591,7740301.0
2019-01-08,2.59,2.597,2.579,2.596,7366301.0
2019-01-09,2.596,2.639,2.596,2.608,11184900.0
2019-01-10,2.61,2.617,2.6,2.6,8166901.0
2019-01-11,2.602,2.616,2.599,2.611,5189100.0
2019-01-14,2.612,2.62,2.61,2.613,6062000.0
2019-01-15,2.614,2.635,2.605,2.631,9463800.0
2019-01-16,2.538,2.539,2.531,2.535,7205000.0
2019-01-17,2.536,2.547,2.528,2.528,6874701.0
2019-01-18,2.53,2.562,2.53,2.56,7131301.0
2019-01-21,2.565,2.578,2.562,2.571,10495800.0
2019-01-22,2.57,2.577,2.539,2.546,11872700.0
2019-01-23,2.543,2.555,2.538,2.549,3688827.0
2019-01-24,2.545,2.56,2.538,2.558,8090000.0
2019-01-25,2.558,2.576,2.558,2.566,8392100.0
2019-01-28,2.574,2.595,2.564,2.567,10107490.0
2019-01-29,2.559,2.583,2.542,2.578,11570455.0
2019-01-30,2.574,2.584,2.56,2.569,5942684.0
2019-01-31,2.571,2.594,2.571,2.585,7331076.0
2019-02-01,2.588,2.608,2.58,2.607,11730062.0
2019-02-11,2.607,2.63,2.6,2.622,16877560.0
2019-02-12,2.632,2.65,2.622,2.641,13756101.0
2019-02-13,2.643,2.689,2.64,2.672,18872602.0
2019-02-14,2.673,2.685,2.665,2.677,8770497.0
2019-02-15,2.674,2.674,2.634,2.638,12139166.0
2019-02-18,2.647,2.698,2.647,2.698,10353918.0
2019-02-19,2.7,2.716,2.682,2.694,11884218.0
2019-02-20,2.696,2.702,2.682,2.697,8753127.0
2019-02-21,2.697,2.711,2.675,2.679,11398376.0
2019-02-22,2.68,2.708,2.667,2.707,11249053.0
2019-02-25,2.713,2.827,2.713,2.825,32200990.0
2019-02-26,2.818,2.854,2.8,2.808,22776076.0
2019-02-27,2.8,2.848,2.792,2.806,14709501.0
2019-02-28,2.805,2.827,2.8,2.807,10027700.0
2019-03-01,2.816,2.836,2.799,2.835,11799176.0
2019-03-04,2.84,2.91,2.84,2.869,18469337.0
2019-03-05,2.866,2.885,2.852,2.884,12732900.0
2019-03-06,2.884,2.927,2.867,2.919,18930662.0
2019-03-07,2.916,2.926,2.885,2.91,20191302.0
2019-03-08,2.887,2.887,2.79,2.793,26531763.0
2019-03-11,2.789,2.836,2.785,2.83,12995614.0
2019-03-12,2.85,2.888,2.834,2.858,12646164.0
2019-03-13,2.858,2.864,2.833,2.837,11096063.0
2019-03-14,2.836,2.858,2.791,2.805,12391324.0
2019-03-15,2.804,2.852,2.804,2.832,9808619.0
2019-03-18,2.834,2.91,2.83,2.907,15883929.0
2019-03-19,2.909,2.927,2.891,2.904,11000228.0
2019-03-20,2.893,2.914,2.866,2.902,9572310.0
2019-03-21,2.905,2.932,2.905,2.917,12837328.0
2019-03-22,2.916,2.926,2.88,2.919,9566437.0
2019-03-25,2.871,2.913,2.871,2.876,11010600.0
2019-03-26,2.878,2.892,2.825,2.83,15089900.0
2019-03-27,2.845,2.878,2.841,2.875,9794400.0
2019-03-28,2.875,2.889,2.853,2.862,11554663.0
2019-03-29,2.862,2.926,2.845,2.919,18476300.0
2019-04-01,2.922,3.0,2.922,2.996,19981367.0
2019-04-02,3.007,3.014,2.988,2.994,11909066.0
2019-04-03,2.99,3.03,2.962,3.026,10899463.0
2019-04-04,3.043,3.068,3.03,3.061,11513230.0
2019-04-08,3.07,3.093,3.031,3.076,17567869.0
2019-04-09,3.07,3.08,3.055,3.069,7148706.0
2019-04-10,3.06,3.082,3.037,3.062,7483800.0
2019-04-11,3.062,3.077,3.021,3.035,9470800.0
2019-04-12,3.03,3.031,2.993,3.011,9970400.0
2019-04-15,3.06,3.065,3.001,3.005,12220583.0
2019-04-16,2.999,3.045,2.965,3.045,16714339.0
2019-04-17,3.044,3.059,3.022,3.049,12241800.0
2019-04-18,3.05,3.05,3.022,3.025,6874500.0
2019-04-19,3.025,3.04,3.002,3.032,7292400.0
2019-04-22,3.035,3.038,2.97,2.972,15326600.0
2019-04-23,2.97,2.974,2.941,2.945,14316900.0
2019-04-24,2.945,2.969,2.933,2.966,10377706.0
2019-04-25,2.965,2.965,2.896,2.899,17306100.0
2019-04-26,2.898,2.898,2.861,2.865,17183004.0
2019-04-29,2.865,2.883,2.846,2.847,14758370.0
2019-04-30,2.849,2.877,2.845,2.874,9953701.0
2019-05-06,2.831,2.835,2.71,2.741,37469300.0
2019-05-07,2.746,2.779,2.746,2.771,15909220.0
2019-05-08,2.741,2.773,2.72,2.741,15231121.0
2019-05-09,2.727,2.736,2.698,2.7,18154000.0
2019-05-10,2.715,2.763,2.677,2.76,20818606.0
2019-05-13,2.72,2.739,2.715,2.722,11791900.0
2019-05-14,2.712,2.722,2.699,2.706,11340800.0
2019-05-15,2.719,2.753,2.718,2.747,11277200.0
2019-05-16,2.747,2.763,2.721,2.76,8048200.0
2019-05-17,2.76,2.767,2.701,2.704,13760800.0
2019-05-20,2.704,2.715,2.672,2.691,11411600.0
2019-05-21,2.696,2.733,2.689,2.718,9076000.0
2019-05-22,2.717,2.725,2.703,2.715,5255600.0
2019-05-23,2.709,2.709,2.685,2.687,12771400.0
2019-05-24,2.689,2.7,2.68,2.687,9506101.0
2019-05-27,2.687,2.715,2.671,2.714,10899806.0
2019-05-28,2.714,2.737,2.706,2.715,9953606.0
2019-05-29,2.715,2.727,2.711,2.718,6368555.0
2019-05-30,2.714,2.718,2.699,2.718,6555000.0
2019-05-31,2.717,2.73,2.71,2.713,5186200.0
2019-06-03,2.721,2.729,2.695,2.701,8375100.0
2019-06-04,2.7,2.701,2.688,2.691,6903800.0
2019-06-05,2.711,2.718,2.698,2.702,8916800.0
2019-06-06,2.7,2.7,2.675,2.675,11291600.0
2019-06-10,2.685,2.712,2.681,2.699,5803000.0
2019-06-11,2.703,2.76,2.701,2.759,16138607.0
2019-06-12,2.756,2.756,2.736,2.741,6356907.0
2019-06-13,2.74,2.741,2.715,2.732,8634900.0
2019-06-14,2.726,2.74,2.707,2.708,7694200.0
2019-06-17,2.708,2.726,2.702,2.716,5010882.0
2019-06-18,2.717,2.724,2.712,2.719,6167600.0
2019-06-19,2.757,2.768,2.738,2.738,12744082.0
2019-06-20,2.738,2.796,2.735,2.786,19752251.0
2019-06-21,2.786,2.803,2.781,2.792,10202745.0
2019-06-24,2.792,2.797,2.783,2.794,9740500.0
2019-06-25,2.793,2.795,2.751,2.769,9426145.0
2019-06-26,2.764,2.781,2.76,2.775,5262345.0
2019-06-27,2.777,2.805,2.777,2.797,8125745.0
2019-06-28,2.797,2.799,2.774,2.786,13669000.0
2019-07-01,2.83,2.83,2.813,2.826,11400653.0
2019-07-02,2.825,2.841,2.819,2.839,10101501.0
2019-07-03,2.838,2.845,2.828,2.841,7831800.0
2019-07-04,2.838,2.856,2.83,2.838,8374201.0
2019-07-05,2.839,2.847,2.827,2.843,3523300.0
2019-07-08,2.837,2.843,2.771,2.782,12843400.0
2019-07-09,2.781,2.792,2.775,2.779,5234700.0
2019-07-10,2.779,2.788,2.758,2.763,6389000.0
2019-07-11,2.768,2.784,2.758,2.764,7109800.0
2019-07-12,2.767,2.78,2.76,2.777,3754721.0
2019-07-15,2.776,2.787,2.736,2.778,6603121.0
2019-07-16,2.777,2.785,2.771,2.78,4029128.0
2019-07-17,2.777,2.784,2.768,2.777,3290300.0
2019-07-18,2.771,2.771,2.751,2.751,6934300.0
2019-07-19,2.75,2.779,2.75,2.768,4148700.0
2019-07-22,2.768,2.776,2.742,2.747,6271000.0
2019-07-23,2.75,2.759,2.748,2.758,3454200.0
2019-07-24,2.76,2.788,2.76,2.779,5701200.0
2019-07-25,2.781,2.795,2.78,2.794,5254800.0
2019-07-26,2.793,2.808,2.787,2.805,5704900.0
2019-07-29,2.805,2.812,2.8,2.81,5855200.0
2019-07-30,2.808,2.834,2.808,2.826,4585400.0
2019-07-31,2.822,2.822,2.803,2.808,4439200.0
2019-08-01,2.805,2.805,2.781,2.787,5762000.0
2019-08-02,2.749,2.753,2.741,2.751,15467300.0
2019-08-05,2.747,2.747,2.703,2.706,15845700.0
2019-08-06,2.68,2.682,2.63,2.66,20316200.0
2019-08-07,2.667,2.67,2.652,2.652,7581100.0
2019-08-08,2.661,2.677,2.661,2.673,5337200.0
2019-08-09,2.683,2.685,2.666,2.675,8503200.0
2019-08-12,2.674,2.704,2.67,2.704,5731200.0
2019-08-13,2.694,2.694,2.685,2.688,5568300.0
2019-08-14,2.703,2.719,2.692,2.694,6531200.0
2019-08-15,2.672,2.711,2.657,2.708,6292800.0
2019-08-16,2.712,2.719,2.702,2.709,5145800.0
2019-08-19,2.711,2.754,2.711,2.753,10329821.0
2019-08-20,2.754,2.76,2.744,2.759,7522221.0
2019-08-21,2.757,2.763,2.751,2.758,4496500.0
2019-08-22,2.758,2.76,2.741,2.75,6121200.0
2019-08-23,2.75,2.76,2.741,2.757,8899399.0
2019-08-26,2.73,2.748,2.721,2.744,6815923.0
2019-08-27,2.744,2.789,2.742,2.78,12087000.0
2019-08-28,2.774,2.781,2.761,2.767,5860100.0
2019-08-29,2.77,2.772,2.747,2.754,6433200.0
2019-08-30,2.762,2.773,2.736,2.739,9372901.0
2019-09-02,2.741,2.78,2.741,2.77,7149500.0
2019-09-03,2.771,2.779,2.767,2.779,4407500.0
2019-09-04,2.779,2.818,2.776,2.815,8658002.0
2019-09-05,2.825,2.866,2.824,2.838,12417900.0
2019-09-06,2.84,2.852,2.836,2.85,7628900.0
2019-09-09,2.87,2.877,2.855,2.864,6233900.0
2019-09-10,2.864,2.865,2.847,2.855,4972306.0
2019-09-11,2.859,2.863,2.847,2.849,6822006.0
2019-09-12,2.85,2.872,2.85,2.866,5873000.0
2019-09-16,2.869,2.881,2.867,2.875,6651600.0
2019-09-17,2.873,2.873,2.83,2.84,7858640.0
2019-09-18,2.842,2.848,2.838,2.843,3842000.0
2019-09-19,2.842,2.846,2.834,2.846,2934876.0
2019-09-20,2.847,2.853,2.844,2.847,3212776.0
2019-09-23,2.845,2.846,2.806,2.819,7401253.0
2019-09-24,2.822,2.838,2.816,2.822,4732500.0
2019-09-25,2.822,2.822,2.793,2.795,6489500.0
2019-09-26,2.799,2.809,2.79,2.795,6083700.0
2019-09-27,2.795,2.797,2.776,2.781,7613100.0
2019-09-30,2.779,2.782,2.756,2.763,9006600.0
2019-10-08,2.766,2.78,2.758,2.773,5939255.0
2019-10-09,2.768,2.798,2.761,2.795,5526900.0
2019-10-10,2.796,2.808,2.795,2.807,5682655.0
2019-10-11,2.811,2.842,2.811,2.836,9632155.0
2019-10-14,2.841,2.877,2.841,2.862,11154208.0
2019-10-15,2.861,2.864,2.844,2.849,5261453.0
2019-10-16,2.845,2.868,2.839,2.842,5507953.0
2019-10-17,2.831,2.842,2.821,2.827,4690053.0
2019-10-18,2.83,2.838,2.789,2.798,8946211.0
2019-10-21,2.797,2.808,2.782,2.803,5869243.0
2019-10-22,2.804,2.809,2.792,2.807,6054900.0
2019-10-23,2.807,2.81,2.796,2.802,3895200.0
2019-10-24,2.798,2.813,2.794,2.807,3712506.0
2019-10-25,2.805,2.81,2.787,2.81,5371353.0
2019-10-28,2.809,2.822,2.809,2.82,9273401.0
2019-10-29,2.82,2.82,2.808,2.808,5480100.0
2019-10-30,2.805,2.805,2.772,2.777,11233901.0
2019-10-31,2.777,2.778,2.761,2.765,8996455.0
2019-11-01,2.762,2.791,2.756,2.789,7617755.0
2019-11-04,2.79,2.805,2.785,2.797,7668443.0
2019-11-05,2.801,2.828,2.794,2.811,9269481.0
2019-11-06,2.811,2.811,2.79,2.794,6579183.0
2019-11-07,2.794,2.807,2.793,2.801,4931692.0
2019-11-08,2.82,2.821,2.787,2.791,6967800.0
2019-11-11,2.785,2.785,2.739,2.74,22050900.0
2019-11-12,2.74,2.747,2.73,2.745,10019353.0
2019-11-13,2.742,2.742,2.728,2.732,9563200.0
2019-11-14,2.732,2.734,2.723,2.73,6215200.0
2019-11-15,2.73,2.733,2.715,2.715,10174100.0
2019-11-18,2.717,2.73,2.703,2.729,8403398.0
2019-11-19,2.734,2.751,2.728,2.75,7039700.0
2019-11-20,2.751,2.754,2.736,2.738,15329500.0
2019-11-21,2.735,2.741,2.725,2.736,4473300.0
2019-11-22,2.74,2.756,2.729,2.738,6952800.0
2019-11-25,2.738,2.774,2.737,2.769,12577100.0
2019-11-26,2.778,2.779,2.76,2.763,5616800.0
2019-11-27,2.763,2.767,2.752,2.757,4552210.0
2019-11-28,2.755,2.761,2.747,2.75,6077400.0
2019-11-29,2.747,2.755,2.738,2.744,6125630.0
2019-12-02,2.743,2.763,2.743,2.752,7437600.0
2019-12-03,2.75,2.756,2.739,2.755,5204803.0
2019-12-04,2.745,2.754,2.734,2.741,7520901.0
2019-12-05,2.747,2.757,2.744,2.754,14268211.0
2019-12-06,2.753,2.756,2.741,2.749,8493800.0
2019-12-09,2.748,2.767,2.748,2.765,10090000.0
2019-12-10,2.765,2.772,2.762,2.772,8416290.0
2019-12-11,2.772,2.791,2.772,2.787,20977900.0
2019-12-12,2.787,2.79,2.781,2.786,7917750.0
2019-12-13,2.798,2.821,2.798,2.817,12437900.0
2019-12-16,2.826,2.842,2.825,2.841,13949249.0
2019-12-17,2.841,2.878,2.832,2.86,19326500.0
2019-12-18,2.86,2.871,2.852,2.855,12622800.0
2019-12-19,2.858,2.865,2.854,2.863,13892591.0
2019-12-20,2.865,2.867,2.846,2.848,11431000.0
2019-12-23,2.848,2.851,2.814,2.817,14617300.0
2019-12-24,2.818,2.826,2.806,2.825,14149300.0
2019-12-25,2.825,2.827,2.815,2.825,8047400.0
2019-12-26,2.827,2.854,2.826,2.853,7753852.0
2019-12-27,2.855,2.873,2.855,2.855,12930400.0
2019-12-30,2.853,2.88,2.846,2.879,14370501.0
2019-12-31,2.879,2.9,2.875,2.897,13474858.0
2020-01-02,2.91,2.943,2.91,2.934,21465600.0
2020-01-03,2.934,2.939,2.918,2.927,18358800.0
2020-01-06,2.923,2.945,2.916,2.921,15483437.0
2020-01-07,2.919,2.942,2.919,2.941,11067900.0
2020-01-08,2.939,2.939,2.914,2.921,33632500.0
2020-01-09,2.93,2.946,2.93,2.944,30841600.0
2020-01-10,2.946,2.951,2.923,2.935,27117800.0
2020-01-13,2.936,2.948,2.923,2.946,15377228.0
2020-01-14,2.954,2.966,2.951,2.961,33683100.0
2020-01-15,2.959,2.962,2.935,2.951,27896176.0
2020-01-16,2.951,2.954,2.939,2.947,13418300.0
2020-01-17,2.8,2.816,2.78,2.784,50045800.0
2020-01-20,2.784,2.789,2.77,2.784,17899418.0
2020-01-21,2.784,2.8,2.731,2.733,37772200.0
2020-01-22,2.732,2.742,2.694,2.729,28097100.0
2020-01-23,2.72,2.73,2.649,2.667,52207000.0
2020-02-03,2.456,2.456,2.41,2.418,112035245.0
2020-02-04,2.418,2.483,2.413,2.482,48179164.0
2020-02-05,2.483,2.533,2.476,2.514,48715800.0
2020-02-06,2.516,2.53,2.49,2.52,40017228.0
2020-02-07,2.513,2.515,2.49,2.514,28510302.0
2020-02-10,2.513,2.558,2.496,2.557,48961841.0
2020-02-11,2.563,2.585,2.553,2.571,23276100.0
2020-02-12,2.571,2.578,2.557,2.578,15841800.0
2020-02-13,2.576,2.581,2.56,2.562,16242100.0
2020-02-14,2.559,2.578,2.558,2.577,13772501.0
2020-02-17,2.577,2.623,2.577,2.622,20454525.0
2020-02-18,2.623,2.635,2.612,2.624,19276778.0
2020-02-19,2.623,2.634,2.615,2.622,16729928.0
2020-02-20,2.622,2.659,2.619,2.658,27621300.0
2020-02-21,2.658,2.692,2.655,2.674,34861600.0
2020-02-24,2.672,2.672,2.638,2.656,29550843.0
2020-02-25,2.625,2.626,2.58,2.622,32986360.0
2020-02-26,2.59,2.661,2.59,2.629,29497556.0
2020-02-27,2.634,2.652,2.625,2.631,15448549.0
2020-02-28,2.6,2.601,2.545,2.558,45632100.0
2020-03-02,2.559,2.644,2.559,2.637,25554100.0
2020-03-03,2.66,2.68,2.628,2.644,27956618.0
2020-03-04,2.637,2.669,2.629,2.668,19448548.0
2020-03-05,2.675,2.696,2.672,2.69,26597931.0
2020-03-06,2.675,2.675,2.655,2.667,15650597.0
2020-03-09,2.621,2.63,2.593,2.596,30188173.0
2020-03-10,2.59,2.639,2.578,2.633,24092650.0
2020-03-11,2.633,2.643,2.616,2.617,28118900.0
2020-03-12,2.597,2.598,2.568,2.576,47657300.0
2020-03-13,2.5,2.552,2.471,2.532,49634650.0
2020-03-16,2.535,2.563,2.466,2.474,70245868.0
2020-03-17,2.475,2.5,2.415,2.451,68388262.0
2020-03-18,2.461,2.482,2.418,2.425,21863200.0
2020-03-19,2.42,2.424,2.346,2.382,68702263.0
2020-03-20,2.392,2.408,2.375,2.407,45074183.0
2020-03-23,2.369,2.369,2.326,2.332,49328364.0
2020-03-24,2.368,2.378,2.341,2.374,17001240.0
2020-03-25,2.412,2.438,2.408,2.431,19826541.0
2020-03-26,2.428,2.43,2.411,2.413,11516199.0
2020-03-27,2.433,2.449,2.423,2.426,13388400.0
2020-03-30,2.408,2.415,2.386,2.404,11349053.0
2020-03-31,2.418,2.424,2.397,2.399,11625840.0
2020-04-01,2.399,2.412,2.383,2.383,15514879.0
2020-04-02,2.38,2.411,2.35,2.409,9669171.0
2020-04-03,2.409,2.414,2.393,2.402,11607900.0
2020-04-07,2.424,2.439,2.422,2.437,29299431.0
2020-04-08,2.434,2.439,2.424,2.438,17540055.0
2020-04-09,2.44,2.448,2.436,2.437,10279134.0
2020-04-10,2.437,2.443,2.415,2.42,12059576.0
2020-04-13,2.42,2.421,2.401,2.41,14483012.0
2020-04-14,2.413,2.435,2.413,2.434,8102577.0
2020-04-15,2.436,2.439,2.421,2.425,10541901.0
2020-04-16,2.421,2.424,2.41,2.417,7619700.0
2020-04-17,2.424,2.435,2.421,2.424,11883921.0
2020-04-20,2.424,2.428,2.416,2.427,7853968.0
2020-04-21,2.426,2.426,2.397,2.411,15734320.0
2020-04-22,2.404,2.413,2.394,2.412,10132561.0
2020-04-23,2.413,2.417,2.403,2.404,7994500.0
2020-04-24,2.403,2.404,2.382,2.386,37980200.0
2020-04-27,2.387,2.401,2.386,2.397,10356299.0
2020-04-28,2.395,2.396,2.346,2.379,17382100.0
2020-04-29,2.378,2.416,2.375,2.411,48644250.0
2020-04-30,2.413,2.452,2.413,2.452,19040569.0
2020-05-06,2.442,2.451,2.422,2.451,13009169.0
2020-05-07,2.451,2.455,2.44,2.452,10075828.0
2020-05-08,2.453,2.472,2.453,2.469,11128490.0
2020-05-11,2.469,2.483,2.457,2.467,21041200.0
2020-05-12,2.467,2.469,2.446,2.456,10720100.0
2020-05-13,2.45,2.461,2.441,2.458,9637900.0
2020-05-14,2.458,2.459,2.434,2.434,77861700.0
2020-05-15,2.436,2.444,2.427,2.429,25505300.0
2020-05-18,2.43,2.436,2.422,2.429,8652600.0
2020-05-19,2.435,2.446,2.431,2.437,6950400.0
2020-05-20,2.437,2.438,2.419,2.421,13320500.0
2020-05-21,2.422,2.427,2.41,2.413,9665100.0
2020-05-22,2.414,2.415,2.371,2.379,27280200.0
2020-05-25,2.379,2.38,2.364,2.378,9989000.0
2020-05-26,2.38,2.391,2.379,2.39,7941076.0
2020-05-27,2.391,2.408,2.389,2.402,26009376.0
2020-05-28,2.402,2.414,2.391,2.406,26277401.0
2020-05-29,2.403,2.403,2.386,2.392,9977137.0
2020-06-01,2.392,2.433,2.392,2.432,21745950.0
2020-06-02,2.432,2.443,2.43,2.438,14063069.0
2020-06-03,2.445,2.465,2.445,2.448,13050798.0
2020-06-04,2.467,2.469,2.45,2.459,16885371.0
2020-06-05,2.459,2.459,2.436,2.444,9975000.0
2020-06-08,2.446,2.46,2.446,2.454,10981565.0
2020-06-09,2.454,2.462,2.454,2.46,9353999.0
2020-06-10,2.46,2.461,2.446,2.45,7905475.0
2020-06-11,2.452,2.453,2.43,2.433,16735794.0
2020-06-12,2.42,2.431,2.401,2.43,7978310.0
2020-06-15,2.43,2.431,2.411,2.414,10970301.0
2020-06-16,2.42,2.444,2.42,2.442,10908326.0
2020-06-17,2.442,2.456,2.441,2.45,8927254.0
2020-06-18,2.45,2.477,2.444,2.471,17106447.0
2020-06-19,2.471,2.473,2.462,2.468,11886817.0
2020-06-22,2.468,2.47,2.453,2.456,13525131.0
2020-06-23,2.456,2.456,2.442,2.447,10342342.0
2020-06-24,2.448,2.455,2.446,2.45,10856442.0
2020-06-29,2.45,2.45,2.429,2.432,19448400.0
2020-06-30,2.436,2.451,2.436,2.449,15570536.0
2020-07-01,2.451,2.49,2.451,2.489,29737649.0
2020-07-02,2.49,2.548,2.48,2.546,30811623.0
2020-07-03,2.55,2.591,2.55,2.583,32670780.0
2020-07-06,2.597,2.773,2.597,2.766,124745179.0
2020-07-07,2.783,2.853,2.71,2.723,98402743.0
2020-07-08,2.724,2.766,2.695,2.763,47165112.0
2020-07-09,2.76,2.782,2.726,2.775,42765544.0
2020-07-10,2.775,2.775,2.7,2.713,37008709.0
2020-07-13,2.712,2.774,2.705,2.766,38728155.0
2020-07-14,2.768,2.793,2.712,2.75,30940007.0
2020-07-15,2.76,2.766,2.685,2.71,34679511.0
2020-07-16,2.71,2.732,2.636,2.638,58599094.0
2020-07-17,2.639,2.67,2.62,2.64,29394901.0
2020-07-20,2.644,2.744,2.644,2.741,38802901.0
2020-07-21,2.745,2.756,2.725,2.734,23558385.0
2020-07-22,2.734,2.767,2.731,2.735,28182310.0
2020-07-23,2.732,2.732,2.662,2.702,23980259.0
2020-07-24,2.702,2.703,2.608,2.625,30262153.0
2020-07-27,2.625,2.64,2.597,2.612,17652155.0
2020-07-28,2.614,2.643,2.614,2.631,13779755.0
2020-07-29,2.622,2.667,2.613,2.662,18831000.0
2020-07-30,2.674,2.685,2.663,2.664,14300005.0
2020-07-31,2.665,2.7,2.66,2.683,16872600.0
2020-08-03,2.702,2.746,2.702,2.744,38991010.0
2020-08-04,2.758,2.765,2.73,2.745,34065113.0
2020-08-05,2.745,2.745,2.708,2.73,11912412.0
2020-08-06,2.731,2.747,2.714,2.743,22095712.0
2020-08-07,2.743,2.743,2.71,2.738,26491100.0
2020-08-10,2.74,2.777,2.74,2.77,51219000.0
2020-08-11,2.77,2.798,2.75,2.757,38725738.0
2020-08-12,2.757,2.757,2.703,2.737,28792438.0
2020-08-13,2.742,2.768,2.74,2.761,29272279.0
2020-08-14,2.763,2.777,2.73,2.775,19437479.0
2020-08-17,2.78,2.85,2.78,2.837,42424966.0
2020-08-18,2.838,2.848,2.832,2.84,24444800.0
2020-08-19,2.843,2.86,2.825,2.832,25836863.0
2020-08-20,2.832,2.835,2.81,2.817,18092500.0
2020-08-21,2.818,2.829,2.801,2.814,21971653.0
2020-08-24,2.822,2.828,2.812,2.818,18544900.0
2020-08-25,2.829,2.836,2.798,2.805,23720800.0
2020-08-26,2.805,2.807,2.757,2.765,29135700.0
2020-08-27,2.767,2.773,2.745,2.766,14644100.0
2020-08-28,2.766,2.802,2.762,2.799,16309809.0
2020-08-31,2.807,2.817,2.788,2.789,23266700.0
2020-09-01,2.789,2.791,2.766,2.787,14881400.0
2020-09-02,2.79,2.799,2.775,2.787,12580046.0
2020-09-03,2.787,2.804,2.775,2.782,15520500.0
2020-09-04,2.781,2.781,2.737,2.762,23513500.0
2020-09-07,2.765,2.786,2.745,2.749,23904000.0
2020-09-08,2.752,2.766,2.74,2.761,18505900.0
2020-09-09,2.749,2.757,2.725,2.739,22490200.0
2020-09-10,2.743,2.756,2.718,2.721,22214200.0
2020-09-11,2.722,2.723,2.697,2.718,21580310.0
2020-09-14,2.721,2.727,2.71,2.72,18116100.0
2020-09-15,2.722,2.728,2.716,2.728,13407600.0
2020-09-16,2.728,2.746,2.722,2.736,13233200.0
2020-09-17,2.736,2.749,2.725,2.739,15109799.0
2020-09-18,2.74,2.774,2.734,2.773,16807856.0
2020-09-21,2.775,2.778,2.758,2.761,19910400.0
2020-09-22,2.759,2.759,2.723,2.729,22888500.0
2020-09-23,2.73,2.738,2.721,2.728,13461121.0
2020-09-24,2.728,2.729,2.685,2.689,44416800.0
2020-09-25,2.692,2.7,2.668,2.683,28910200.0
2020-09-28,2.684,2.691,2.677,2.685,18749300.0
2020-09-29,2.687,2.699,2.68,2.685,18680200.0
2020-09-30,2.685,2.695,2.666,2.678,41309900.0
2020-10-09,2.695,2.724,2.695,2.715,40924200.0
2020-10-12,2.717,2.761,2.717,2.76,46064600.0
2020-10-13,2.762,2.766,2.741,2.755,34909088.0
2020-10-14,2.756,2.758,2.74,2.743,26976790.0
2020-10-15,2.743,2.745,2.732,2.735,27133500.0
2020-10-16,2.735,2.745,2.731,2.738,23739384.0
2020-10-19,2.741,2.765,2.724,2.727,36930285.0
2020-10-20,2.727,2.727,2.707,2.723,32603500.0
2020-10-21,2.723,2.726,2.707,2.719,23769600.0
2020-10-22,2.719,2.721,2.703,2.707,21742300.0
2020-10-23,2.708,2.716,2.696,2.699,31477200.0
2020-10-26,2.698,2.699,2.677,2.683,45663300.0
2020-10-27,2.681,2.682,2.667,2.675,30302600.0
2020-10-28,2.675,2.682,2.66,2.679,26585300.0
2020-10-29,2.671,2.709,2.662,2.703,25558298.0
2020-10-30,2.703,2.72,2.684,2.687,45852800.0
2020-11-02,2.688,2.703,2.688,2.698,27923400.0
2020-11-03,2.7,2.718,2.7,2.716,24090253.0
2020-11-04,2.719,2.743,2.719,2.741,35806409.0
2020-11-05,2.756,2.79,2.756,2.787,73543686.0
2020-11-06,2.787,2.811,2.782,2.81,45967140.0
2020-11-09,2.825,2.865,2.825,2.861,45194953.0
2020-11-10,2.87,2.878,2.844,2.85,38248200.0
2020-11-11,2.849,2.878,2.841,2.865,29470659.0
2020-11-12,2.865,2.88,2.855,2.878,24220900.0
2020-11-13,2.878,2.878,2.84,2.858,36077100.0
2020-11-16,2.868,2.917,2.868,2.915,38361550.0
2020-11-17,2.916,2.94,2.916,2.926,45682866.0
2020-11-18,2.926,2.943,2.921,2.94,35912700.0
2020-11-19,2.94,2.942,2.911,2.921,43161200.0
2020-11-20,2.921,2.936,2.908,2.936,27296501.0
2020-11-23,2.939,2.995,2.938,2.98,42959258.0
2020-11-24,2.986,2.99,2.961,2.975,44132800.0
2020-11-25,2.977,2.989,2.94,2.943,57585101.0
2020-11-26,2.943,2.944,2.919,2.935,31007500.0
2020-11-27,2.935,2.96,2.922,2.956,32894000.0
2020-11-30,2.958,2.98,2.924,2.929,51682300.0
2020-12-01,2.929,2.94,2.905,2.935,39893801.0
2020-12-02,2.936,2.945,2.921,2.937,21991109.0
2020-12-03,2.935,2.935,2.906,2.912,48251100.0
2020-12-04,2.912,2.913,2.879,2.901,52082569.0
2020-12-07,2.902,2.907,2.857,2.857,75372200.0
2020-12-08,2.858,2.87,2.845,2.85,44291900.0
2020-12-09,2.851,2.853,2.81,2.812,66156400.0
2020-12-10,2.812,2.832,2.811,2.829,42267200.0
2020-12-11,2.83,2.84,2.8,2.822,55688600.0
2020-12-14,2.823,2.826,2.772,2.784,94869800.0
2020-12-15,2.785,2.787,2.751,2.771,105006300.0
2020-12-16,2.771,2.781,2.763,2.769,84800000.0
2020-12-17,2.769,2.795,2.747,2.795,79628901.0
2020-12-18,2.795,2.829,2.795,2.813,69945300.0
2020-12-21,2.813,2.825,2.796,2.817,54380600.0
2020-12-22,2.815,2.815,2.751,2.758,139462000.0
2020-12-23,2.76,2.771,2.75,2.761,66569592.0
2020-12-24,2.762,2.771,2.741,2.751,88711500.0
2020-12-25,2.75,2.773,2.737,2.761,43828682.0
2020-12-28,2.761,2.765,2.74,2.748,72723800.0
2020-12-29,2.749,2.756,2.721,2.723,104982700.0
2020-12-30,2.724,2.739,2.714,2.728,49561000.0
2020-12-31,2.728,2.742,2.721,2.739,76564118.0
2021-01-04,2.739,2.746,2.721,2.746,89204540.0
2021-01-05,2.746,2.746,2.701,2.724,192253570.0
2021-01-06,2.724,2.73,2.709,2.721,81536612.0
2021-01-07,2.721,2.726,2.7,2.711,107618900.0
2021-01-08,2.712,2.726,2.699,2.724,74348680.0
2021-01-11,2.725,2.728,2.687,2.691,232458300.0
2021-01-12,2.692,2.714,2.691,2.712,167610400.0
2021-01-13,2.713,2.727,2.705,2.719,128080182.0
2021-01-14,2.719,2.728,2.705,2.717,136854100.0
2021-01-15,2.717,2.74,2.717,2.735,98152300.0
2021-01-18,2.63,2.63,2.59,2.608,254796253.0
2021-01-19,2.609,2.626,2.591,2.611,105008200.0
2021-01-20,2.612,2.62,2.601,2.609,88787700.0
2021-01-21,2.61,2.622,2.603,2.613,126398663.0
2021-01-22,2.615,2.616,2.583,2.589,186428400.0
2021-01-25,2.589,2.589,2.552,2.554,169997258.0
2021-01-26,2.554,2.562,2.541,2.543,88596998.0
2021-01-27,2.543,2.558,2.54,2.542,68979801.0
2021-01-28,2.541,2.541,2.508,2.51,84392500.0
2021-01-29,2.511,2.522,2.48,2.494,88992600.0
2021-02-01,2.495,2.514,2.479,2.511,70410800.0
2021-02-02,2.511,2.519,2.51,2.517,52999500.0
2021-02-03,2.517,2.519,2.492,2.497,59234753.0
2021-02-04,2.496,2.497,2.47,2.48,96577200.0
2021-02-05,2.48,2.505,2.471,2.499,54482700.0
2021-02-08,2.499,2.521,2.493,2.512,60929500.0
2021-02-09,2.512,2.528,2.503,2.528,53307600.0
2021-02-10,2.529,2.549,2.529,2.547,88683800.0
2021-02-18,2.57,2.614,2.57,2.61,132889512.0
2021-02-19,2.61,2.664,2.61,2.662,256265253.0
2021-02-22,2.664,2.741,2.664,2.706,359092551.0
2021-02-23,2.707,2.708,2.669,2.678,140518500.0
2021-02-24,2.678,2.683,2.63,2.647,109227718.0
2021-02-25,2.649,2.699,2.649,2.689,127616364.0
2021-02-26,2.683,2.683,2.631,2.637,111138522.0
2021-03-01,2.638,2.673,2.638,2.672,67053130.0
2021-03-02,2.682,2.69,2.64,2.657,108083800.0
2021-03-03,2.658,2.724,2.657,2.722,192024826.0
2021-03-04,2.722,2.747,2.706,2.718,191659010.0
2021-03-05,2.7,2.702,2.668,2.69,74136501.0
2021-03-08,2.698,2.724,2.673,2.679,90904501.0
2021-03-09,2.68,2.708,2.63,2.668,173080230.0
2021-03-10,2.675,2.683,2.65,2.653,81362543.0
2021-03-11,2.653,2.702,2.653,2.7,82849742.0
2021-03-12,2.708,2.735,2.694,2.727,118048813.0
2021-03-15,2.727,2.762,2.726,2.752,119698300.0
2021-03-16,2.753,2.76,2.73,2.755,67204512.0
2021-03-17,2.754,2.754,2.724,2.741,57404264.0
2021-03-18,2.742,2.755,2.735,2.741,48444000.0
2021-03-19,2.735,2.745,2.712,2.724,62021300.0
2021-03-22,2.725,2.755,2.725,2.75,74633547.0
2021-03-23,2.75,2.755,2.716,2.729,80547937.0
2021-03-24,2.714,2.723,2.671,2.681,120757515.0
2021-03-25,2.681,2.702,2.68,2.683,59891149.0
2021-03-26,2.685,2.717,2.685,2.715,57568100.0
2021-03-29,2.728,2.756,2.718,2.751,120932801.0
2021-03-30,2.751,2.755,2.728,2.75,59314402.0
2021-03-31,2.75,2.75,2.732,2.743,46845700.0
2021-04-01,2.744,2.769,2.737,2.761,83195736.0
2021-04-02,2.761,2.766,2.733,2.738,101892951.0
2021-04-06,2.74,2.752,2.74,2.745,54854031.0
2021-04-07,2.745,2.767,2.732,2.765,86225406.0
2021-04-08,2.765,2.779,2.759,2.766,71461106.0
2021-04-09,2.767,2.774,2.754,2.77,71050201.0
2021-04-12,2.771,2.786,2.764,2.777,83678812.0
2021-04-13,2.775,2.776,2.744,2.745,121185500.0
2021-04-14,2.745,2.756,2.738,2.751,71205500.0
2021-04-15,2.752,2.759,2.746,2.755,39205901.0
2021-04-16,2.755,2.799,2.755,2.79,142883054.0
2021-04-19,2.79,2.809,2.781,2.802,67400401.0
2021-04-20,2.799,2.802,2.791,2.794,61519900.0
2021-04-21,2.79,2.792,2.772,2.785,58733800.0
2021-04-22,2.785,2.811,2.785,2.793,57038100.0
2021-04-23,2.789,2.791,2.776,2.788,83048600.0
2021-04-26,2.792,2.804,2.773,2.78,94835300.0
2021-04-27,2.777,2.778,2.75,2.767,107965000.0
2021-04-28,2.763,2.771,2.75,2.77,63181951.0
2021-04-29,2.77,2.79,2.76,2.786,65654253.0
2021-04-30,2.78,2.783,2.746,2.757,171453100.0
2021-05-06,2.758,2.805,2.758,2.798,169067156.0
2021-05-07,2.808,2.848,2.802,2.829,122937057.0
2021-05-10,2.841,2.873,2.835,2.87,102924939.0
2021-05-11,2.867,2.868,2.801,2.843,98627400.0
2021-05-12,2.837,2.859,2.827,2.854,63286328.0
2021-05-13,2.83,2.847,2.807,2.811,115171006.0
2021-05-14,2.811,2.825,2.807,2.817,64349664.0
2021-05-17,2.817,2.831,2.81,2.812,79067500.0
2021-05-18,2.812,2.828,2.808,2.824,45792799.0
2021-05-19,2.823,2.823,2.795,2.799,126197300.0
2021-05-20,2.775,2.775,2.737,2.755,267570400.0
2021-05-21,2.755,2.774,2.754,2.76,65796949.0
2021-05-24,2.76,2.77,2.752,2.758,73721500.0
2021-05-25,2.758,2.792,2.748,2.785,111278500.0
2021-05-26,2.785,2.813,2.782,2.804,67256100.0
2021-05-27,2.804,2.819,2.797,2.816,80468303.0
2021-05-28,2.822,2.834,2.804,2.812,60578651.0
2021-05-31,2.823,2.824,2.796,2.815,105748053.0
2021-06-01,2.815,2.838,2.798,2.837,97397900.0
2021-06-02,2.837,2.838,2.823,2.832,69839979.0
2021-06-03,2.832,2.868,2.832,2.846,111056866.0
2021-06-04,2.847,2.85,2.822,2.84,62514900.0
2021-06-07,2.84,2.85,2.83,2.837,51145753.0
2021-06-08,2.838,2.84,2.82,2.826,66384501.0
2021-06-09,2.826,2.857,2.822,2.842,104401939.0
2021-06-10,2.842,2.87,2.84,2.853,81874539.0
2021-06-11,2.862,2.87,2.852,2.857,64379217.0
2021-06-15,2.867,2.87,2.832,2.841,95232000.0
2021-06-16,2.841,2.857,2.826,2.832,74276100.0
2021-06-17,2.832,2.842,2.818,2.824,59775800.0
2021-06-18,2.824,2.828,2.818,2.824,55202700.0
2021-06-21,2.823,2.823,2.81,2.812,62711900.0
2021-06-22,2.812,2.841,2.812,2.837,55515100.0
2021-06-23,2.838,2.878,2.837,2.873,119935100.0
2021-06-24,2.876,2.903,2.865,2.885,102479301.0
2021-06-25,2.886,2.903,2.878,2.895,70678501.0
2021-06-28,2.895,2.895,2.856,2.859,88658073.0
2021-06-29,2.859,2.859,2.836,2.838,67864800.0
2021-06-30,2.838,2.859,2.834,2.852,46118211.0
2021-07-01,2.855,2.871,2.846,2.853,47653802.0
2021-07-02,2.853,2.856,2.828,2.829,99310705.0
2021-07-05,2.83,2.842,2.82,2.836,84361601.0
2021-07-06,2.836,2.843,2.83,2.843,43956206.0
2021-07-07,2.84,2.85,2.828,2.846,59188300.0
2021-07-08,2.846,2.846,2.8,2.803,186436700.0
2021-07-09,2.803,2.822,2.777,2.821,67643900.0
2021-07-12,2.821,2.842,2.815,2.826,52706272.0
2021-07-13,2.827,2.851,2.822,2.848,86056771.0
2021-07-14,2.848,2.864,2.846,2.854,80661050.0
2021-07-15,2.854,2.887,2.835,2.885,128152099.0
2021-07-16,2.885,2.913,2.878,2.897,167622804.0
2021-07-19,2.9,2.911,2.884,2.889,62487542.0
2021-07-20,2.883,2.883,2.853,2.869,41775242.0
2021-07-21,2.873,2.888,2.858,2.865,49400700.0
2021-07-22,2.865,2.89,2.859,2.89,51536142.0
2021-07-23,2.894,2.913,2.872,2.881,86382142.0
2021-07-26,2.88,2.88,2.808,2.832,173397801.0
2021-07-27,2.832,2.852,2.767,2.773,190676442.0
2021-07-28,2.774,2.791,2.714,2.747,160431100.0
2021-07-29,2.758,2.778,2.745,2.769,125746800.0
2021-07-30,2.769,2.803,2.756,2.8,59807997.0
2021-08-02,2.799,2.799,2.72,2.777,133443700.0
2021-08-03,2.765,2.77,2.733,2.738,119959806.0
2021-08-04,2.739,2.764,2.739,2.762,62615101.0
2021-08-05,2.761,2.776,2.743,2.75,58970053.0
2021-08-06,2.75,2.763,2.735,2.761,64120800.0
2021-08-09,2.761,2.812,2.752,2.801,133293999.0
2021-08-10,2.801,2.803,2.781,2.8,43975000.0
2021-08-11,2.809,2.861,2.808,2.858,188364700.0
2021-08-12,2.857,2.896,2.841,2.889,194729398.0
2021-08-13,2.887,2.891,2.869,2.884,95549706.0
2021-08-16,2.884,2.909,2.881,2.892,121967400.0
2021-08-17,2.89,2.908,2.852,2.858,102758101.0
2021-08-18,2.858,2.88,2.857,2.876,64490110.0
2021-08-19,2.869,2.873,2.849,2.866,43372616.0
2021-08-20,2.864,2.883,2.849,2.881,78500411.0
2021-08-23,2.894,2.91,2.889,2.894,92720715.0
2021-08-24,2.903,2.927,2.9,2.918,181725266.0
2021-08-25,2.918,2.952,2.914,2.952,114794141.0
2021-08-26,2.951,3.008,2.945,2.993,180366486.0
2021-08-27,2.991,3.025,2.95,3.022,98158950.0
2021-08-30,3.026,3.05,3.015,3.047,89855033.0
2021-08-31,3.047,3.122,3.035,3.12,92505049.0
2021-09-01,3.133,3.168,3.084,3.115,146045892.0
2021-09-02,3.114,3.196,3.11,3.194,92919359.0
2021-09-03,3.194,3.196,3.163,3.171,97503250.0
2021-09-06,3.181,3.216,3.174,3.199,82565670.0
2021-09-07,3.205,3.291,3.204,3.28,115868404.0
2021-09-08,3.281,3.333,3.266,3.316,103735871.0
2021-09-09,3.318,3.422,3.3,3.417,141801865.0
2021-09-10,3.418,3.423,3.349,3.354,196972117.0
2021-09-13,3.354,3.448,3.349,3.426,151300608.0
2021-09-14,3.426,3.426,3.35,3.356,135428983.0
2021-09-15,3.355,3.374,3.31,3.333,140710358.0
2021-09-16,3.358,3.401,3.315,3.32,106777100.0
2021-09-17,3.315,3.347,3.175,3.231,171614282.0
2021-09-22,3.215,3.289,3.175,3.289,133237058.0
2021-09-23,3.331,3.355,3.257,3.28,76679801.0
2021-09-24,3.265,3.267,3.16,3.166,151700311.0
2021-09-27,3.166,3.184,3.069,3.081,198623765.0
2021-09-28,3.081,3.164,3.08,3.159,95742665.0
2021-09-29,3.158,3.159,3.057,3.075,98007070.0
2021-09-30,3.074,3.093,3.041,3.09,87597800.0
2021-10-08,3.117,3.133,3.055,3.08,77981458.0
2021-10-11,3.082,3.125,3.071,3.123,87986858.0
2021-10-12,3.123,3.163,3.044,3.083,106565700.0
2021-10-13,3.083,3.085,3.003,3.043,104397700.0
2021-10-14,3.029,3.047,3.001,3.026,53846226.0
2021-10-15,3.026,3.056,3.006,3.048,60308100.0
2021-10-18,3.048,3.1,3.034,3.097,67931000.0
2021-10-19,3.097,3.124,3.07,3.109,56094400.0
2021-10-20,3.088,3.088,3.028,3.035,102562200.0
2021-10-21,3.031,3.101,3.03,3.073,88445951.0
2021-10-22,3.067,3.094,3.006,3.011,169814600.0
2021-10-25,3.013,3.02,2.98,3.01,80403253.0
2021-10-26,3.01,3.013,2.976,2.984,114637700.0
2021-10-27,2.98,2.98,2.909,2.913,130591400.0
2021-10-28,2.9,2.901,2.828,2.836,171629200.0
2021-10-29,2.836,2.847,2.82,2.84,115858000.0
2021-11-01,2.838,2.857,2.818,2.849,78802964.0
2021-11-02,2.85,2.857,2.768,2.798,215914101.0
2021-11-03,2.798,2.845,2.796,2.839,84907300.0
2021-11-04,2.837,2.838,2.811,2.832,71639204.0
2021-11-05,2.824,2.824,2.791,2.793,105238402.0
2021-11-08,2.793,2.807,2.785,2.79,79703700.0
2021-11-09,2.79,2.793,2.766,2.776,100244693.0
2021-11-10,2.77,2.771,2.726,2.769,124031700.0
2021-11-11,2.77,2.82,2.77,2.816,108539401.0
2021-11-12,2.817,2.819,2.789,2.8,75690453.0
2021-11-15,2.8,2.805,2.786,2.804,48963202.0
2021-11-16,2.804,2.816,2.785,2.787,82531900.0
2021-11-17,2.787,2.792,2.777,2.79,47032174.0
2021-11-18,2.791,2.807,2.786,2.79,46983374.0
2021-11-19,2.787,2.835,2.776,2.826,95727753.0
2021-11-22,2.828,2.84,2.819,2.825,93285400.0
2021-11-23,2.825,2.85,2.82,2.838,70461464.0
2021-11-24,2.842,2.871,2.842,2.87,69275300.0
2021-11-25,2.87,2.88,2.843,2.859,57873000.0
2021-11-26,2.85,2.85,2.822,2.827,55498501.0
2021-11-29,2.808,2.808,2.778,2.792,91388950.0
2021-11-30,2.792,2.818,2.783,2.794,56266400.0
2021-12-01,2.793,2.821,2.783,2.819,55568900.0
2021-12-02,2.818,2.841,2.811,2.834,60460700.0
2021-12-03,2.834,2.88,2.817,2.865,93361906.0
2021-12-06,2.865,2.897,2.85,2.857,135949606.0
2021-12-07,2.877,2.888,2.855,2.887,67277500.0
2021-12-08,2.887,2.888,2.867,2.887,58121381.0
2021-12-09,2.887,2.906,2.877,2.898,71783700.0
2021-12-10,2.89,2.89,2.87,2.878,85855200.0
2021-12-13,2.878,2.884,2.865,2.869,59091400.0
2021-12-14,2.865,2.865,2.831,2.831,92762000.0
2021-12-15,2.828,2.852,2.821,2.843,49801300.0
2021-12-16,2.846,2.886,2.845,2.885,93899223.0
2021-12-17,2.889,2.898,2.864,2.869,69537081.0
2021-12-20,2.868,2.882,2.839,2.843,67948181.0
2021-12-21,2.842,2.885,2.84,2.882,77878842.0
2021-12-22,2.882,2.885,2.867,2.877,40729700.0
2021-12-23,2.876,2.89,2.869,2.886,54708458.0
2021-12-24,2.886,2.887,2.866,2.875,44667800.0
2021-12-27,2.874,2.898,2.87,2.882,50562300.0
2021-12-28,2.882,2.885,2.854,2.865,67395100.0
2021-12-29,2.864,2.867,2.852,2.855,46748300.0
2021-12-30,2.855,2.858,2.848,2.852,39446500.0
2021-12-31,2.852,2.879,2.851,2.876,55859121.0
2022-01-04,2.892,2.922,2.891,2.918,124269654.0
2022-01-05,2.917,2.917,2.891,2.909,70152460.0
2022-01-06,2.905,2.921,2.895,2.913,89772719.0
2022-01-07,2.912,2.945,2.908,2.929,72756024.0
2022-01-10,2.929,2.949,2.921,2.948,80730390.0
2022-01-11,2.947,2.98,2.94,2.969,68046352.0
2022-01-12,2.969,2.972,2.938,2.957,77454600.0
2022-01-13,2.957,2.98,2.955,2.956,78052400.0
2022-01-14,2.955,2.955,2.908,2.911,109453358.0
2022-01-17,2.825,2.849,2.818,2.828,82274600.0
2022-01-18,2.828,2.866,2.822,2.858,52728246.0
2022-01-19,2.858,2.893,2.858,2.875,106750600.0
2022-01-20,2.872,2.89,2.851,2.861,118363200.0
2022-01-21,2.861,2.866,2.841,2.858,69443800.0
2022-01-24,2.856,2.857,2.825,2.844,59217500.0
2022-01-25,2.841,2.841,2.764,2.765,159771900.0
2022-01-26,2.765,2.782,2.749,2.773,124044500.0
2022-01-27,2.773,2.786,2.754,2.755,91999900.0
2022-01-28,2.756,2.767,2.725,2.747,145588849.0
2022-02-07,2.753,2.812,2.753,2.806,95512157.0
2022-02-08,2.817,2.877,2.815,2.873,122562910.0
2022-02-09,2.873,2.898,2.872,2.879,101588210.0
2022-02-10,2.878,2.922,2.851,2.92,143787401.0
2022-02-11,2.919,2.955,2.909,2.923,161532790.0
2022-02-14,2.922,2.922,2.87,2.877,115670111.0
2022-02-15,2.876,2.877,2.848,2.858,86118800.0
2022-02-16,2.858,2.892,2.858,2.887,75991901.0
2022-02-17,2.886,2.886,2.861,2.873,97102104.0
2022-02-18,2.869,2.928,2.861,2.926,122724000.0
2022-02-21,2.922,2.953,2.908,2.952,115546255.0
2022-02-22,2.935,2.944,2.91,2.941,93539600.0
2022-02-23,2.938,2.938,2.891,2.91,83103306.0
2022-02-24,2.906,2.91,2.856,2.885,115864200.0
2022-02-25,2.884,2.91,2.846,2.865,96204911.0
2022-02-28,2.865,2.877,2.839,2.874,65495900.0
2022-03-01,2.878,2.911,2.874,2.904,66320179.0
2022-03-02,2.906,2.941,2.905,2.937,140083823.0
2022-03-03,2.939,2.979,2.939,2.972,168163468.0
2022-03-04,2.968,2.987,2.934,2.962,111586106.0
2022-03-07,2.975,2.988,2.929,2.942,125566975.0
2022-03-08,2.936,2.936,2.851,2.859,134150986.0
2022-03-09,2.86,2.885,2.745,2.802,262687124.0
2022-03-10,2.819,2.873,2.803,2.848,207405162.0
2022-03-11,2.842,2.872,2.791,2.868,83921800.0
2022-03-14,2.862,2.897,2.826,2.829,124683393.0
2022-03-15,2.821,2.821,2.666,2.671,342079109.0
2022-03-16,2.674,2.738,2.6,2.73,273819744.0
2022-03-17,2.752,2.792,2.739,2.76,137051320.0
2022-03-18,2.76,2.836,2.752,2.83,126843677.0
2022-03-21,2.829,2.86,2.821,2.849,91309377.0
2022-03-22,2.847,2.909,2.835,2.897,134671624.0
2022-03-23,2.895,2.907,2.862,2.893,105196371.0
2022-03-24,2.887,2.91,2.878,2.9,102576158.0
2022-03-25,2.899,2.929,2.889,2.901,129277750.0
2022-03-28,2.9,2.951,2.87,2.947,230514487.0
2022-03-29,2.944,2.967,2.926,2.965,134578398.0
2022-03-30,2.952,2.98,2.94,2.973,107646861.0
2022-03-31,2.972,3.038,2.972,3.012,216670064.0
2022-04-01,3.006,3.049,2.992,3.045,120941289.0
2022-04-06,3.043,3.096,3.031,3.09,144312820.0
2022-04-07,3.075,3.09,3.035,3.044,208741545.0
2022-04-08,3.04,3.08,3.01,3.079,184847544.0
2022-04-11,3.076,3.076,3.012,3.02,253375600.0
2022-04-12,3.017,3.044,2.985,3.01,139757900.0
2022-04-13,3.001,3.069,2.997,3.033,84099767.0
2022-04-14,3.038,3.098,3.031,3.089,92435767.0
2022-04-15,3.08,3.12,3.045,3.056,112417701.0
2022-04-18,3.04,3.044,2.981,2.992,114262200.0
2022-04-19,2.986,3.039,2.968,3.036,105053200.0
2022-04-20,3.02,3.026,2.932,2.949,145260600.0
2022-04-21,2.939,2.96,2.88,2.895,165488000.0
2022-04-22,2.886,2.931,2.858,2.925,140201453.0
2022-04-25,2.899,2.899,2.8,2.801,223759553.0
2022-04-26,2.801,2.828,2.753,2.762,227688093.0
2022-04-27,2.765,2.799,2.735,2.798,220067649.0
2022-04-28,2.796,2.849,2.788,2.844,143509400.0
2022-04-29,2.844,2.886,2.812,2.878,148325600.0
2022-05-05,2.877,2.886,2.847,2.867,92666600.0
2022-05-06,2.829,2.835,2.783,2.792,130603500.0
2022-05-09,2.788,2.788,2.761,2.784,120205776.0
2022-05-10,2.784,2.788,2.726,2.787,154643200.0
2022-05-11,2.786,2.808,2.778,2.785,104750970.0
2022-05-12,2.785,2.795,2.75,2.773,107704403.0
2022-05-13,2.773,2.829,2.773,2.828,129872357.0
2022-05-16,2.856,2.879,2.829,2.872,131531278.0
2022-05-17,2.871,2.879,2.836,2.862,64263670.0
2022-05-18,2.861,2.861,2.827,2.834,72257604.0
2022-05-19,2.81,2.837,2.799,2.837,67904600.0
2022-05-20,2.837,2.88,2.836,2.876,104024150.0
2022-05-23,2.883,2.898,2.872,2.88,65938245.0
2022-05-24,2.88,2.887,2.834,2.836,77251185.0
2022-05-25,2.833,2.867,2.822,2.865,74356400.0
2022-05-26,2.867,2.91,2.859,2.905,122836400.0
2022-05-27,2.906,2.915,2.895,2.904,110906300.0
2022-05-30,2.904,2.915,2.878,2.89,70676500.0
2022-05-31,2.888,2.897,2.875,2.894,64349000.0
2022-06-01,2.89,2.905,2.877,2.903,69998251.0
2022-06-02,2.902,2.902,2.869,2.885,68971907.0
2022-06-06,2.883,2.886,2.859,2.884,152923800.0
2022-06-07,2.884,2.912,2.872,2.899,106024260.0
2022-06-08,2.904,2.938,2.888,2.937,117181760.0
2022-06-09,2.935,2.969,2.926,2.944,87280586.0
2022-06-10,2.939,2.972,2.919,2.964,86191186.0
2022-06-13,2.954,2.954,2.901,2.92,72199286.0
2022-06-14,2.905,2.96,2.897,2.958,157149900.0
2022-06-15,2.955,3.001,2.943,2.961,132136053.0
2022-06-16,2.96,2.975,2.904,2.914,106941700.0
2022-06-17,2.9,2.914,2.885,2.907,107441950.0
2022-06-20,2.902,2.902,2.875,2.885,92679000.0
2022-06-21,2.885,2.905,2.878,2.891,73990800.0
2022-06-22,2.89,2.894,2.85,2.855,89269300.0
2022-06-23,2.853,2.883,2.84,2.879,89602800.0
2022-06-24,2.88,2.892,2.87,2.883,65272200.0
2022-06-27,2.883,2.915,2.88,2.91,92013601.0
2022-06-28,2.91,2.935,2.906,2.935,73016401.0
2022-06-29,2.934,2.97,2.93,2.947,113871351.0
2022-06-30,2.947,2.972,2.938,2.964,80930051.0
2022-07-01,2.962,2.976,2.936,2.969,100854600.0
2022-07-04,2.966,2.981,2.957,2.975,61256659.0
2022-07-05,2.98,3.004,2.972,2.989,122446734.0
2022-07-06,2.974,2.975,2.905,2.923,108013034.0
2022-07-07,2.922,2.944,2.911,2.936,48513558.0
2022-07-08,2.948,2.955,2.93,2.934,55512401.0
2022-07-11,2.931,2.931,2.896,2.907,70814800.0
2022-07-12,2.907,2.944,2.907,2.93,68649845.0
2022-07-13,2.93,2.936,2.914,2.928,40452300.0
2022-07-14,2.928,2.928,2.89,2.898,89442600.0
2022-07-15,2.898,2.91,2.857,2.858,101146732.0
2022-07-18,2.859,2.917,2.859,2.917,116797200.0
2022-07-19,2.917,2.927,2.905,2.921,49310165.0
2022-07-20,2.92,2.935,2.92,2.926,39950700.0
2022-07-21,2.925,2.925,2.88,2.882,88132800.0
2022-07-22,2.88,2.886,2.85,2.865,124326300.0
2022-07-25,2.867,2.885,2.865,2.874,53707100.0
2022-07-26,2.874,2.921,2.862,2.912,113616723.0
2022-07-27,2.907,2.922,2.893,2.912,67072200.0
2022-07-28,2.918,2.929,2.91,2.923,83951740.0
2022-07-29,2.925,2.931,2.896,2.901,59259230.0
2022-08-01,2.901,2.914,2.874,2.908,80569700.0
2022-08-02,2.9,2.901,2.827,2.845,177488300.0
2022-08-03,2.843,2.875,2.812,2.817,125822604.0
2022-08-04,2.82,2.829,2.796,2.821,130782800.0
2022-08-05,2.821,2.829,2.8,2.825,110346900.0
2022-08-08,2.826,2.861,2.821,2.856,87118100.0
2022-08-09,2.856,2.88,2.847,2.877,67784300.0
2022-08-10,2.876,2.88,2.852,2.861,50348100.0
2022-08-11,2.867,2.889,2.863,2.888,73109102.0
2022-08-12,2.888,2.918,2.888,2.915,110716379.0
2022-08-15,2.913,2.944,2.91,2.929,96842301.0
2022-08-16,2.929,2.946,2.922,2.939,103386188.0
2022-08-17,2.937,2.95,2.925,2.943,78988518.0
2022-08-18,2.941,2.954,2.916,2.919,67169719.0
2022-08-19,2.922,2.964,2.922,2.944,131903241.0
2022-08-22,2.945,2.974,2.942,2.97,85062041.0
2022-08-23,2.969,2.993,2.948,2.98,89838791.0
2022-08-24,2.981,2.988,2.934,2.936,81575735.0
2022-08-25,2.943,3.003,2.943,3.001,188511786.0
2022-08-26,3.0,3.007,2.975,2.98,85533451.0
2022-08-29,2.979,3.007,2.938,3.002,96707300.0
2022-08-30,3.0,3.008,2.959,2.975,54685700.0
2022-08-31,2.974,2.98,2.946,2.957,61983417.0
2022-09-01,2.955,3.019,2.95,2.985,150443519.0
2022-09-02,2.985,2.991,2.969,2.979,48870900.0
2022-09-05,2.99,3.035,2.979,3.033,164081814.0
2022-09-06,3.038,3.086,3.032,3.082,121584220.0
2022-09-07,3.081,3.086,3.057,3.074,72178800.0
2022-09-08,3.072,3.084,3.043,3.065,57358359.0
2022-09-09,3.067,3.112,3.067,3.108,92363170.0
2022-09-13,3.107,3.112,3.077,3.085,58992706.0
2022-09-14,3.069,3.092,3.055,3.059,58471499.0
2022-09-15,3.073,3.106,3.035,3.071,115922899.0
2022-09-16,3.065,3.068,2.974,2.981,98692735.0
2022-09-19,2.974,2.998,2.954,2.981,84104219.0
2022-09-20,2.991,3.002,2.973,2.978,47397500.0
2022-09-21,2.973,3.014,2.96,3.005,62024053.0
2022-09-22,2.996,3.023,2.99,3.017,56268700.0
2022-09-23,3.014,3.036,2.985,2.993,74847900.0
2022-09-26,2.984,2.997,2.938,2.945,89114800.0
2022-09-27,2.945,2.963,2.906,2.961,56800900.0
2022-09-28,2.961,2.965,2.933,2.94,59047000.0
2022-09-29,2.949,2.973,2.921,2.935,58634200.0
2022-09-30,2.935,2.976,2.932,2.96,50343100.0
2022-10-10,2.961,3.014,2.96,2.965,75905100.0
2022-10-11,2.965,2.971,2.93,2.955,65768500.0
2022-10-12,2.954,2.991,2.926,2.99,54109800.0
2022-10-13,2.986,2.986,2.925,2.944,88015600.0
2022-10-14,2.948,2.987,2.948,2.976,60377047.0
2022-10-17,2.976,2.976,2.925,2.967,52517601.0
2022-10-18,2.965,2.979,2.95,2.962,33860200.0
2022-10-19,2.961,2.98,2.95,2.959,42267200.0
2022-10-20,2.955,2.955,2.925,2.933,65409732.0
2022-10-21,2.933,2.962,2.933,2.946,40298301.0
2022-10-24,2.945,2.953,2.879,2.894,93107776.0
2022-10-25,2.895,2.9,2.846,2.866,81789476.0
2022-10-26,2.865,2.88,2.84,2.849,80650200.0
2022-10-27,2.85,2.877,2.849,2.863,62659200.0
2022-10-28,2.86,2.86,2.803,2.814,106127400.0
2022-10-31,2.814,2.815,2.738,2.747,188546700.0
2022-11-01,2.748,2.767,2.725,2.767,161348800.0
2022-11-02,2.767,2.806,2.751,2.8,83173200.0
2022-11-03,2.789,2.795,2.771,2.781,56708297.0
2022-11-04,2.781,2.844,2.781,2.829,72255300.0
2022-11-07,2.829,2.865,2.823,2.854,60753769.0
2022-11-08,2.854,2.862,2.844,2.854,46140929.0
2022-11-09,2.854,2.88,2.851,2.852,68850301.0
2022-11-10,2.847,2.87,2.816,2.859,71630500.0
2022-11-11,2.898,2.938,2.887,2.921,119456001.0
2022-11-14,2.95,2.972,2.9,2.91,78623800.0
2022-11-15,2.91,2.923,2.888,2.92,49216950.0
2022-11-16,2.92,2.923,2.907,2.911,36166330.0
2022-11-17,2.91,2.91,2.872,2.89,63827668.0
2022-11-18,2.89,2.891,2.871,2.877,53541700.0
2022-11-21,2.868,2.871,2.839,2.866,46031568.0
2022-11-22,2.866,2.905,2.865,2.885,55243002.0
2022-11-23,2.884,2.916,2.88,2.901,94430000.0
2022-11-24,2.913,2.92,2.897,2.917,49144981.0
2022-11-25,2.916,2.97,2.913,2.966,132863784.0
2022-11-28,2.946,2.956,2.918,2.948,62533665.0
2022-11-29,2.985,3.036,2.97,3.034,201603967.0
2022-11-30,3.028,3.063,3.004,3.014,88283935.0
2022-12-01,3.038,3.044,2.99,2.993,68816606.0
2022-12-02,2.993,2.993,2.955,2.972,103666700.0
2022-12-05,2.983,3.034,2.983,3.025,86901500.0
2022-12-06,3.022,3.023,2.999,3.013,67770800.0
2022-12-07,3.006,3.018,2.985,2.998,46625100.0
2022-12-08,2.997,3.022,2.989,3.013,49694000.0
2022-12-09,3.011,3.025,3.0,3.02,54218300.0
2022-12-12,3.008,3.011,2.957,2.958,82176300.0
2022-12-13,2.958,2.982,2.953,2.972,34846438.0
2022-12-14,2.972,2.974,2.96,2.966,34461200.0
2022-12-15,2.964,2.965,2.923,2.931,73936000.0
2022-12-16,2.926,2.968,2.92,2.953,58714200.0
2022-12-19,2.953,2.964,2.898,2.914,72754600.0
2022-12-20,2.914,2.915,2.865,2.88,80203700.0
2022-12-21,2.882,2.899,2.87,2.883,74895000.0
2022-12-22,2.89,2.906,2.852,2.861,77455600.0
2022-12-23,2.86,2.869,2.843,2.851,67151900.0
2022-12-26,2.851,2.856,2.842,2.844,65526100.0
2022-12-27,2.846,2.877,2.846,2.872,66616400.0
2022-12-28,2.872,2.883,2.854,2.878,44516900.0
2022-12-29,2.876,2.876,2.841,2.849,74464500.0
2022-12-30,2.85,2.865,2.846,2.863,55376500.0
2023-01-03,2.864,2.883,2.854,2.876,48583200.0
2023-01-04,2.876,2.905,2.869,2.897,53686317.0
2023-01-05,2.9,2.908,2.892,2.902,50186053.0
2023-01-06,2.902,2.904,2.892,2.897,51267700.0
2023-01-09,2.901,2.907,2.89,2.899,51867400.0
2023-01-10,2.9,2.904,2.878,2.883,85262100.0
2023-01-11,2.883,2.911,2.881,2.905,64943100.0
2023-01-12,2.905,2.906,2.882,2.892,90597300.0
2023-01-13,2.893,2.91,2.893,2.907,66760753.0
2023-01-16,2.82,2.82,2.77,2.788,186379353.0
2023-01-17,2.788,2.792,2.776,2.78,106421800.0
2023-01-18,2.78,2.791,2.78,2.783,75283900.0
2023-01-19,2.784,2.79,2.775,2.789,90972000.0
2023-01-20,2.79,2.818,2.79,2.817,88700498.0
2023-01-30,2.833,2.849,2.8,2.801,127149100.0
2023-01-31,2.801,2.81,2.796,2.809,60527300.0
2023-02-01,2.809,2.815,2.796,2.813,78093727.0
2023-02-02,2.813,2.823,2.802,2.817,68580008.0
2023-02-03,2.815,2.816,2.786,2.799,139694000.0
2023-02-06,2.792,2.792,2.777,2.784,86270600.0
2023-02-07,2.784,2.802,2.784,2.795,58756917.0
2023-02-08,2.797,2.802,2.786,2.788,59525900.0
2023-02-09,2.786,2.8,2.781,2.797,56688600.0
2023-02-10,2.798,2.805,2.792,2.8,69044200.0
2023-02-13,2.8,2.806,2.787,2.805,69617900.0
2023-02-14,2.804,2.823,2.804,2.822,96506800.0
2023-02-15,2.822,2.823,2.805,2.809,59031800.0
2023-02-16,2.809,2.827,2.78,2.794,128882900.0
2023-02-17,2.799,2.814,2.791,2.799,114880900.0
2023-02-20,2.799,2.844,2.799,2.843,175180900.0
2023-02-21,2.848,2.886,2.848,2.879,130005541.0
2023-02-22,2.879,2.889,2.86,2.883,80162400.0
2023-02-23,2.894,2.91,2.882,2.894,96237928.0
2023-02-24,2.893,2.896,2.869,2.886,73935565.0
2023-02-27,2.88,2.907,2.88,2.891,73067550.0
2023-02-28,2.891,2.898,2.877,2.898,51958359.0
2023-03-01,2.899,2.916,2.898,2.915,112762711.0
2023-03-02,2.915,2.942,2.91,2.929,86228774.0
2023-03-03,2.93,2.948,2.921,2.944,87213463.0
2023-03-06,2.945,2.95,2.927,2.93,91306800.0
2023-03-07,2.929,2.97,2.92,2.923,111609900.0
2023-03-08,2.92,2.922,2.901,2.921,77218638.0
2023-03-09,2.922,2.939,2.915,2.917,57295400.0
2023-03-10,2.914,2.914,2.87,2.877,97365800.0
2023-03-13,2.873,2.91,2.87,2.91,72623800.0
2023-03-14,2.91,2.923,2.883,2.895,71521600.0
2023-03-15,2.899,2.925,2.886,2.919,88122000.0
2023-03-16,2.91,2.924,2.894,2.898,72016400.0
2023-03-17,2.901,2.93,2.901,2.917,77682000.0
2023-03-20,2.917,2.941,2.902,2.904,95327000.0
2023-03-21,2.906,2.914,2.887,2.896,63657800.0
2023-03-22,2.9,2.921,2.893,2.91,54584066.0
2023-03-23,2.909,2.915,2.896,2.912,42059400.0
2023-03-24,2.915,2.917,2.89,2.894,62030900.0
2023-03-27,2.894,2.894,2.86,2.873,97238353.0
2023-03-28,2.875,2.886,2.866,2.878,45533700.0
2023-03-29,2.88,2.89,2.871,2.876,34230274.0
2023-03-30,2.875,2.888,2.858,2.887,67884200.0
2023-03-31,2.889,2.905,2.884,2.894,55129200.0
2023-04-03,2.894,2.918,2.894,2.915,75613500.0
2023-04-04,2.913,2.935,2.907,2.928,110291700.0
2023-04-06,2.928,2.928,2.909,2.911,31225906.0
2023-04-07,2.91,2.922,2.905,2.912,37052900.0
2023-04-10,2.912,2.913,2.901,2.909,45922792.0
2023-04-11,2.909,2.932,2.903,2.932,79054500.0
2023-04-12,2.934,2.967,2.934,2.966,128781253.0
2023-04-13,2.964,2.986,2.961,2.973,107516040.0
2023-04-14,2.973,2.979,2.954,2.965,62391435.0
2023-04-17,2.962,3.0,2.952,2.999,99264253.0
2023-04-18,2.997,3.019,2.99,3.018,119134496.0
2023-04-19,3.016,3.025,3.006,3.013,123493956.0
2023-04-20,3.01,3.021,2.984,3.009,71219301.0
2023-04-21,3.009,3.038,2.991,2.992,67684800.0
2023-04-24,2.993,3.004,2.98,2.987,175007101.0
2023-04-25,2.988,3.013,2.97,3.009,112814600.0
2023-04-26,2.999,3.032,2.97,3.015,122174900.0
2023-04-27,3.014,3.037,2.999,3.023,121086700.0
2023-04-28,3.016,3.061,3.013,3.059,160162400.0
2023-05-04,3.052,3.135,3.042,3.13,110225394.0
2023-05-05,3.138,3.179,3.119,3.158,103719097.0
2023-05-08,3.155,3.263,3.148,3.249,194076954.0
2023-05-09,3.249,3.285,3.208,3.211,206046131.0
2023-05-10,3.2,3.212,3.132,3.143,172259637.0
2023-05-11,3.145,3.164,3.125,3.136,78337498.0
2023-05-12,3.136,3.163,3.11,3.123,92668900.0
2023-05-15,3.122,3.123,3.046,3.116,122320000.0
2023-05-16,3.113,3.138,3.091,3.096,79416149.0
2023-05-17,3.096,3.105,3.071,3.083,72269820.0
2023-05-18,3.085,3.129,3.084,3.111,65427820.0
2023-05-19,3.098,3.098,3.064,3.068,209455600.0
2023-05-22,3.065,3.076,3.045,3.058,69759400.0
2023-05-23,3.056,3.066,3.02,3.02,67180700.0
2023-05-24,3.018,3.018,2.974,2.978,96195399.0
2023-05-25,2.974,2.978,2.932,2.963,91052700.0
2023-05-26,2.96,2.999,2.946,2.991,105758900.0
2023-05-29,2.999,3.044,2.981,3.022,153613900.0
2023-05-30,3.016,3.029,2.98,3.021,80546630.0
2023-05-31,3.012,3.018,2.982,2.988,78721000.0
2023-06-01,2.99,3.011,2.971,2.985,64527800.0
2023-06-02,2.987,3.0,2.977,2.984,85495900.0
2023-06-05,2.985,3.005,2.973,3.002,61297600.0
2023-06-06,3.002,3.038,2.982,2.992,81204535.0
2023-06-07,2.991,3.028,2.976,3.023,97089500.0
2023-06-08,3.021,3.068,3.006,3.06,100371600.0
2023-06-09,3.058,3.059,3.032,3.041,60166000.0
2023-06-12,3.041,3.041,3.006,3.01,76298500.0
2023-06-13,3.004,3.017,2.998,3.003,49448020.0
2023-06-14,3.003,3.025,2.984,2.985,78180600.0
2023-06-15,2.988,2.997,2.98,2.994,58757000.0
2023-06-16,2.994,3.001,2.988,2.989,87889300.0
2023-06-19,2.989,2.99,2.95,2.952,103081422.0
2023-06-20,2.95,2.951,2.922,2.925,83787500.0
2023-06-21,2.924,2.938,2.905,2.908,95955209.0
2023-06-26,2.9,2.9,2.861,2.862,185650900.0
2023-06-27,2.862,2.92,2.862,2.915,114655500.0
2023-06-28,2.911,2.938,2.905,2.935,79024700.0
2023-06-29,2.934,2.943,2.918,2.933,76133400.0
2023-06-30,2.931,2.948,2.929,2.938,71608401.0
2023-07-03,2.94,2.975,2.94,2.973,97236200.0
2023-07-04,2.97,2.97,2.936,2.95,64226300.0
2023-07-05,2.944,2.957,2.933,2.948,109278300.0
2023-07-06,2.948,2.957,2.934,2.941,55686809.0
2023-07-07,2.936,2.961,2.932,2.959,59335022.0
2023-07-10,2.96,2.972,2.954,2.966,47931012.0
2023-07-11,2.968,2.973,2.95,2.964,40194180.0
2023-07-12,2.966,2.969,2.94,2.946,51387480.0
2023-07-13,2.95,2.981,2.948,2.977,66926200.0
2023-07-14,2.979,3.002,2.978,2.992,73284063.0
2023-07-17,2.983,2.983,2.96,2.975,46000300.0
2023-07-18,2.974,2.981,2.96,2.968,37397400.0
2023-07-19,2.965,2.988,2.965,2.987,47309100.0
2023-07-20,2.987,2.996,2.972,2.978,41569153.0
2023-07-21,2.974,2.984,2.967,2.978,37754200.0
2023-07-24,2.97,2.988,2.961,2.976,57460100.0
2023-07-25,2.993,3.019,2.993,3.018,107629214.0
2023-07-26,3.019,3.031,3.015,3.025,88312200.0
2023-07-27,3.024,3.058,3.019,3.034,102028283.0
2023-07-28,3.028,3.093,3.027,3.086,134814800.0
2023-07-31,3.101,3.134,3.093,3.106,115187491.0
2023-08-01,3.105,3.125,3.096,3.11,105422589.0
2023-08-02,3.108,3.108,3.065,3.071,92751100.0
2023-08-03,3.063,3.088,3.051,3.087,70156394.0
2023-08-04,3.097,3.112,3.073,3.076,90478000.0
2023-08-07,3.072,3.072,3.039,3.048,55295600.0
2023-08-08,3.042,3.059,3.033,3.043,55814500.0
2023-08-09,3.043,3.043,3.03,3.033,37008564.0
2023-08-10,3.033,3.065,3.029,3.054,40919500.0
2023-08-11,3.054,3.061,3.011,3.012,50088900.0
2023-08-14,2.997,3.012,2.972,3.006,81355151.0
2023-08-15,3.006,3.036,2.997,3.03,99455122.0
2023-08-16,3.025,3.043,3.006,3.029,74871978.0
2023-08-17,3.013,3.029,3.0,3.028,69016074.0
2023-08-18,3.024,3.058,3.023,3.029,78958046.0
2023-08-21,3.029,3.034,3.0,3.004,86661872.0
2023-08-22,3.005,3.031,2.993,3.022,82506000.0
2023-08-23,3.019,3.058,3.016,3.028,79397401.0
2023-08-24,3.028,3.039,3.007,3.012,72440000.0
2023-08-25,3.01,3.033,3.001,3.015,106847963.0
2023-08-28,3.15,3.168,3.047,3.057,172673199.0
2023-08-29,3.049,3.064,3.035,3.057,86003564.0
2023-08-30,3.057,3.057,3.016,3.027,92629001.0
2023-08-31,3.024,3.034,2.988,2.994,102337554.0
2023-09-01,2.995,3.028,2.995,3.022,66712669.0
2023-09-04,3.032,3.075,3.032,3.068,105903360.0
2023-09-05,3.068,3.068,3.034,3.044,61836014.0
2023-09-06,3.036,3.049,3.025,3.041,45688400.0
2023-09-07,3.04,3.057,3.031,3.033,72547621.0
2023-09-08,3.025,3.029,3.007,3.014,69540000.0
2023-09-11,3.015,3.039,3.014,3.035,46378225.0
2023-09-12,3.033,3.038,3.026,3.03,31238825.0
2023-09-13,3.033,3.057,3.033,3.045,71652376.0
2023-09-14,3.044,3.086,3.037,3.083,119430806.0
2023-09-15,3.085,3.11,3.072,3.085,104789693.0
2023-09-18,3.084,3.087,3.054,3.087,61768300.0
2023-09-19,3.085,3.113,3.082,3.108,73535350.0
2023-09-20,3.106,3.121,3.095,3.116,65517532.0
2023-09-21,3.107,3.123,3.095,3.097,104729399.0
2023-09-22,3.083,3.112,3.082,3.111,100762067.0
2023-09-25,3.107,3.125,3.095,3.105,86118600.0
2023-09-26,3.101,3.11,3.088,3.092,44600700.0
2023-09-27,3.091,3.097,3.075,3.081,71082300.0
2023-09-28,3.084,3.09,3.076,3.077,52079000.0
2023-10-09,3.077,3.078,3.042,3.072,66265900.0
2023-10-10,3.072,3.078,3.041,3.043,63708100.0
2023-10-11,3.047,3.051,3.026,3.034,76037100.0
2023-10-12,3.043,3.066,3.041,3.06,62037103.0
2023-10-13,3.046,3.065,3.037,3.056,53520215.0
2023-10-16,3.058,3.076,3.05,3.075,70751010.0
2023-10-17,3.073,3.076,3.059,3.071,39328200.0
2023-10-18,3.068,3.071,3.047,3.048,52982500.0
2023-10-19,3.039,3.043,3.0,3.003,91039100.0
2023-10-20,2.999,2.999,2.97,2.98,107055000.0
2023-10-23,2.979,2.983,2.935,2.95,80500862.0
2023-10-24,2.968,2.972,2.95,2.971,69351300.0
2023-10-25,2.987,3.003,2.981,2.994,83523800.0
2023-10-26,2.987,3.007,2.975,3.004,52428800.0
2023-10-27,3.004,3.027,2.998,3.015,80812200.0
2023-10-30,3.009,3.01,2.97,2.974,118171838.0
2023-10-31,2.972,2.983,2.961,2.982,53211888.0
2023-11-01,2.983,2.985,2.964,2.979,55255150.0
2023-11-02,2.979,2.998,2.977,2.988,53830712.0
2023-11-03,2.988,2.996,2.97,2.974,70046700.0
2023-11-06,2.974,2.978,2.948,2.955,172542660.0
2023-11-07,2.952,2.96,2.94,2.957,58693200.0
2023-11-08,2.953,2.963,2.945,2.956,50499789.0
2023-11-09,2.956,2.983,2.953,2.981,90250558.0
2023-11-10,2.971,2.979,2.957,2.973,50737294.0
2023-11-13,2.977,2.983,2.955,2.978,44482028.0
2023-11-14,2.978,2.981,2.96,2.968,44989800.0
2023-11-15,2.98,2.984,2.97,2.977,43642050.0
2023-11-16,2.977,2.985,2.968,2.979,54895312.0
2023-11-17,2.974,2.977,2.959,2.969,42546443.0
2023-11-20,2.97,2.978,2.962,2.973,46994700.0
2023-11-21,2.976,3.007,2.975,2.989,74451569.0
2023-11-22,2.983,3.0,2.981,2.981,62422629.0
2023-11-23,2.981,3.005,2.978,3.001,78975166.0
2023-11-24,2.998,3.015,2.998,3.009,54047416.0
2023-11-27,3.002,3.006,2.987,3.0,60792100.0
2023-11-28,2.996,2.996,2.978,2.994,47899900.0
2023-11-29,2.994,2.999,2.976,2.981,53477001.0
2023-11-30,2.977,2.991,2.975,2.99,45284200.0
2023-12-01,2.99,3.005,2.987,3.002,60824500.0
2023-12-04,3.002,3.014,2.996,3.008,66769900.0
2023-12-05,3.004,3.004,2.97,2.972,79642395.0
2023-12-06,2.973,2.974,2.941,2.969,68120100.0
2023-12-07,2.966,2.978,2.953,2.97,44796400.0
2023-12-08,2.97,2.982,2.955,2.971,45438800.0
2023-12-11,2.963,3.0,2.921,2.997,103498712.0
2023-12-12,2.991,3.01,2.98,3.009,79682300.0
2023-12-13,3.003,3.01,2.986,2.987,48040200.0
2023-12-14,2.997,3.006,2.98,2.995,59005900.0
2023-12-15,2.998,3.002,2.972,2.978,65631700.0
2023-12-18,2.972,2.99,2.962,2.975,49728912.0
2023-12-19,2.971,2.974,2.955,2.967,70795600.0
2023-12-20,2.97,2.987,2.961,2.965,66441112.0
2023-12-21,2.959,2.959,2.929,2.945,110704800.0
2023-12-22,2.946,2.959,2.933,2.941,78736042.0
2023-12-25,2.937,2.94,2.918,2.939,68357200.0
2023-12-26,2.938,2.957,2.919,2.922,81675800.0
2023-12-27,2.92,2.935,2.907,2.934,82812327.0
2023-12-28,2.934,2.938,2.908,2.916,157440300.0
2023-12-29,2.916,2.935,2.907,2.931,108213960.0
2024-01-02,2.931,2.983,2.93,2.97,145816989.0
2024-01-03,2.968,3.014,2.965,3.01,244179313.0
2024-01-04,3.008,3.04,3.003,3.034,246967953.0
2024-01-05,3.03,3.087,3.026,3.044,321240200.0
2024-01-08,3.04,3.042,3.013,3.015,119728400.0
2024-01-09,3.014,3.042,2.991,3.038,107309100.0
2024-01-10,3.026,3.045,3.019,3.023,85594400.0
2024-01-11,3.02,3.02,2.991,2.995,110549200.0
2024-01-12,2.995,3.017,2.99,3.01,112794000.0
2024-01-15,3.0,3.025,2.99,3.024,53472700.0
2024-01-16,3.022,3.036,3.009,3.034,106610355.0
2024-01-17,3.032,3.042,2.993,2.997,102852200.0
2024-01-18,2.993,2.993,2.9,2.972,291413900.0
2024-01-19,2.967,2.975,2.941,2.95,133033264.0
2024-01-22,2.95,2.952,2.842,2.881,306073753.0
2024-01-23,2.779,2.779,2.71,2.768,302400943.0
2024-01-24,2.773,2.845,2.766,2.836,162034243.0
2024-01-25,2.836,2.91,2.836,2.908,182523900.0
2024-01-26,2.905,2.955,2.901,2.949,201314024.0
2024-01-29,2.953,2.987,2.95,2.964,181188403.0
2024-01-30,2.95,2.978,2.925,2.93,222367359.0
2024-01-31,2.924,2.96,2.913,2.934,139043363.0
2024-02-01,2.923,2.926,2.894,2.904,103071600.0
2024-02-02,2.902,2.953,2.851,2.912,310794398.0
2024-02-05,2.896,2.94,2.861,2.918,193436841.0
2024-02-06,2.91,2.977,2.888,2.96,220979100.0
2024-02-07,2.959,3.006,2.931,3.004,211241868.0
2024-02-08,3.003,3.028,2.988,3.005,157435563.0
2024-02-19,3.007,3.079,2.983,3.075,209851897.0
2024-02-20,3.063,3.127,3.056,3.119,207746746.0
2024-02-21,3.111,3.154,3.102,3.112,217641302.0
2024-02-22,3.107,3.172,3.105,3.17,175098700.0
2024-02-23,3.168,3.187,3.141,3.152,176915000.0
2024-02-26,3.151,3.151,3.07,3.083,195111634.0
2024-02-27,3.071,3.109,3.061,3.1,97814640.0
2024-02-28,3.1,3.125,3.076,3.094,122426679.0
2024-02-29,3.076,3.114,3.072,3.112,98182151.0
2024-03-01,3.106,3.125,3.098,3.107,137353950.0
2024-03-04,3.108,3.136,3.093,3.134,109761600.0
2024-03-05,3.128,3.157,3.119,3.155,100365293.0
2024-03-06,3.151,3.181,3.148,3.153,85032795.0
2024-03-07,3.153,3.193,3.151,3.172,125412142.0
2024-03-08,3.173,3.195,3.154,3.189,134488700.0
2024-03-11,3.187,3.19,3.133,3.157,141793751.0
2024-03-12,3.151,3.151,3.072,3.086,202924309.0
2024-03-13,3.077,3.078,3.041,3.068,158809227.0
2024-03-14,3.059,3.083,3.051,3.077,101209032.0
2024-03-15,3.07,3.076,3.044,3.071,107864900.0
2024-03-18,3.068,3.068,3.04,3.054,158092500.0
2024-03-19,3.054,3.076,3.047,3.052,81260800.0
2024-03-20,3.051,3.067,3.031,3.058,105249153.0
2024-03-21,3.057,3.07,3.044,3.062,53729800.0
2024-03-22,3.06,3.07,3.041,3.068,121480900.0
2024-03-25,3.063,3.109,3.047,3.078,140359426.0
2024-03-26,3.072,3.08,3.043,3.061,104191700.0
2024-03-27,3.057,3.084,3.052,3.06,121895574.0
2024-03-28,3.058,3.062,3.03,3.052,127257400.0
2024-03-29,3.049,3.075,3.04,3.072,113915205.0
2024-04-01,3.07,3.072,3.057,3.067,72014321.0
2024-04-02,3.067,3.095,3.066,3.088,98249497.0
2024-04-03,3.088,3.127,3.084,3.125,132608200.0
2024-04-08,3.121,3.161,3.103,3.135,114964901.0
2024-04-09,3.132,3.148,3.104,3.12,92734700.0
2024-04-10,3.12,3.151,3.115,3.131,132532576.0
2024-04-11,3.123,3.186,3.118,3.171,128032500.0
2024-04-12,3.164,3.182,3.152,3.164,86256612.0
2024-04-15,3.165,3.232,3.156,3.23,142635870.0
2024-04-16,3.229,3.27,3.203,3.244,190940500.0
2024-04-17,3.226,3.282,3.203,3.277,172064263.0
2024-04-18,3.276,3.32,3.27,3.286,171600500.0
2024-04-19,3.274,3.325,3.267,3.308,214235900.0
2024-04-22,3.306,3.318,3.22,3.221,226259562.0
2024-04-23,3.207,3.216,3.162,3.173,170174600.0
2024-04-24,3.173,3.179,3.14,3.174,150520100.0
2024-04-25,3.166,3.194,3.161,3.193,100409299.0
2024-04-26,3.187,3.204,3.143,3.164,148548600.0
2024-04-29,3.15,3.153,3.1,3.13,189352927.0
2024-04-30,3.124,3.161,3.122,3.143,112682098.0
2024-05-06,3.148,3.161,3.128,3.16,132451471.0
2024-05-07,3.156,3.165,3.143,3.16,83915500.0
2024-05-08,3.158,3.192,3.154,3.182,134912900.0
2024-05-09,3.18,3.198,3.172,3.193,98165800.0
2024-05-10,3.19,3.212,3.182,3.212,106906190.0
2024-05-13,3.207,3.22,3.173,3.216,108676600.0
2024-05-14,3.211,3.214,3.184,3.203,114448501.0
2024-05-15,3.199,3.221,3.186,3.202,91991301.0
2024-05-16,3.201,3.223,3.199,3.209,115589511.0
2024-05-17,3.209,3.233,3.196,3.23,106958000.0
2024-05-20,3.228,3.277,3.228,3.269,108426500.0
2024-05-21,3.261,3.292,3.259,3.285,88676206.0
2024-05-22,3.286,3.317,3.284,3.285,130201490.0
2024-05-23,3.275,3.28,3.236,3.243,137971800.0
2024-05-24,3.239,3.277,3.231,3.238,116394730.0
2024-05-27,3.24,3.295,3.24,3.295,103511600.0
2024-05-28,3.29,3.303,3.273,3.286,119592706.0
2024-05-29,3.28,3.316,3.274,3.289,133830250.0
2024-05-30,3.279,3.307,3.257,3.266,119783400.0
2024-05-31,3.265,3.288,3.265,3.273,63365200.0
2024-06-03,3.268,3.269,3.226,3.242,102457700.0
2024-06-04,3.238,3.258,3.223,3.255,84725163.0
2024-06-05,3.253,3.259,3.213,3.217,88543175.0
2024-06-06,3.217,3.25,3.216,3.234,77010590.0
2024-06-07,3.232,3.262,3.232,3.261,77525000.0
2024-06-11,3.259,3.26,3.189,3.205,118279470.0
2024-06-12,3.199,3.25,3.184,3.246,100102600.0
2024-06-13,3.24,3.246,3.207,3.218,70373900.0
2024-06-14,3.217,3.232,3.206,3.223,83118700.0
2024-06-17,3.215,3.225,3.173,3.181,118964900.0
2024-06-18,3.181,3.193,3.158,3.188,76288055.0
2024-06-19,3.187,3.201,3.18,3.188,64572000.0
2024-06-20,3.186,3.202,3.181,3.194,63729083.0
2024-06-21,3.192,3.204,3.182,3.199,74075300.0
2024-06-24,3.191,3.191,3.143,3.157,93449500.0
2024-06-25,3.156,3.182,3.155,3.17,72398700.0
2024-06-26,3.169,3.181,3.152,3.178,67598900.0
2024-06-27,3.178,3.191,3.165,3.178,83666100.0
2024-06-28,3.176,3.209,3.169,3.201,79768726.0
2024-07-01,3.195,3.272,3.192,3.269,153585806.0
2024-07-02,3.267,3.28,3.245,3.271,81739180.0
2024-07-03,3.271,3.278,3.243,3.249,81225300.0
2024-07-04,3.249,3.263,3.229,3.235,66402000.0
2024-07-05,3.235,3.244,3.2,3.218,115719800.0
2024-07-08,3.217,3.227,3.2,3.207,82272100.0
2024-07-09,3.206,3.235,3.183,3.233,96999700.0
2024-07-10,3.227,3.228,3.163,3.167,151426000.0
2024-07-11,3.17,3.179,3.151,3.162,140520499.0
2024-07-12,3.162,3.18,3.151,3.158,86935464.0
2024-07-15,3.152,3.198,3.138,3.195,101107233.0
2024-07-16,3.191,3.198,3.168,3.182,79006789.0
2024-07-17,3.18,3.186,3.157,3.169,63820379.0
2024-07-18,3.166,3.174,3.137,3.173,89881800.0
2024-07-19,3.164,3.166,3.132,3.15,113611200.0
2024-07-22,3.143,3.143,3.091,3.118,174559436.0
2024-07-23,3.113,3.119,3.093,3.097,73947100.0
2024-07-24,3.094,3.107,3.081,3.099,77790100.0
2024-07-25,3.09,3.093,3.06,3.085,98300900.0
2024-07-26,3.081,3.088,3.051,3.067,80586431.0
2024-07-29,3.06,3.08,3.053,3.079,56212900.0
2024-07-30,3.075,3.076,3.052,3.064,54735300.0
2024-07-31,3.063,3.095,3.059,3.093,99866400.0
2024-08-01,3.093,3.106,3.084,3.096,59219600.0
2024-08-02,3.082,3.1,3.068,3.088,86214600.0
2024-08-05,3.082,3.088,3.043,3.047,112849100.0
2024-08-06,3.048,3.066,3.013,3.036,107981562.0
2024-08-07,3.025,3.063,3.023,3.048,75656800.0
2024-08-08,3.048,3.063,3.038,3.059,65790400.0
2024-08-09,3.059,3.065,3.044,3.048,81646700.0
2024-08-12,3.043,3.075,3.035,3.068,72191773.0
2024-08-13,3.064,3.076,3.05,3.069,96106607.0
2024-08-14,3.068,3.075,3.057,3.062,46971472.0
2024-08-15,3.06,3.098,3.053,3.091,86941756.0
2024-08-16,3.091,3.103,3.083,3.096,58437100.0
2024-08-19,3.095,3.128,3.092,3.126,88244900.0
2024-08-20,3.128,3.13,3.076,3.091,86662300.0
2024-08-21,3.085,3.086,3.04,3.058,94565686.0
2024-08-22,3.056,3.074,3.05,3.061,74396800.0
2024-08-23,3.06,3.07,3.045,3.059,66242775.0
2024-08-26,3.056,3.059,3.026,3.043,73755728.0
2024-08-27,3.038,3.054,3.035,3.05,50812698.0
2024-08-28,3.045,3.058,3.028,3.037,50305100.0
2024-08-29,3.035,3.035,2.976,2.981,122878200.0
2024-08-30,2.979,3.012,2.956,2.99,115116000.0
2024-09-02,2.984,3.022,2.954,3.005,97341900.0
2024-09-03,3.003,3.013,2.959,2.978,112622400.0
2024-09-04,2.97,2.984,2.952,2.977,64247500.0
2024-09-05,2.974,2.988,2.966,2.979,51889455.0
2024-09-06,2.98,2.991,2.953,2.955,65942853.0
2024-09-09,2.946,2.948,2.891,2.9,117983600.0
2024-09-10,2.899,2.912,2.883,2.907,97889100.0
2024-09-11,2.902,2.902,2.83,2.843,148072830.0
2024-09-12,2.84,2.864,2.83,2.853,175512200.0
2024-09-13,2.851,2.876,2.842,2.845,132952450.0
2024-09-18,2.844,2.882,2.842,2.878,98923500.0
2024-09-19,2.879,2.886,2.849,2.873,98601100.0
2024-09-20,2.872,2.879,2.856,2.874,61729600.0
2024-09-23,2.87,2.912,2.865,2.905,90240600.0
2024-09-24,2.932,3.04,2.92,3.039,249189600.0
2024-09-25,3.086,3.149,3.079,3.085,347754517.0
2024-09-26,3.079,3.194,3.074,3.189,297067851.0
2024-09-27,3.224,3.253,3.138,3.178,241338400.0
2024-09-30,3.255,3.433,3.232,3.399,587413977.0
2024-10-08,3.731,3.731,3.316,3.404,507637798.0
2024-10-09,3.37,3.37,3.146,3.148,269941474.0
2024-10-10,3.148,3.345,3.148,3.27,403220818.0
2024-10-11,3.272,3.3,3.195,3.226,265261600.0
2024-10-14,3.238,3.334,3.238,3.312,231364800.0
2024-10-15,3.3,3.308,3.229,3.231,190007400.0
2024-10-16,3.213,3.3,3.209,3.279,170885400.0
2024-10-17,3.278,3.302,3.228,3.231,138273900.0
2024-10-18,3.225,3.287,3.181,3.252,238583443.0
2024-10-21,3.255,3.26,3.211,3.232,207138769.0
2024-10-22,3.232,3.258,3.218,3.244,115096213.0
2024-10-23,3.244,3.255,3.232,3.245,147476000.0
2024-10-24,3.239,3.241,3.216,3.226,153592613.0
2024-10-25,3.226,3.234,3.214,3.224,115292800.0
2024-10-28,3.221,3.246,3.214,3.245,163889200.0
2024-10-29,3.243,3.25,3.192,3.2,143261100.0
2024-10-30,3.2,3.205,3.146,3.165,146092600.0
2024-10-31,3.164,3.164,3.117,3.146,134801800.0
2024-11-01,3.14,3.193,3.136,3.175,195546600.0
2024-11-04,3.18,3.192,3.143,3.189,90916706.0
2024-11-05,3.188,3.218,3.179,3.218,137628278.0
2024-11-06,3.218,3.218,3.178,3.19,202193074.0
2024-11-07,3.181,3.26,3.177,3.259,183247500.0
2024-11-08,3.266,3.278,3.207,3.226,171141067.0
2024-11-11,3.22,3.22,3.172,3.193,179443532.0
2024-11-12,3.19,3.215,3.16,3.173,186292600.0
2024-11-13,3.17,3.196,3.162,3.193,138758400.0
2024-11-14,3.188,3.199,3.163,3.167,133618400.0
2024-11-15,3.16,3.195,3.155,3.17,226436200.0
2024-11-18,3.187,3.26,3.185,3.218,272079820.0
2024-11-19,3.218,3.229,3.18,3.209,232906567.0
2024-11-20,3.205,3.216,3.195,3.215,110815723.0
2024-11-21,3.21,3.222,3.205,3.218,91284152.0
2024-11-22,3.218,3.231,3.137,3.142,197781147.0
2024-11-25,3.142,3.173,3.133,3.148,202268832.0
2024-11-26,3.142,3.17,3.135,3.159,88939542.0
2024-11-27,3.159,3.191,3.125,3.189,224876200.0
2024-11-28,3.185,3.2,3.179,3.186,92765311.0
2024-11-29,3.185,3.214,3.185,3.201,123905600.0
2024-12-02,3.209,3.213,3.183,3.209,121409100.0
2024-12-03,3.202,3.245,3.193,3.241,243412596.0
2024-12-04,3.238,3.28,3.22,3.266,262912500.0
2024-12-05,3.264,3.27,3.252,3.259,249777833.0
2024-12-06,3.259,3.313,3.259,3.302,328714635.0
2024-12-09,3.302,3.33,3.288,3.31,250858000.0
2024-12-10,3.35,3.371,3.3,3.306,404395135.0
2024-12-11,3.302,3.325,3.3,3.319,129654653.0
2024-12-12,3.321,3.328,3.309,3.325,128889953.0
2024-12-13,3.322,3.322,3.28,3.288,191578400.0
2024-12-16,3.285,3.338,3.281,3.317,190872500.0
2024-12-17,3.308,3.336,3.302,3.312,176041100.0
2024-12-18,3.319,3.35,3.317,3.332,196912001.0
2024-12-19,3.32,3.321,3.278,3.292,181173800.0
2024-12-20,3.284,3.298,3.262,3.264,142620200.0
2024-12-23,3.26,3.302,3.26,3.278,161772811.0
2024-12-24,3.278,3.316,3.273,3.311,163945800.0
2024-12-25,3.311,3.334,3.305,3.326,169528800.0
2024-12-26,3.327,3.329,3.304,3.316,161861100.0
2024-12-27,3.308,3.317,3.282,3.315,151024500.0
2024-12-30,3.314,3.365,3.31,3.362,249438901.0
2024-12-31,3.363,3.388,3.345,3.351,242627000.0
2025-01-02,3.351,3.368,3.255,3.279,291280800.0
2025-01-03,3.282,3.29,3.238,3.248,312030900.0
2025-01-06,3.243,3.249,3.21,3.248,159646100.0
2025-01-07,3.247,3.247,3.2,3.234,164322500.0
2025-01-08,3.225,3.243,3.194,3.228,128830000.0
2025-01-09,3.222,3.222,3.18,3.184,191348601.0
2025-01-10,3.185,3.193,3.15,3.151,211617600.0
2025-01-13,3.14,3.152,3.11,3.124,136759300.0
2025-01-14,3.125,3.179,3.123,3.174,201953700.0
2025-01-15,3.174,3.211,3.169,3.183,143646700.0
2025-01-16,3.188,3.219,3.188,3.213,134217000.0
2025-01-17,3.21,3.212,3.181,3.196,133009600.0
2025-01-20,3.196,3.206,3.18,3.185,161191701.0
2025-01-21,3.053,3.055,3.017,3.027,217611460.0
2025-01-22,3.027,3.027,2.996,3.003,129926501.0
2025-01-23,3.019,3.063,3.019,3.052,207932337.0
2025-01-24,3.045,3.077,3.031,3.067,176820420.0
2025-01-27,3.067,3.114,3.067,3.105,140551700.0
2025-02-05,3.106,3.111,3.036,3.043,234095900.0
2025-02-06,3.041,3.049,3.02,3.041,252298000.0
2025-02-07,3.041,3.061,3.023,3.054,277715501.0
2025-02-10,3.05,3.052,3.037,3.047,218705949.0
2025-02-11,3.047,3.061,3.045,3.06,179773401.0
2025-02-12,3.061,3.064,3.045,3.062,181305700.0
2025-02-13,3.06,3.074,3.057,3.065,208861300.0
2025-02-14,3.064,3.07,3.051,3.068,225514046.0
2025-02-17,3.068,3.071,3.042,3.055,193882163.0
2025-02-18,3.053,3.071,3.043,3.053,249105369.0
2025-02-19,3.048,3.05,3.03,3.035,223587300.0
2025-02-20,3.03,3.033,3.02,3.022,196738500.0
2025-02-21,3.023,3.027,2.995,3.0,352205600.0
2025-02-24,2.999,3.002,2.981,2.996,235457477.0
2025-02-25,2.991,3.0,2.972,2.975,208777400.0
2025-02-26,2.975,3.008,2.975,3.001,207659401.0
2025-02-27,3.002,3.028,2.996,3.028,187680756.0
2025-02-28,3.027,3.039,3.007,3.01,163965650.0
2025-03-03,3.01,3.019,2.996,2.997,205102343.0
2025-03-04,2.997,3.002,2.983,2.996,97408000.0
2025-03-05,2.996,3.004,2.984,3.004,113282400.0
2025-03-06,3.004,3.007,2.985,2.998,172287800.0
2025-03-07,2.996,3.007,2.992,2.997,224683269.0
2025-03-10,2.995,3.002,2.985,3.001,136822900.0
2025-03-11,2.993,3.023,2.986,3.022,188485969.0
2025-03-12,3.022,3.026,3.011,3.018,102018427.0
2025-03-13,3.014,3.047,3.013,3.046,205799156.0
2025-03-14,3.043,3.077,3.041,3.068,241624061.0
2025-03-17,3.069,3.081,3.063,3.077,136369884.0
2025-03-18,3.077,3.079,3.054,3.065,134980698.0
2025-03-19,3.061,3.07,3.051,3.066,100744501.0
2025-03-20,3.066,3.077,3.058,3.061,191114200.0
2025-03-21,3.058,3.08,3.043,3.055,174555717.0
2025-03-24,3.054,3.08,3.054,3.078,146219701.0
2025-03-25,3.073,3.1,3.072,3.1,169054626.0
2025-03-26,3.096,3.103,3.084,3.101,171399001.0
2025-03-27,3.1,3.105,3.091,3.099,93902700.0
2025-03-28,3.095,3.099,3.074,3.082,157192901.0
2025-03-31,3.079,3.095,3.067,3.073,150717500.0
2025-04-01,3.071,3.098,3.07,3.097,113641700.0
2025-04-02,3.097,3.116,3.092,3.112,133127236.0
2025-04-03,3.098,3.12,3.089,3.117,145169479.0
2025-04-07,3.05,3.053,2.875,2.938,471864511.0
2025-04-08,2.939,3.003,2.938,3.003,298132600.0
2025-04-09,2.983,3.012,2.945,3.007,268858300.0
2025-04-10,3.02,3.048,3.01,3.038,291703000.0
2025-04-11,3.03,3.031,3.013,3.023,120779888.0
2025-04-14,3.023,3.055,3.02,3.051,123122425.0
2025-04-15,3.051,3.067,3.044,3.066,118990570.0
2025-04-16,3.063,3.084,3.056,3.082,147468500.0
2025-04-17,3.078,3.078,3.061,3.075,81058528.0
2025-04-18,3.067,3.08,3.066,3.077,83169155.0
2025-04-21,3.075,3.094,3.065,3.067,97844810.0
2025-04-22,3.064,3.082,3.063,3.077,125932900.0
2025-04-23,3.077,3.08,3.058,3.061,106024706.0
2025-04-24,3.06,3.081,3.055,3.074,95897590.0
2025-04-25,3.072,3.079,3.064,3.071,70100003.0
2025-04-28,3.07,3.077,3.06,3.074,118311494.0
2025-04-29,3.071,3.076,3.057,3.062,79978494.0
2025-04-30,3.062,3.062,3.034,3.038,117201200.0
2025-05-06,3.04,3.043,3.02,3.03,116445701.0
2025-05-07,3.043,3.055,3.036,3.049,168755169.0
2025-05-08,3.049,3.059,3.04,3.053,89909801.0
2025-05-09,3.051,3.074,3.05,3.07,129185300.0
2025-05-12,3.073,3.084,3.067,3.083,91184195.0
2025-05-13,3.09,3.107,3.083,3.105,198210201.0
2025-05-14,3.101,3.134,3.095,3.133,197015500.0
2025-05-15,3.132,3.145,3.123,3.124,141456107.0
2025-05-16,3.118,3.123,3.09,3.106,86700630.0
2025-05-19,3.106,3.121,3.104,3.117,86716277.0
2025-05-20,3.118,3.127,3.112,3.121,91527828.0
2025-05-21,3.121,3.158,3.12,3.15,115707933.0
2025-05-22,3.147,3.157,3.137,3.151,72560286.0
2025-05-23,3.152,3.168,3.122,3.123,89887004.0
2025-05-26,3.119,3.128,3.102,3.107,95942718.0
2025-05-27,3.105,3.114,3.087,3.095,75818830.0
2025-05-28,3.095,3.103,3.086,3.1,55699568.0
2025-05-29,3.1,3.11,3.097,3.108,71506852.0
2025-05-30,3.104,3.123,3.104,3.122,80482384.0
2025-06-03,3.118,3.139,3.103,3.134,74922500.0
2025-06-04,3.135,3.142,3.124,3.142,69241081.0
2025-06-05,3.14,3.149,3.116,3.124,78906418.0
2025-06-06,3.124,3.138,3.12,3.124,111079251.0
2025-06-09,3.124,3.129,3.11,3.128,75424100.0
2025-06-10,3.125,3.148,3.118,3.133,106585668.0
2025-06-11,3.131,3.144,3.129,3.142,63494630.0
2025-06-12,3.142,3.143,3.133,3.14,51247128.0
2025-06-13,3.139,3.143,3.119,3.125,125091346.0
2025-06-16,3.121,3.132,3.117,3.131,60081687.0
2025-06-17,3.131,3.138,3.126,3.134,60362136.0
2025-06-18,3.132,3.14,3.122,3.138,69871022.0
2025-06-19,3.137,3.137,3.118,3.124,73519113.0
2025-06-20,3.124,3.145,3.124,3.14,91566508.0
2025-06-23,3.136,3.159,3.118,3.153,111588538.0
2025-06-24,3.145,3.16,3.139,3.157,102083849.0
2025-06-25,3.158,3.178,3.147,3.173,133355588.0
2025-06-26,3.17,3.185,3.165,3.18,98276704.0
2025-06-27,3.179,3.193,3.147,3.154,127815823.0
2025-06-30,3.148,3.155,3.14,3.152,136603834.0
2025-07-01,3.152,3.176,3.151,3.175,99495111.0
2025-07-02,3.177,3.2,3.175,3.199,117885402.0
2025-07-03,3.197,3.207,3.188,3.198,108784637.0
2025-07-04,3.197,3.233,3.196,3.222,167707650.0
2025-07-07,3.219,3.235,3.207,3.235,95827567.0
2025-07-08,3.232,3.242,3.218,3.229,71753460.0
2025-07-09,3.228,3.252,3.226,3.245,78020949.0
2025-07-10,3.244,3.277,3.243,3.271,75563978.0
2025-07-11,3.27,3.287,3.25,3.25,136776468.0
2025-07-14,3.247,3.284,3.246,3.272,108586124.0
2025-07-15,3.268,3.272,3.226,3.233,124622482.0
2025-07-16,3.232,3.234,3.205,3.221,165737333.0
2025-07-17,3.219,3.225,3.204,3.212,108941068.0
2025-07-18,3.212,3.228,3.211,3.226,80614306.0
2025-07-21,3.226,3.248,3.225,3.247,100531310.0
2025-07-22,3.247,3.305,3.224,3.3,195337026.0
2025-07-23,3.314,3.329,3.294,3.297,154403420.0
2025-07-24,3.294,3.308,3.275,3.307,132457271.0
2025-07-25,3.304,3.325,3.288,3.293,116835480.0
2025-07-28,3.282,3.282,3.25,3.26,142440656.0
2025-07-29,3.251,3.259,3.234,3.251,117932676.0
2025-07-30,3.25,3.282,3.249,3.262,135363979.0
2025-07-31,3.251,3.255,3.196,3.211,199017169.0
2025-08-01,3.21,3.222,3.196,3.208,88037917.0
2025-08-04,3.195,3.224,3.194,3.222,88429429.0
2025-08-05,3.223,3.256,3.218,3.254,87068700.0
2025-08-06,3.255,3.27,3.252,3.267,114725800.0
2025-08-07,3.267,3.284,3.255,3.279,147066654.0
2025-08-08,3.275,3.288,3.27,3.278,98807450.0
2025-08-11,3.277,3.283,3.257,3.26,161379799.0
2025-08-12,3.26,3.292,3.26,3.278,104948160.0
2025-08-13,3.278,3.282,3.255,3.258,107908288.0
2025-08-14,3.258,3.265,3.234,3.237,109252707.0
2025-08-15,3.233,3.233,3.209,3.231,129936100.0
2025-08-18,3.23,3.236,3.214,3.223,134969065.0
2025-08-19,3.221,3.223,3.212,3.217,103232286.0
2025-08-20,3.214,3.241,3.206,3.24,112975538.0
2025-08-21,3.24,3.258,3.231,3.256,127908198.0
2025-08-22,3.258,3.258,3.226,3.253,169201858.0
2025-08-25,3.254,3.274,3.243,3.273,176378554.0
2025-08-26,3.27,3.273,3.26,3.261,107061647.0
2025-08-27,3.258,3.259,3.205,3.208,190896900.0
2025-08-28,3.205,3.214,3.176,3.205,224181088.0
2025-08-29,3.201,3.227,3.186,3.189,180980728.0
2025-09-01,3.188,3.198,3.164,3.171,212962041.0
2025-09-02,3.171,3.187,3.165,3.186,138606235.0
2025-09-03,3.185,3.188,3.148,3.153,175130628.0
2025-09-04,3.149,3.175,3.122,3.172,204558395.0
2025-09-05,3.166,3.167,3.144,3.162,135163612.0
2025-09-08,3.16,3.171,3.152,3.168,111711496.0
2025-09-09,3.168,3.174,3.155,3.17,102677291.0
2025-09-10,3.167,3.172,3.156,3.169,86565900.0
2025-09-11,3.167,3.174,3.15,3.174,175492519.0
2025-09-12,3.171,3.178,3.154,3.159,136000431.0
2025-09-15,3.156,3.156,3.135,3.142,163360700.0
2025-09-16,3.145,3.159,3.131,3.135,115256577.0
2025-09-17,3.134,3.153,3.125,3.149,155671600.0
2025-09-18,3.15,3.15,3.082,3.096,343379949.0
2025-09-19,3.096,3.114,3.077,3.113,254907648.0
2025-09-22,3.112,3.113,3.08,3.087,140548279.0
2025-09-23,3.087,3.107,3.07,3.105,226650330.0
2025-09-24,3.1,3.122,3.093,3.111,147229828.0
2025-09-25,3.106,3.108,3.083,3.097,132771900.0
2025-09-26,3.095,3.104,3.08,3.098,137495261.0
2025-09-29,3.091,3.105,3.072,3.093,214805423.0
2025-09-30,3.091,3.092,3.073,3.082,115426700.0
2025-10-09,3.082,3.103,3.068,3.103,192947361.0
2025-10-10,3.1,3.141,3.091,3.136,265947347.0
2025-10-13,3.125,3.145,3.094,3.14,238490581.0
2025-10-14,3.139,3.205,3.126,3.204,474243200.0
2025-10-15,3.203,3.215,3.187,3.207,238431243.0
2025-10-16,3.201,3.244,3.197,3.239,242080231.0
2025-10-17,3.239,3.268,3.224,3.229,243919045.0
2025-10-20,3.229,3.258,3.2,3.256,252638582.0
2025-10-21,3.243,3.253,3.228,3.248,160358423.0
2025-10-22,3.241,3.256,3.238,3.253,117732243.0
2025-10-23,3.248,3.283,3.248,3.278,225949709.0
2025-10-24,3.265,3.273,3.254,3.259,195565725.0
2025-10-27,3.253,3.286,3.235,3.272,181602250.0
2025-10-28,3.268,3.279,3.253,3.267,122988372.0
2025-10-29,3.265,3.265,3.23,3.249,171294655.0
2025-10-30,3.245,3.271,3.242,3.248,114843191.0
2025-10-31,3.247,3.248,3.225,3.24,114408542.0
2025-11-03,3.24,3.285,3.239,3.283,191633780.0
2025-11-04,3.283,3.327,3.28,3.313,223001855.0
2025-11-05,3.306,3.332,3.292,3.322,128942958.0
2025-11-06,3.315,3.335,3.302,3.326,94328311.0
2025-11-07,3.326,3.35,3.325,3.331,75841424.0
2025-11-10,3.328,3.358,3.317,3.356,95077894.0
2025-11-11,3.354,3.354,3.327,3.347,91917953.0
2025-11-12,3.345,3.375,3.345,3.36,109340171.0
2025-11-13,3.352,3.368,3.336,3.361,103080047.0
2025-11-14,3.356,3.381,3.346,3.348,99226760.0
2025-11-17,3.348,3.348,3.311,3.329,134521516.0
2025-11-18,3.324,3.327,3.273,3.284,178681585.0
2025-11-19,3.283,3.308,3.282,3.3,105795193.0
2025-11-20,3.299,3.333,3.295,3.3,102651083.0
2025-11-21,3.29,3.3,3.25,3.255,203958688.0
2025-11-24,3.253,3.265,3.227,3.227,171180394.0
2025-11-25,3.226,3.246,3.22,3.243,129958849.0
2025-11-26,3.24,3.252,3.223,3.226,147222900.0
2025-11-27,3.226,3.239,3.208,3.23,124318854.0
2025-11-28,3.23,3.232,3.215,3.23,89971333.0
2025-12-01,3.23,3.245,3.222,3.245,114560230.0
2025-12-02,3.244,3.25,3.236,3.249,98340779.0
2025-12-03,3.246,3.264,3.236,3.241,94656824.0
2025-12-04,3.238,3.248,3.224,3.228,85025900.0
2025-12-05,3.227,3.23,3.206,3.226,107288900.0
2025-12-08,3.225,3.227,3.193,3.21,195997498.0
2025-12-09,3.203,3.204,3.181,3.184,143744500.0
2025-12-10,3.186,3.191,3.16,3.171,150870312.0
2025-12-11,3.171,3.174,3.145,3.155,183537188.0
2025-12-12,3.155,3.159,3.135,3.142,180122193.0
2025-12-15,3.143,3.175,3.133,3.168,147648857.0
2025-12-16,3.167,3.167,3.135,3.14,218581300.0
2025-12-17,3.136,3.154,3.124,3.143,157998518.0
2025-12-18,3.143,3.18,3.14,3.175,162248076.0
2025-12-19,3.175,3.183,3.159,3.174,127672494.0
2025-12-22,3.174,3.174,3.155,3.159,150432000.0
2025-12-23,3.158,3.173,3.155,3.16,121823000.0
2025-12-24,3.16,3.166,3.146,3.165,127133408.0
2025-12-25,3.165,3.177,3.163,3.174,112772764.0
2025-12-26,3.17,3.187,3.167,3.187,121476500.0
2025-12-29,3.187,3.2,3.172,3.185,155206513.0
2025-12-30,3.179,3.194,3.171,3.188,137469558.0
2025-12-31,3.188,3.194,3.175,3.183,105880010.0
2026-01-05,3.183,3.193,3.17,3.18,160709824.0
2026-01-06,3.18,3.219,3.172,3.218,212208423.0
2026-01-07,3.218,3.232,3.202,3.232,145318753.0
2026-01-08,3.23,3.231,3.213,3.221,109021090.0
2026-01-09,3.221,3.235,3.216,3.234,121750149.0
2026-01-12,3.233,3.237,3.214,3.231,142405448.0
2026-01-13,3.228,3.245,3.224,3.229,141142025.0
2026-01-14,3.228,3.236,3.197,3.199,194456918.0
2026-01-15,3.199,3.209,3.183,3.188,153320022.0
2026-01-16,3.189,3.2,3.155,3.163,254663722.0
2026-01-19,3.163,3.18,3.154,3.179,169245729.0
2026-01-20,3.18,3.218,3.175,3.217,194369138.0
2026-01-21,3.078,3.079,3.052,3.057,301877800.0
2026-01-22,3.059,3.08,3.055,3.077,155801800.0
2026-01-23,3.081,3.082,3.059,3.069,161176568.0
2026-01-26,3.069,3.109,3.064,3.106,211831264.0
2026-01-27,3.106,3.113,3.075,3.081,260210876.0
2026-01-28,3.082,3.148,3.072,3.132,329895023.0
2026-01-29,3.134,3.168,3.12,3.166,225603099.0
2026-01-30,3.165,3.196,3.124,3.144,264593377.0
2026-02-02,3.137,3.138,3.042,3.046,401047605.0
2026-02-03,3.049,3.064,3.028,3.051,237958217.0
2026-02-04,3.056,3.153,3.056,3.15,437466557.0
2026-02-05,3.132,3.143,3.112,3.136,149211527.0
2026-02-06,3.11,3.141,3.1,3.126,151344403.0
2026-02-09,3.126,3.146,3.125,3.144,93180979.0
2026-02-10,3.144,3.16,3.132,3.156,118853689.0
2026-02-11,3.153,3.192,3.143,3.183,224707518.0
2026-02-12,3.185,3.198,3.169,3.18,142012267.0
2026-02-13,3.17,3.175,3.134,3.137,148983293.0
2026-02-24,3.152,3.196,3.152,3.19,217299547.0
2026-02-25,3.19,3.237,3.187,3.194,363803227.0
2026-02-26,3.197,3.211,3.178,3.195,120777051.0
2026-02-27,3.193,3.237,3.19,3.232,206367498.0
2026-03-02,3.275,3.306,3.235,3.303,325190372.0
2026-03-03,3.306,3.404,3.296,3.367,374115273.0
2026-03-04,3.341,3.341,3.251,3.304,168292053.0
2026-03-05,3.283,3.312,3.255,3.291,138530487.0
2026-03-06,3.282,3.29,3.253,3.285,122717861.0
2026-03-09,3.347,3.373,3.308,3.309,202199892.0
2026-03-10,3.256,3.283,3.24,3.27,129612243.0
2026-03-11,3.263,3.317,3.24,3.313,134046487.0
2026-03-12,3.325,3.392,3.313,3.381,207427219.0
2026-03-13,3.38,3.408,3.358,3.364,204236448.0
2026-03-16,3.365,3.381,3.33,3.335,113578600.0
2026-03-17,3.325,3.349,3.308,3.309,112049787.0
2026-03-18,3.308,3.319,3.261,3.296,118516785.0
2026-03-19,3.306,3.329,3.296,3.305,134593615.0
2026-03-20,3.275,3.329,3.273,3.296,107415600.0
2026-03-23,3.305,3.306,3.226,3.234,202280443.0
2026-03-24,3.23,3.27,3.227,3.269,139870305.0
2026-03-25,3.25,3.257,3.21,3.256,157561500.0
2026-03-26,3.251,3.288,3.248,3.268,114829500.0
2026-03-27,3.267,3.283,3.243,3.267,88778799.0
2026-03-30,3.262,3.304,3.262,3.299,108153999.0
2026-03-31,3.293,3.314,3.248,3.251,159039900.0
2026-04-01,3.248,3.269,3.236,3.241,132234201.0
2026-04-02,3.24,3.27,3.238,3.258,100208745.0
2026-04-03,3.256,3.259,3.204,3.216,152336599.0
2026-04-07,3.217,3.232,3.196,3.228,102118372.0
2026-04-08,3.21,3.228,3.186,3.227,171453300.0
2026-04-09,3.222,3.232,3.202,3.212,79258200.0
2026-04-10,3.211,3.231,3.205,3.218,83960572.0
2026-04-13,3.225,3.233,3.202,3.223,113707200.0
2026-04-14,3.216,3.224,3.205,3.223,99129016.0
2026-04-15,3.221,3.242,3.206,3.24,115504450.0
2026-04-16,3.23,3.251,3.23,3.244,94220260.0
2026-04-17,3.24,3.244,3.216,3.218,106833300.0
2026-04-20,3.219,3.235,3.212,3.225,89628031.0
2026-04-21,3.224,3.273,3.222,3.265,218600872.0
2026-04-22,3.268,3.281,3.259,3.269,112700900.0
2026-04-23,3.269,3.294,3.253,3.293,121308325.0
2026-04-24,3.277,3.292,3.266,3.28,146004600.0
2026-04-27,3.27,3.293,3.264,3.275,100852200.0
2026-04-28,3.27,3.326,3.265,3.325,165336452.0
2026-04-29,3.315,3.36,3.313,3.347,139571871.0
2026-04-30,3.34,3.357,3.324,3.341,143435124.0
2026-05-06,3.335,3.342,3.3,3.341,145180000.0
2026-05-07,3.327,3.327,3.268,3.272,293781100.0
2026-05-08,3.273,3.292,3.25,3.261,159384137.0
2026-05-11,3.261,3.276,3.253,3.263,146354012.0
2026-05-12,3.26,3.284,3.255,3.257,117147994.0
2026-05-13,3.258,3.271,3.23,3.244,122094995.0
2026-05-14,3.244,3.246,3.222,3.223,102244144.0
2026-05-15,3.224,3.244,3.21,3.223,160566378.0
2026-05-18,3.22,3.234,3.2,3.217,188532470.0
2026-05-19,3.217,3.228,3.208,3.222,96124900.0
2026-05-20,3.222,3.23,3.208,3.215,135717273.0
2026-05-21,3.205,3.215,3.167,3.172,230279100.0
2026-05-22,3.173,3.175,3.138,3.156,168086350.0
2026-05-25,3.178,3.219,3.178,3.185,197291430.0
2026-05-26,3.178,3.192,3.163,3.186,124157400.0
2026-05-27,3.18,3.183,3.143,3.17,178428700.0
2026-05-28,3.163,3.193,3.157,3.17,144437000.0
2026-05-29,3.165,3.212,3.162,3.206,213209600.0
2026-06-01,3.212,3.315,3.206,3.307,399834249.0
2026-06-02,3.307,3.365,3.294,3.308,325440124.0
2026-06-03,3.29,3.339,3.264,3.324,218034938.0
2026-06-04,3.318,3.354,3.292,3.327,169110500.0
2026-06-05,3.314,3.355,3.311,3.321,223490701.0
2026-06-08,3.309,3.338,3.278,3.304,174442677.0
2026-06-09,3.28,3.3,3.266,3.291,118373095.0
2026-06-10,3.274,3.286,3.251,3.261,122751960.0
2026-06-11,3.268,3.283,3.248,3.26,90954372.0
2026-06-12,3.246,3.309,3.238,3.303,135811601.0
2026-06-15,3.291,3.295,3.239,3.249,216552422.0
2026-06-16,3.239,3.239,3.19,3.196,289523803.0
2026-06-17,3.198,3.198,3.15,3.16,276788122.0
2026-06-18,3.16,3.161,3.091,3.098,430948916.0
2026-06-22,3.099,3.127,3.058,3.125,354088357.0
2026-06-23,3.12,3.157,3.1,3.104,206025270.0
2026-06-24,3.105,3.107,3.047,3.048,341368300.0
2026-06-25,3.042,3.049,3.0,3.006,342219912.0
2026-06-26,3.006,3.013,2.949,2.954,367663133.0
2026-06-29,2.954,2.98,2.896,2.972,341791104.0
2026-06-30,2.97,2.97,2.901,2.916,283484916.0
2026-07-01,2.902,2.977,2.902,2.963,245440459.0
2026-07-02,2.968,3.024,2.963,2.993,505978000.0
2026-07-03,3.0,3.043,3.0,3.024,238643390.0
2026-07-06,3.018,3.091,3.007,3.089,255537866.0
2026-07-07,3.09,3.094,3.024,3.044,385326800.0
2026-07-08,3.045,3.103,3.031,3.08,293082636.0
2026-07-09,3.067,3.067,3.03,3.04,218332100.0
2026-07-10,3.025,3.057,3.008,3.045,161705300.0
2026-07-13,3.039,3.077,3.027,3.066,253702100.0
2026-07-14,3.07,3.148,3.065,3.138,494239186.0
2026-07-15,3.123,3.19,3.112,3.185,239574200.0
2026-07-16,3.178,3.207,3.139,3.146,259415454.0
2026-07-17,3.147,3.175,3.133,3.135,259033210.0
2026-07-20,3.14,3.248,3.139,3.242,547923795.0
2026-07-21,3.238,3.279,3.2,3.205,472993423.0
2026-07-22,3.201,3.257,3.181,3.253,312370300.0
2026-07-23,3.236,3.287,3.233,3.28,280334686.0
2026-07-24,3.279,3.296,3.223,3.223,201775621.0
2026-07-27,3.216,3.242,3.2,3.232,214971421.0
2026-07-28,3.219,3.235,3.189,3.232,526174200.0
2026-07-29,3.23,3.286,3.221,3.273,286448573.0
2026-07-30,3.274,3.313,3.274,3.312,371959982.0
2026-07-31,3.281,3.309,3.248,3.304,264077938.0
2026-08-03,3.291,3.325,3.281,3.285,146742157.0
2026-08-04,3.28,3.284,3.222,3.237,262916091.0
2026-08-05,3.228,3.238,3.205,3.228,264186274.0
2026-08-06,3.227,3.299,3.225,3.288,312472462.0
2026-08-07,3.277,3.293,3.256,3.282,161692629.0
2026-08-10,3.276,3.332,3.274,3.319,310428203.0
2026-08-11,3.331,3.348,3.302,3.309,168747538.0
2026-08-12,3.301,3.319,3.29,3.303,118062557.0
2026-08-13,3.29,3.297,3.27,3.273,116274854.0
2026-08-14,3.269,3.302,3.255,3.296,134964711.0
2026-08-17,3.29,3.309,3.278,3.304,91932114.0
2026-08-18,3.301,3.343,3.301,3.34,202767512.0
2026-08-19,3.35,3.375,3.35,3.36,201679055.0
2026-08-20,3.34,3.397,3.34,3.382,156804350.0
2026-08-21,3.378,3.397,3.372,3.387,136263963.0
2026-08-24,3.388,3.447,3.388,3.44,236507879.0
2026-08-25,3.44,3.454,3.402,3.409,148569652.0
2026-08-26,3.377,3.443,3.377,3.44,122329103.0
2026-08-27,3.435,3.463,3.413,3.454,128798033.0
2026-08-28,3.45,3.475,3.425,3.461,132670400.0
2026-08-31,3.466,3.494,3.452,3.489,171812765.0
2026-09-01,3.482,3.535,3.476,3.482,213628621.0
2026-09-02,3.501,3.507,3.427,3.428,219002020.0
2026-09-03,3.426,3.483,3.426,3.436,140828434.0
2026-09-04,3.435,3.456,3.423,3.438,112990585.0
2026-09-07,3.442,3.442,3.37,3.39,181956365.0
2026-09-08,3.388,3.449,3.388,3.446,147342796.0
2026-09-09,3.446,3.501,3.43,3.498,114076430.0
2026-09-10,3.496,3.502,3.47,3.473,87219076.0
2026-09-11,3.473,3.48,3.409,3.419,135758040.0
2026-09-14,3.41,3.439,3.395,3.404,126829237.0
2026-09-15,3.404,3.409,3.379,3.382,104481500.0
2026-09-16,3.385,3.393,3.343,3.367,146125066.0
2026-09-17,3.358,3.36,3.33,3.347,103146804.0
2026-09-18,3.333,3.361,3.326,3.339,125286929.0
2026-09-21,3.33,3.389,3.319,3.385,149766800.0
2026-09-22,3.375,3.389,3.349,3.38,164414522.0
2026-09-23,3.381,3.383,3.35,3.35,84549011.0
2026-09-24,3.353,3.373,3.348,3.357,154615007.0
2026-09-28,3.35,3.355,3.325,3.342,143321800.0
2026-09-29,3.338,3.347,3.301,3.325,110488328.0
2026-09-30,3.325,3.372,3.324,3.368,153293228.0
