date,nav_main,nav_emergency,close,MA250,bias
2014-01-02,999900.0,299970.0,1.73,1.8564960000000001,-0.0681369633977128
2014-01-03,986606.5317919076,295981.9595375723,1.707,1.85598,-0.08027026153299055
2014-01-06,966377.3410404625,289913.20231213875,1.672,1.8554680000000001,-0.09887963575766334
2014-01-07,965799.3641618498,289739.8092485549,1.671,1.8549680000000002,-0.09917583483919945
2014-01-08,966377.3410404625,289913.20231213875,1.672,1.854424,-0.09837232477577951
2014-01-09,959441.6184971099,287832.4855491329,1.66,1.853896,-0.10458839115031271
2014-01-10,957129.710982659,287138.9132947977,1.656,1.853336,-0.10647610578977595
2014-01-13,955395.7803468208,286618.73410404625,1.653,1.8525559999999999,-0.10771928082066062
2014-01-14,960597.5722543353,288179.27167630056,1.662,1.8518160000000001,-0.10250262445080949
2014-01-15,961175.549132948,288352.66473988444,1.663,1.851104,-0.1016171970888724
2014-01-16,961753.5260115607,288526.0578034682,1.664,1.8502640000000001,-0.10066887752234288
2014-01-17,953083.87283237,285925.161849711,1.649,1.84926,-0.10829196543482256
2014-01-20,947304.1040462429,284191.23121387284,1.639,1.8481800000000002,-0.11318161650921454
2014-01-21,913781.4450867053,274134.43352601153,1.581,1.8467959999999999,-0.1439227721957379
2014-01-22,932854.682080925,279856.4046242775,1.614,1.8456080000000001,-0.12549143696819698
2014-01-23,930542.7745664741,279162.8323699422,1.61,1.8444479999999999,-0.1271101164142333
2014-01-24,936322.5433526012,280896.76300578035,1.62,1.8433,-0.12114143112895337
2014-01-27,929964.7976878614,278989.4393063584,1.609,1.8422640000000001,-0.12661811770734277
2014-01-28,929964.7976878614,278989.4393063584,1.609,1.840904,-0.12597289157935454
2014-01-29,937478.4971098267,281243.549132948,1.622,1.839588,-0.11828083244726528
2014-01-30,931120.7514450868,279336.22543352604,1.611,1.838336,-0.12366400919092047
2014-02-07,932276.7052023122,279683.0115606937,1.613,1.83714,-0.12200485537302552
2014-02-10,952505.8959537572,285751.76878612716,1.648,1.8359560000000001,-0.10237500245103925
2014-02-11,962331.5028901735,288699.450867052,1.665,1.8347639999999998,-0.09252634126241843
2014-02-12,964065.4335260115,289219.6300578035,1.668,1.833572,-0.0903002445499822
2014-02-13,964065.4335260115,289219.6300578035,1.668,1.832328,-0.08968263324033687
2014-02-14,972157.1098265896,291647.1329479769,1.682,1.8311560000000002,-0.08145455657519085
2014-02-17,973891.0404624279,292167.31213872833,1.685,1.830032,-0.07925107320527736
2014-02-18,964643.4104046244,289393.0231213873,1.669,1.828556,-0.08725792373873154
2014-02-19,973313.063583815,291993.9190751445,1.684,1.827016,-0.0782784606155611
2014-02-20,980248.7861271676,294074.6358381503,1.696,1.8254839999999999,-0.07093132561008475
2014-02-21,969267.2254335261,290780.16763005784,1.677,1.8238400000000001,-0.08051144837266433
2014-02-24,952505.8959537572,285751.76878612716,1.648,1.8218239999999999,-0.09541207054029366
2014-02-25,934010.6358381504,280203.19075144513,1.616,1.81964,-0.11191224637840447
2014-02-26,933432.6589595376,280029.79768786125,1.615,1.8174599999999999,-0.11139722469820512
2014-02-27,939790.4046242775,281937.1213872832,1.626,1.815312,-0.104286205346519
2014-02-28,945570.1734104046,283671.0520231214,1.636,1.813364,-0.0978093752826239
2014-03-03,948460.0578034683,284538.0173410405,1.641,1.811456,-0.09409889061616727
2014-03-04,942680.2890173411,282804.0867052023,1.631,1.80958,-0.09868588291205693
2014-03-05,938634.4508670522,281590.3352601156,1.624,1.807796,-0.10166855109757955
2014-03-06,938634.4508670522,281590.3352601156,1.624,1.806048,-0.10079909282588284
2014-03-07,935744.5664739885,280723.3699421965,1.619,1.8046,-0.10284827662639917
2014-03-10,907423.6994219654,272227.1098265896,1.57,1.8030599999999999,-0.12925803911128853
2014-03-11,906845.7225433526,272053.71676300577,1.569,1.801432,-0.12902624134577378
2014-03-12,907423.6994219654,272227.1098265896,1.57,1.799896,-0.12772737980416637
2014-03-13,920717.1676300579,276215.15028901736,1.593,1.798356,-0.11419096107778437
2014-03-14,918983.2369942197,275694.9710982659,1.59,1.79654,-0.1149654335556124
2014-03-17,927652.8901734104,278295.8670520231,1.605,1.794812,-0.10575592318304095
2014-03-18,927652.8901734104,278295.8670520231,1.605,1.793492,-0.10509776458439746
2014-03-19,923029.0751445087,276908.72254335263,1.597,1.7918040000000002,-0.1087194804788918
2014-03-20,913781.4450867053,274134.43352601153,1.581,1.7899360000000002,-0.11672819586845573
2014-03-21,934588.612716763,280376.5838150289,1.617,1.7883239999999998,-0.09580143195528312
2014-03-24,942102.3121387283,282630.6936416185,1.63,1.786784,-0.08774647635080679
2014-03-25,944992.1965317919,283497.65895953757,1.635,1.7853480000000002,-0.0842121535969459
2014-03-26,942102.3121387283,282630.6936416185,1.63,1.784032,-0.0863392584886371
2014-03-27,937478.4971098267,281243.549132948,1.622,1.78274,-0.09016457812131884
2014-03-28,933432.6589595376,280029.79768786125,1.615,1.7814159999999999,-0.09341782043048896
2014-03-31,928808.8439306358,278642.65317919076,1.607,1.7799800000000001,-0.09718086720075514
2014-04-01,935744.5664739885,280723.3699421965,1.619,1.778716,-0.08979286181717594
2014-04-02,941524.3352601157,282457.3005780347,1.629,1.777428,-0.08350718003767243
2014-04-03,933432.6589595376,280029.79768786125,1.615,1.775776,-0.0905384462905231
2014-04-04,936900.5202312139,281070.15606936417,1.621,1.774164,-0.08633023779086946
2014-04-08,956551.7341040464,286965.5202312139,1.655,1.7726600000000001,-0.06637482653187865
2014-04-09,958285.6647398844,287485.6994219653,1.658,1.771188,-0.06390513034189482
2014-04-10,972157.1098265896,291647.1329479769,1.682,1.769976,-0.04970462876332793
2014-04-11,974469.0173410405,292340.70520231215,1.686,1.7687519999999999,-0.046785530136502995
2014-04-14,971001.1560693642,291300.34682080924,1.68,1.767864,-0.04970065570654769
2014-04-15,958863.6416184972,287659.09248554916,1.659,1.766892,-0.06106315496363102
2014-04-16,958285.6647398844,287485.6994219653,1.658,1.765916,-0.061110494496907086
2014-04-17,955395.7803468208,286618.73410404625,1.653,1.764924,-0.06341576181184005
2014-04-18,955395.7803468208,286618.73410404625,1.653,1.763904,-0.06287417002285833
2014-04-21,943836.2427745665,283150.87283236993,1.633,1.76286,-0.07366438628138372
2014-04-22,946148.1502890174,283844.4450867052,1.637,1.761784,-0.07082820595487305
2014-04-23,944414.2196531792,283324.26589595375,1.634,1.7607479999999998,-0.07198531533189301
2014-04-24,943836.2427745665,283150.87283236993,1.633,1.759712,-0.07200723754796234
2014-04-25,938056.4739884393,281416.9421965318,1.623,1.758664,-0.07714037473900648
2014-04-28,925340.9826589596,277602.29479768785,1.601,1.7575999999999998,-0.08909877105143371
2014-04-29,932276.7052023122,279683.0115606937,1.613,1.7565719999999998,-0.08173419592251263
2014-04-30,936322.5433526012,280896.76300578035,1.62,1.755632,-0.07725537014590755
2014-05-05,936322.5433526012,280896.76300578035,1.62,1.754664,-0.07674631724364311
2014-05-06,938634.4508670522,281590.3352601156,1.624,1.753448,-0.07382482970695436
2014-05-07,932854.682080925,279856.4046242775,1.614,1.7521680000000002,-0.0788554522169107
2014-05-08,932854.682080925,279856.4046242775,1.614,1.7511119999999998,-0.07829996025382713
2014-05-09,928808.8439306358,278642.65317919076,1.607,1.7499,-0.08166180924624267
2014-05-12,946726.12716763,284017.838150289,1.638,1.748896,-0.06340914496916916
2014-05-13,944992.1965317919,283497.65895953757,1.635,1.7478999999999998,-0.06459179586932884
2014-05-14,944414.2196531792,283324.26589595375,1.634,1.7468920000000001,-0.06462448737529292
2014-05-15,935744.5664739885,280723.3699421965,1.619,1.7456880000000001,-0.07257196016699441
2014-05-16,935166.5895953758,280549.97687861277,1.618,1.7444160000000002,-0.07246895235998752
2014-05-19,929386.8208092487,278816.0462427746,1.608,1.7431200000000002,-0.0775161778879252
2014-05-20,927652.8901734104,278295.8670520231,1.605,1.741792,-0.07853520971505212
2014-05-21,936322.5433526012,280896.76300578035,1.62,1.7405599999999999,-0.0692650641172955
2014-05-22,932854.682080925,279856.4046242775,1.614,1.7392560000000001,-0.07201700037257308
2014-05-23,938634.4508670522,281590.3352601156,1.624,1.7380239999999998,-0.0656055382434303
2014-05-26,943836.2427745665,283150.87283236993,1.633,1.7368960000000002,-0.0598170529496298
2014-05-27,944414.2196531792,283324.26589595375,1.634,1.73572,-0.05860392229161393
2014-05-28,949038.034682081,284711.41040462424,1.642,1.734472,-0.05331420743603821
2014-05-29,942102.3121387283,282630.6936416185,1.63,1.7330759999999998,-0.05947575293870544
2014-05-30,941524.3352601157,282457.3005780347,1.629,1.7316040000000001,-0.05925373237761067
2014-06-03,938634.4508670522,281590.3352601156,1.624,1.7301560000000002,-0.06135631700262878
2014-06-04,931698.7283236996,279509.61849710986,1.612,1.7286319999999997,-0.06747069358891866
2014-06-05,938634.4508670522,281590.3352601156,1.624,1.727284,-0.05979560975496789
2014-06-06,932854.682080925,279856.4046242775,1.614,1.7258919999999998,-0.06483140312371782
2014-06-09,933432.6589595376,280029.79768786125,1.615,1.7245039999999998,-0.06349883792673128
2014-06-10,941524.3352601157,282457.3005780347,1.629,1.723044,-0.05458015001358063
2014-06-11,944414.2196531792,283324.26589595375,1.634,1.7216120000000001,-0.050889515175312594
2014-06-12,940368.3815028903,282110.5144508671,1.627,1.720184,-0.05417094915427645
2014-06-13,951349.9421965318,285404.9826589595,1.646,1.718884,-0.04240193055494157
2014-06-16,958863.6416184972,287659.09248554916,1.659,1.7176399999999998,-0.03413986632821764
2014-06-17,952505.8959537572,285751.76878612716,1.648,1.7164000000000001,-0.039850850617571765
2014-06-18,947304.1040462429,284191.23121387284,1.639,1.7151960000000002,-0.044424077481524105
2014-06-19,934588.612716763,280376.5838150289,1.617,1.713984,-0.056583958776744714
2014-06-20,938634.4508670522,281590.3352601156,1.624,1.712884,-0.05189142989250872
2014-06-23,940946.3583815029,282283.90751445084,1.628,1.71206,-0.04909874653925683
2014-06-24,941524.3352601157,282457.3005780347,1.629,1.711216,-0.04804536656973757
2014-06-25,938634.4508670522,281590.3352601156,1.624,1.710404,-0.050516720026379636
2014-06-26,942102.3121387283,282630.6936416185,1.63,1.7095719999999999,-0.04654498318877476
2014-06-27,943258.2658959538,282977.4797687861,1.632,1.708832,-0.044961704836988026
2014-06-30,950193.9884393064,285058.1965317919,1.644,1.708348,-0.03766679856797328
2014-07-01,950771.9653179192,285231.58959537576,1.645,1.707884,-0.03681983085502294
2014-07-02,955395.7803468208,286618.73410404625,1.653,1.707848,-0.03211527021140059
2014-07-03,957129.710982659,287138.9132947977,1.656,1.707912,-0.030395008642131516
2014-07-04,957707.6878612718,287312.3063583815,1.657,1.7080639999999998,-0.029895835284860395
2014-07-07,955973.7572254335,286792.12716763007,1.654,1.708132,-0.0316907592621648
2014-07-08,959441.6184971099,287832.4855491329,1.66,1.707992,-0.028098492264600816
2014-07-09,950193.9884393064,285058.1965317919,1.644,1.707792,-0.037353495039208595
2014-07-10,949616.0115606937,284884.8034682081,1.643,1.707604,-0.037833127586958004
2014-07-11,953661.8497109826,286098.5549132948,1.65,1.707508,-0.03367949081351307
2014-07-14,965799.3641618498,289739.8092485549,1.671,1.70744,-0.02134189195520786
2014-07-15,965221.3872832371,289566.4161849711,1.67,1.707376,-0.02189090159402507
2014-07-16,964643.4104046244,289393.0231213873,1.669,1.7074079999999998,-0.022494916270744736
2014-07-17,962331.5028901735,288699.450867052,1.665,1.7073880000000001,-0.02482622579050575
2014-07-18,964065.4335260115,289219.6300578035,1.668,1.7072440000000002,-0.0229867552616968
2014-07-21,962909.4797687861,288872.84393063583,1.666,1.7066880000000002,-0.023840326995912764
2014-07-22,974469.0173410405,292340.70520231215,1.686,1.7064000000000001,-0.011954992967651346
2014-07-23,976780.9248554914,293034.2774566474,1.69,1.7060840000000002,-0.009427437336028133
2014-07-24,991808.3236994221,297542.4971098266,1.716,1.705864,0.005941857029634123
2014-07-25,1001055.9537572255,300316.78612716764,1.732,1.705792,0.015364124113608213
2014-07-28,1023019.0751445087,306905.72254335263,1.77,1.7060320000000002,0.03749519352509201
2014-07-29,1028798.843930636,308639.65317919076,1.78,1.706432,0.043112177924464756
2014-07-30,1023597.0520231214,307079.1156069364,1.771,1.706788,0.03762154409334961
2014-07-31,1038046.4739884394,311413.9421965318,1.796,1.707104,0.05207415599752574
2014-08-01,1033422.6589595376,310026.7976878613,1.788,1.7074719999999999,0.047162120374448335
2014-08-04,1046716.1271676301,314014.838150289,1.811,1.707968,0.060324315209652646
2014-08-05,1046138.1502890175,313841.4450867052,1.81,1.70846,0.05943364199337409
2014-08-06,1044982.196531792,313494.65895953757,1.808,1.709116,0.05785681018725475
2014-08-07,1034000.6358381503,310200.1907514451,1.789,1.7096200000000001,0.04643137071395964
2014-08-08,1034578.612716763,310373.5838150289,1.79,1.710108,0.0467175172562202
2014-08-11,1052495.8959537572,315748.76878612716,1.821,1.710604,0.0645362690605189
2014-08-12,1051917.9190751447,315575.3757225434,1.82,1.711116,0.06363332468400729
2014-08-13,1050183.9884393064,315055.1965317919,1.817,1.71156,0.061604618009301504
2014-08-14,1045560.1734104047,313668.0520231214,1.809,1.711936,0.05669838124789717
2014-08-15,1051917.9190751447,315575.3757225434,1.82,1.7124,0.06283578603130113
2014-08-18,1055385.7803468208,316615.73410404625,1.826,1.712912,0.06602090475167444
2014-08-19,1055963.7572254336,316789.12716763007,1.827,1.713436,0.06627851871911172
2014-08-20,1052495.8959537572,315748.76878612716,1.821,1.71368,0.06262546099621868
2014-08-21,1044982.196531792,313494.65895953757,1.808,1.713816,0.054955724535189265
2014-08-22,1049028.0346820808,314708.4104046243,1.815,1.713996,0.058928958994070024
2014-08-25,1042670.2890173411,312801.08670520235,1.804,1.714156,0.052412965914420795
2014-08-26,1032844.6820809249,309853.40462427743,1.787,1.71426,0.042432303151213935
2014-08-27,1033422.6589595376,310026.7976878613,1.788,1.7143039999999998,0.04298887478533575
2014-08-28,1028798.843930636,308639.65317919076,1.78,1.714328,0.038307721742863565
2014-08-29,1038624.4508670521,311587.3352601156,1.797,1.7144679999999999,0.048138547934402975
2014-09-01,1042670.2890173411,312801.08670520235,1.804,1.7146400000000002,0.052115896048150034
2014-09-02,1056541.7341040464,316962.5202312139,1.828,1.71498,0.06590164316785052
2014-09-03,1064633.4104046244,319390.0231213873,1.842,1.715248,0.07389718571308634
2014-09-04,1072617.814196532,321785.3442589595,1.856,1.715568,0.08185743730356365
2014-09-05,1072617.814196532,321785.3442589595,1.881,1.716024,0.09613851554523722
2014-09-09,1072617.814196532,321785.3442589595,1.873,1.716456,0.09120187176368044
2014-09-10,1072617.814196532,321785.3442589595,1.864,1.716856,0.0857054988886663
2014-09-11,1072617.814196532,321785.3442589595,1.866,1.717248,0.0866223166368516
2014-09-12,1072617.814196532,321785.3442589595,1.873,1.717556,0.09050301707775454
2014-09-15,1072617.814196532,321785.3442589595,1.875,1.717876,0.09146411033159563
2014-09-16,1072617.814196532,321785.3442589595,1.851,1.718108,0.07734787335836857
2014-09-17,1072617.814196532,321785.3442589595,1.851,1.718288,0.07723501531757182
2014-09-18,1072617.814196532,321785.3442589595,1.856,1.7180639999999998,0.08028571694651676
2014-09-19,1072617.814196532,321785.3442589595,1.879,1.717884,0.09378747342661087
2014-09-22,1072617.814196532,321785.3442589595,1.844,1.717536,0.07363106217278714
2014-09-23,1072617.814196532,321785.3442589595,1.855,1.717112,0.0803022749826452
2014-09-24,1072617.814196532,321785.3442589595,1.881,1.7169199999999998,0.09556647950982011
2014-09-25,1072617.814196532,321785.3442589595,1.885,1.7167879999999998,0.09798064758141378
2014-09-26,1072617.814196532,321785.3442589595,1.882,1.71676,0.09625107761131413
2014-09-29,1072617.814196532,321785.3442589595,1.897,1.716792,0.10496787030694454
2014-09-30,1072617.814196532,321785.3442589595,1.903,1.7168160000000001,0.10844726516994241
2014-10-08,1072617.814196532,321785.3442589595,1.91,1.71704,0.1123794436937986
2014-10-09,1072617.814196532,321785.3442589595,1.911,1.717284,0.11280370631765035
2014-10-10,1072617.814196532,321785.3442589595,1.898,1.7176,0.1050302748020493
2014-10-13,1072617.814196532,321785.3442589595,1.884,1.717876,0.09670313806118713
2014-10-14,1072617.814196532,321785.3442589595,1.886,1.7181000000000002,0.09772423025435062
2014-10-15,1072617.814196532,321785.3442589595,1.892,1.7183000000000002,0.10108828493278232
2014-10-16,1072617.814196532,321785.3442589595,1.888,1.718452,0.0986632154985998
2014-10-17,1072617.814196532,321785.3442589595,1.884,1.718704,0.09617479216898306
2014-10-20,1072617.814196532,321785.3442589595,1.893,1.718876,0.10130108280062089
2014-10-21,1072617.814196532,321785.3442589595,1.878,1.719008,0.09249055269085416
2014-10-22,1072617.814196532,321785.3442589595,1.869,1.719164,0.08715631551149294
2014-10-23,1072617.814196532,321785.3442589595,1.845,1.7193200000000002,0.07309866691482658
2014-10-24,1072617.814196532,321785.3442589595,1.844,1.719476,0.07241973717574424
2014-10-27,1072617.814196532,321785.3442589595,1.83,1.71956,0.06422573216404204
2014-10-28,1072617.814196532,321785.3442589595,1.861,1.7196879999999999,0.08217304534310887
2014-10-29,1072617.814196532,321785.3442589595,1.891,1.720008,0.0994134911000415
2014-10-30,1072617.814196532,321785.3442589595,1.919,1.7204279999999998,0.11542011638964267
2014-10-31,1072617.814196532,321785.3442589595,1.964,1.72112,0.1411174119178209
2014-11-03,1072617.814196532,321785.3442589595,1.965,1.7218600000000002,0.14120776369739696
2014-11-04,1072617.814196532,321785.3442589595,1.963,1.722592,0.13956177667143477
2014-11-05,1072617.814196532,321785.3442589595,1.963,1.7232360000000002,0.13913590477450555
2014-11-06,1072617.814196532,321785.3442589595,1.964,1.7237799999999999,0.13935653041571427
2014-11-07,1072617.814196532,321785.3442589595,1.963,1.724396,0.13836960883694926
2014-11-10,1072617.814196532,321785.3442589595,2.015,1.72516,0.16800760509170165
2014-11-11,1072617.814196532,321785.3442589595,2.02,1.725952,0.1703685849896175
2014-11-12,1072617.814196532,321785.3442589595,2.039,1.726864,0.18075308767801057
2014-11-13,1072617.814196532,321785.3442589595,2.034,1.727836,0.17719505786428802
2014-11-14,1072617.814196532,321785.3442589595,2.027,1.7287800000000002,0.17250315251217607
2014-11-17,1072617.814196532,321785.3442589595,2.029,1.729788,0.17297611036728178
2014-11-18,1072617.814196532,321785.3442589595,2.004,1.730724,0.15789692637300923
2014-11-19,1072617.814196532,321785.3442589595,1.996,1.731556,0.1527204433469087
2014-11-20,1072617.814196532,321785.3442589595,1.998,1.7325679999999999,0.1532014905042689
2014-11-21,1072617.814196532,321785.3442589595,2.03,1.73374,0.17087913989410164
2014-11-24,1072617.814196532,321785.3442589595,2.062,1.734916,0.18853016514920595
2014-11-25,1072617.814196532,321785.3442589595,2.099,1.7359479999999998,0.20913760089587963
2014-11-26,1072617.814196532,321785.3442589595,2.117,1.737096,0.21870063600399758
2014-11-27,1072617.814196532,321785.3442589595,2.124,1.7382840000000002,0.22189469614861546
2014-11-28,1072617.814196532,321785.3442589595,2.178,1.739708,0.25193423264133985
2014-12-01,1072617.814196532,321785.3442589595,2.188,1.7412,0.2566046404778315
2014-12-02,1072617.814196532,321785.3442589595,2.256,1.7429959999999998,0.2943231080277866
2014-12-03,1072617.814196532,321785.3442589595,2.258,1.744828,0.29411036503311494
2014-12-04,1072617.814196532,321785.3442589595,2.352,1.746988,0.3463172042395253
2014-12-05,1072617.814196532,321785.3442589595,2.367,1.749156,0.35322406920823535
2014-12-08,1072617.814196532,321785.3442589595,2.432,1.751588,0.3884543625555781
2014-12-09,1072617.814196532,321785.3442589595,2.337,1.753548,0.33272656351579766
2014-12-10,1072617.814196532,321785.3442589595,2.421,1.7558120000000002,0.3788492162031012
2014-12-11,1072617.814196532,321785.3442589595,2.416,1.758024,0.37427020336468675
2014-12-12,1072617.814196532,321785.3442589595,2.405,1.7602079999999998,0.36631579904193146
2014-12-15,1072617.814196532,321785.3442589595,2.412,1.7624760000000002,0.36852927359010823
2014-12-16,1072617.814196532,321785.3442589595,2.459,1.764932,0.39325481095022363
2014-12-17,1072617.814196532,321785.3442589595,2.499,1.767536,0.4138325895483883
2014-12-18,1072617.814196532,321785.3442589595,2.495,1.770244,0.40941022819453154
2014-12-19,1072617.814196532,321785.3442589595,2.59,1.773364,0.46050105900424265
2014-12-22,1072617.814196532,321785.3442589595,2.631,1.776692,0.4808419242052082
2014-12-23,1072617.814196532,321785.3442589595,2.531,1.779696,0.42215299691632735
2014-12-24,1072617.814196532,321785.3442589595,2.457,1.782428,0.37845680162115936
2014-12-25,1072617.814196532,321785.3442589595,2.547,1.7855400000000001,0.42645922242010825
2014-12-26,1072617.814196532,321785.3442589595,2.603,1.7889479999999998,0.4550450879511314
2014-12-29,1072617.814196532,321785.3442589595,2.592,1.7924200000000001,0.4460896441682194
2014-12-30,1072617.814196532,321785.3442589595,2.564,1.7957839999999998,0.4277886427320883
2014-12-31,1072617.814196532,321785.3442589595,2.625,1.7994119999999998,0.4588098778934453
2015-01-05,1072617.814196532,321785.3442589595,2.746,1.803484,0.5226084622874392
2015-01-06,1072617.814196532,321785.3442589595,2.741,1.807656,0.5163283279562041
2015-01-07,1072617.814196532,321785.3442589595,2.731,1.81168,0.5074406076128235
2015-01-08,1072617.814196532,321785.3442589595,2.668,1.815452,0.4696064671497786
2015-01-09,1072617.814196532,321785.3442589595,2.651,1.8190920000000002,0.4573204653750331
2015-01-12,1072617.814196532,321785.3442589595,2.597,1.82256,0.42491879554033885
2015-01-13,1072617.814196532,321785.3442589595,2.6,1.826132,0.42377440404089084
2015-01-14,1072617.814196532,321785.3442589595,2.591,1.829808,0.41599555800389987
2015-01-15,1072617.814196532,321785.3442589595,2.667,1.8337919999999999,0.45436341744319964
2015-01-16,1072617.814196532,321785.3442589595,2.692,1.8378720000000002,0.4647374789974492
2015-01-19,1072617.814196532,321785.3442589595,2.446,1.8410159999999998,0.3286141999852259
2015-01-20,1072617.814196532,321785.3442589595,2.426,1.844096,0.31554973276879306
2015-01-21,1072617.814196532,321785.3442589595,2.527,1.8475920000000001,0.3677262079506731
2015-01-22,1072617.814196532,321785.3442589595,2.528,1.851056,0.36570692620860745
2015-01-23,1072617.814196532,321785.3442589595,2.525,1.854504,0.361550042491146
2015-01-26,1072617.814196532,321785.3442589595,2.556,1.858072,0.3756194593105111
2015-01-27,1072617.814196532,321785.3442589595,2.537,1.861624,0.36278861896924397
2015-01-28,1072617.814196532,321785.3442589595,2.519,1.865144,0.3505659616630139
2015-01-29,1072617.814196532,321785.3442589595,2.495,1.8688,0.3350813356164384
2015-01-30,1072617.814196532,321785.3442589595,2.477,1.872252,0.3230056637674843
2015-02-02,1072617.814196532,321785.3442589595,2.406,1.875436,0.28290168259540716
2015-02-03,1072617.814196532,321785.3442589595,2.442,1.878724,0.2998183873735578
2015-02-04,1072617.814196532,321785.3442589595,2.423,1.88198,0.2874738307527178
2015-02-05,1072617.814196532,321785.3442589595,2.386,1.8850879999999999,0.26572340389414206
2015-02-06,1072617.814196532,321785.3442589595,2.325,1.8879,0.23152709359605916
2015-02-09,1072617.814196532,321785.3442589595,2.326,1.89076,0.23019314984450712
2015-02-10,1072617.814196532,321785.3442589595,2.373,1.8938,0.25303622346604726
2015-02-11,1072617.814196532,321785.3442589595,2.378,1.8967199999999997,0.2537433042304613
2015-02-12,1072617.814196532,321785.3442589595,2.383,1.8995920000000002,0.2544799093700121
2015-02-13,1072617.814196532,321785.3442589595,2.41,1.90256,0.26671432175595
2015-02-16,1072617.814196532,321785.3442589595,2.419,1.905564,0.2694404386312923
2015-02-17,1072617.814196532,321785.3442589595,2.442,1.908604,0.27946918271155274
2015-02-25,1072617.814196532,321785.3442589595,2.429,1.9115799999999998,0.2706766130635392
2015-02-26,1072617.814196532,321785.3442589595,2.503,1.9149159999999998,0.3071069435943927
2015-02-27,1072617.814196532,321785.3442589595,2.503,1.918192,0.3048745902391421
2015-03-02,1072617.814196532,321785.3442589595,2.527,1.921516,0.31510744641210375
2015-03-03,1072617.814196532,321785.3442589595,2.495,1.924788,0.296246651579291
2015-03-04,1072617.814196532,321785.3442589595,2.498,1.928188,0.29551682719734806
2015-03-05,1072617.814196532,321785.3442589595,2.468,1.9315960000000003,0.2776998916957789
2015-03-06,1072617.814196532,321785.3442589595,2.466,1.935,0.27441860465116275
2015-03-09,1072617.814196532,321785.3442589595,2.538,1.938648,0.30915978558252966
2015-03-10,1072617.814196532,321785.3442589595,2.524,1.9422000000000001,0.2995572031716609
2015-03-11,1072617.814196532,321785.3442589595,2.535,1.9457760000000002,0.30282211313121343
2015-03-12,1072617.814196532,321785.3442589595,2.59,1.9496120000000001,0.3284694595642619
2015-03-13,1072617.814196532,321785.3442589595,2.606,1.95354,0.3339885541120222
2015-03-16,1072617.814196532,321785.3442589595,2.656,1.957668,0.3567162562804318
2015-03-17,1072617.814196532,321785.3442589595,2.699,1.961988,0.37564551872896246
2015-03-18,1072617.814196532,321785.3442589595,2.785,1.9668480000000002,0.4159711375764674
2015-03-19,1072617.814196532,321785.3442589595,2.782,1.9717,0.41096515697114167
2015-03-20,1072617.814196532,321785.3442589595,2.818,1.9766920000000001,0.4256141068006547
2015-03-23,1072617.814196532,321785.3442589595,2.876,1.981824,0.4511884001808435
2015-03-24,1072617.814196532,321785.3442589595,2.899,1.9870600000000003,0.45893933751371363
2015-03-25,1072617.814196532,321785.3442589595,2.882,1.992168,0.44666514069094587
2015-03-26,1072617.814196532,321785.3442589595,2.865,1.9972079999999999,0.434502565581552
2015-03-27,1072617.814196532,321785.3442589595,2.886,2.002364,0.4412963876697744
2015-03-30,1072617.814196532,321785.3442589595,2.971,2.007924,0.47963767552955194
2015-03-31,1072617.814196532,321785.3442589595,2.935,2.013196,0.4578809018098584
2015-04-01,1072617.814196532,321785.3442589595,2.981,2.0186,0.47676607549786953
2015-04-02,1072617.814196532,321785.3442589595,3.023,2.024152,0.4934649176544055
2015-04-03,1072617.814196532,321785.3442589595,3.075,2.029932,0.5148290681658303
2015-04-07,1072617.814196532,321785.3442589595,3.181,2.036168,0.5622483017118431
2015-04-08,1072617.814196532,321785.3442589595,3.231,2.0426320000000002,0.5817827195500704
2015-04-09,1072617.814196532,321785.3442589595,3.221,2.049088,0.5719188243745512
2015-04-10,1072617.814196532,321785.3442589595,3.292,2.0557800000000004,0.6013386646431034
2015-04-13,1072617.814196532,321785.3442589595,3.33,2.0625839999999998,0.6144797011903518
2015-04-14,1072617.814196532,321785.3442589595,3.346,2.069508,0.6168094059071045
2015-04-15,1072617.814196532,321785.3442589595,3.321,2.076308,0.5994736811686898
2015-04-16,1072617.814196532,321785.3442589595,3.393,2.08326,0.628697330146021
2015-04-17,1072617.814196532,321785.3442589595,3.455,2.090448,0.6527557729252296
2015-04-20,1072617.814196532,321785.3442589595,3.35,2.09712,0.5974288548104068
2015-04-21,1072617.814196532,321785.3442589595,3.412,2.104024,0.6216545058421388
2015-04-22,1072617.814196532,321785.3442589595,3.517,2.111372,0.6657415178376904
2015-04-23,1072617.814196532,321785.3442589595,3.527,2.118844,0.664586916261886
2015-04-24,1072617.814196532,321785.3442589595,3.471,2.126096,0.6325697428526276
2015-04-27,1072617.814196532,321785.3442589595,3.542,2.133652,0.6600645278611506
2015-04-28,1072617.814196532,321785.3442589595,3.475,2.14094,0.6231188169682476
2015-04-29,1072617.814196532,321785.3442589595,3.478,2.14832,0.6189394503612127
2015-04-30,1072617.814196532,321785.3442589595,3.477,2.15568,0.6129481184591405
2015-05-04,1072617.814196532,321785.3442589595,3.527,2.163252,0.6304156889719739
2015-05-05,1072617.814196532,321785.3442589595,3.374,2.1702160000000004,0.5546839577258666
2015-05-06,1072617.814196532,321785.3442589595,3.299,2.17692,0.5154438380831634
2015-05-07,1072617.814196532,321785.3442589595,3.191,2.1832800000000003,0.46156241984537005
2015-05-08,1072617.814196532,321785.3442589595,3.258,2.18986,0.48776634122729323
2015-05-11,1072617.814196532,321785.3442589595,3.369,2.1968560000000004,0.5335552261959817
2015-05-12,1072617.814196532,321785.3442589595,3.412,2.2040240000000004,0.5480775163972802
2015-05-13,1072617.814196532,321785.3442589595,3.383,2.21106,0.5300353676517147
2015-05-14,1072617.814196532,321785.3442589595,3.398,2.218196,0.531875451943832
2015-05-15,1072617.814196532,321785.3442589595,3.349,2.225136,0.5050765436359845
2015-05-18,1072617.814196532,321785.3442589595,3.307,2.231936,0.48167330962894983
2015-05-19,1072617.814196532,321785.3442589595,3.413,2.239036,0.5243167148719359
2015-05-20,1072617.814196532,321785.3442589595,3.431,2.2462199999999997,0.5274550133112521
2015-05-21,1072617.814196532,321785.3442589595,3.527,2.253792,0.5649181468387501
2015-05-22,1072617.814196532,321785.3442589595,3.616,2.2617800000000003,0.598740814756519
2015-05-25,1072617.814196532,321785.3442589595,3.742,2.270276,0.6482577448733107
2015-05-26,1072617.814196532,321785.3442589595,3.794,2.27902,0.6647506384323085
2015-05-27,1072617.814196532,321785.3442589595,3.794,2.2877760000000005,0.6583791420139031
2015-05-28,1072617.814196532,321785.3442589595,3.57,2.295576,0.5551652395738584
2015-05-29,1072617.814196532,321785.3442589595,3.533,2.303252,0.53391812967057
2015-06-01,1072617.814196532,321785.3442589595,3.785,2.311896,0.6371843716153323
2015-06-02,1072617.814196532,321785.3442589595,3.84,2.3207240000000002,0.6546560469922316
2015-06-03,1072617.814196532,321785.3442589595,3.822,2.329476,0.6407123318720604
2015-06-04,1072617.814196532,321785.3442589595,3.874,2.338404,0.6566855000248031
2015-06-05,1072617.814196532,321785.3442589595,3.96,2.347724,0.6867400086211157
2015-06-08,1072617.814196532,321785.3442589595,4.053,2.3574199999999994,0.7192524030507932
2015-06-09,1072617.814196532,321785.3442589595,4.067,2.367192,0.7180693412279189
2015-06-10,1072617.814196532,321785.3442589595,4.055,2.376964,0.7059576838353461
2015-06-11,1072617.814196532,321785.3442589595,4.046,2.386652,0.6952618144580776
2015-06-12,1072617.814196532,321785.3442589595,4.154,2.3968119999999997,0.7331355150091039
2015-06-15,1072617.814196532,321785.3442589595,4.132,2.40688,0.7167453300538453
2015-06-16,1072617.814196532,321785.3442589595,3.975,2.416264,0.6451016941857348
2015-06-17,1072617.814196532,321785.3442589595,4.069,2.426004,0.6772437308429831
2015-06-18,1072617.814196532,321785.3442589595,3.98,2.435416,0.6342177270741425
2015-06-19,1072617.814196532,321785.3442589595,3.699,2.443628,0.5137328595023465
2015-06-23,1072617.814196532,321785.3442589595,3.755,2.452012,0.5313954417841349
2015-06-24,1072617.814196532,321785.3442589595,3.865,2.46088,0.5705763791814311
2015-06-25,1072617.814196532,321785.3442589595,3.738,2.4692760000000002,0.5138040462062563
2015-06-26,1072617.814196532,321785.3442589595,3.368,2.4762799999999996,0.3601046731387405
2015-06-29,1072617.814196532,321785.3442589595,3.339,2.48314,0.3446684439862431
2015-06-30,1072617.814196532,321785.3442589595,3.546,2.490812,0.42363213281451984
2015-07-01,1072617.814196532,321785.3442589595,3.314,2.497552,0.3268992997943585
2015-07-02,1072617.814196532,321785.3442589595,3.161,2.5037,0.26253145344889584
2015-07-03,1072617.814196532,321785.3442589595,2.94,2.50894,0.17180960883879237
2015-07-06,1072617.814196532,321785.3442589595,3.05,2.514612,0.21291077907844214
2015-07-07,1072617.814196532,321785.3442589595,2.942,2.519804,0.1675511269924168
2015-07-08,1072617.814196532,321785.3442589595,2.648,2.523816,0.04920485487056103
2015-07-09,1072617.814196532,321785.3442589595,2.913,2.528856,0.1519042602663021
2015-07-10,1072617.814196532,321785.3442589595,3.204,2.5350479999999997,0.26388139396177124
2015-07-13,1072617.814196532,321785.3442589595,3.393,2.541992,0.33477996783624797
2015-07-14,1072617.814196532,321785.3442589595,3.23,2.548296,0.26751366403274957
2015-07-15,1072617.814196532,321785.3442589595,3.055,2.553876,0.196220959827337
2015-07-16,1072617.814196532,321785.3442589595,3.098,2.5596920000000005,0.21030186444306542
2015-07-17,1072617.814196532,321785.3442589595,3.238,2.566072,0.26185079763934915
2015-07-20,1072617.814196532,321785.3442589595,3.225,2.572372,0.2537066956101217
2015-07-21,1072617.814196532,321785.3442589595,3.256,2.578712,0.2626458480047402
2015-07-22,1072617.814196532,321785.3442589595,3.236,2.584976,0.2518491467619042
2015-07-23,1072617.814196532,321785.3442589595,3.325,2.5916,0.282991202346041
2015-07-24,1072617.814196532,321785.3442589595,3.259,2.597976,0.25443807025161114
2015-07-27,1072617.814196532,321785.3442589595,2.956,2.603128,0.1355569146042761
2015-07-28,1072617.814196532,321785.3442589595,2.97,2.608344,0.13865349049051812
2015-07-29,1072617.814196532,321785.3442589595,3.094,2.613976,0.18363749322870593
2015-07-30,1072617.814196532,321785.3442589595,3.03,2.6193359999999997,0.15678171872566193
2015-07-31,1072617.814196532,321785.3442589595,3.018,2.624544,0.149914042210761
2015-08-03,1072617.814196532,321785.3442589595,3.099,2.630012,0.17832161982530903
2015-08-04,1072617.814196532,321785.3442589595,3.157,2.63556,0.19784789570338002
2015-08-05,1072617.814196532,321785.3442589595,3.09,2.6408,0.1700999697061496
2015-08-06,1072617.814196532,321785.3442589595,3.06,2.645956,0.15648181602415168
2015-08-07,1072617.814196532,321785.3442589595,3.12,2.651252,0.1768025068910839
2015-08-10,1072617.814196532,321785.3442589595,3.264,2.657156,0.22838102091107926
2015-08-11,1072617.814196532,321785.3442589595,3.248,2.662904,0.21972102636820545
2015-08-12,1072617.814196532,321785.3442589595,3.197,2.6684520000000003,0.19807289020001106
2015-08-13,1072617.814196532,321785.3442589595,3.241,2.6741840000000003,0.21195848901945413
2015-08-14,1072617.814196532,321785.3442589595,3.238,2.67998,0.20821797177590873
2015-08-17,1072617.814196532,321785.3442589595,3.265,2.6858799999999996,0.21561648323826854
2015-08-18,1072617.814196532,321785.3442589595,3.103,2.691008,0.15309950769377134
2015-08-19,1072617.814196532,321785.3442589595,3.12,2.696208,0.15718075163340517
2015-08-20,1072617.814196532,321785.3442589595,3.013,2.700992,0.11551607705613343
2015-08-21,1072617.814196532,321785.3442589595,2.879,2.705272,0.06421831150435153
2015-08-24,1072510.5524151123,321785.3442589595,2.591,2.7083559999999998,-0.04333108350600867
2015-08-25,974407.5030432938,321753.1657245336,2.354,2.7104679999999997,-0.13151529551354213
2015-08-26,982272.3044697266,324350.1538930834,2.373,2.7126519999999994,-0.12521031079548695
2015-08-27,1045604.6527983687,345262.7428292998,2.526,2.715472,-0.06977497834630597
2015-08-28,1096104.9566944104,361938.1405431457,2.648,2.7188320000000004,-0.02605236366204322
2015-08-31,1091965.5875226036,360571.3046649616,2.638,2.722124,-0.03090380893743272
2015-09-01,1088654.0921851583,359477.83596241433,2.63,2.725428,-0.03501395010251607
2015-09-02,1096932.8305287717,362211.5077187825,2.65,2.72888,-0.02890563161443538
2015-09-07,1062990.0033199568,351003.453517673,2.568,2.732,-0.060029282576866794
2015-09-08,1094863.1459428684,361528.0897796905,2.645,2.7354600000000002,-0.03306939235082951
2015-09-09,1117629.6763878053,369045.68710970297,2.7,2.739072,-0.014264685265666599
2015-09-10,1096104.9566944104,361938.1405431457,2.648,2.742448,-0.03443930386282612
2015-09-11,1094449.2090256878,361391.4061918721,2.644,2.745712,-0.037043943428881065
2015-09-14,1053469.4542248014,347859.7309978496,2.545,2.748524,-0.07404847110667412
2015-09-15,1019526.6270159867,336651.67679674015,2.463,2.7509520000000003,-0.10467358209085442
2015-09-16,1077477.7954212804,355787.37909131736,2.603,2.75384,-0.05477442407692523
2015-09-17,1045604.6527983687,345262.7428292998,2.526,2.7564520000000003,-0.08360457573721602
2015-09-18,1046018.5897155495,345399.4264171183,2.527,2.759104,-0.08412296165711752
2015-09-21,1058850.6341481502,349636.61763948895,2.558,2.761872,-0.07381659975552812
2015-09-22,1066301.4986574023,352096.9222202203,2.576,2.764684,-0.06824794443053883
2015-09-23,1057194.8864794273,349089.88328821526,2.554,2.7673999999999994,-0.0771120907711208
2015-09-24,1058022.760313789,349363.25046385213,2.556,2.7702199999999997,-0.07732959837124842
2015-09-25,1041879.2205437428,344032.59053893416,2.517,2.772884,-0.09228081665154397
2015-09-28,1038981.662123478,343075.8054242053,2.51,2.7755,-0.09565843992073508
2015-09-29,1025735.6807736967,338701.9306140163,2.478,2.7778959999999997,-0.10795796530899626
2015-09-30,1031116.8606970455,340478.8172556556,2.491,2.780484,-0.10411280913682652
2015-10-08,1057608.8233966082,349226.5668760337,2.555,2.783284,-0.08201965735440575
2015-10-09,1067129.3724917634,352370.2893958571,2.578,2.7860720000000003,-0.07468292276725097
2015-10-12,1101486.136617759,363715.02718478505,2.661,2.789176,-0.04595479094901145
2015-10-13,1100244.325866217,363304.9764213298,2.658,2.79228,-0.048089733121320144
2015-10-14,1092793.4613569651,360844.67184059846,2.64,2.795252,-0.0555413250755209
2015-10-15,1114732.1179675404,368088.9019949741,2.693,2.7984120000000003,-0.03766850628141971
2015-10-16,1130461.7208204058,373282.8783320736,2.731,2.801696,-0.025233287265998938
2015-10-19,1133359.2792406706,374239.6634468025,2.738,2.805004,-0.023887309964620296
2015-10-20,1142465.8914186452,377246.7023788074,2.76,2.808452,-0.01725220869005417
2015-10-21,1108523.0642098305,366038.64817769796,2.678,2.811628,-0.04752691323318725
2015-10-22,1125080.5408970572,371505.9916904343,2.718,2.814956,-0.034443167140090325
2015-10-23,1141224.0806671032,376836.65161535225,2.757,2.818416,-0.021790963434780375
2015-10-26,1150744.6297622586,379980.3741351756,2.78,2.821984,-0.014877476272012968
2015-10-27,1154056.125099704,381073.84283772286,2.788,2.8256,-0.013306908267270767
2015-10-28,1140810.1437499225,376699.9680275338,2.756,2.829052,-0.025822077501580054
2015-10-29,1138326.5222468385,375879.8665006234,2.75,2.83254,-0.029139923884569985
2015-10-30,1138326.5222468385,375879.8665006234,2.75,2.836064,-0.030346282735509433
2015-11-02,1130047.783903225,373146.1947442552,2.73,2.839604,-0.03859833976850291
2015-11-03,1117215.7394706244,368909.0035218845,2.699,2.843024,-0.05065873520589359
2015-11-04,1153228.2512653426,380800.4756620861,2.786,2.846848,-0.02137381412706263
2015-11-05,1175166.907875918,388044.7058164617,2.839,2.85076,-0.004125215731945242
2015-11-06,1194621.9429834096,394468.8344439269,2.886,2.85474,0.010950209125874855
2015-11-09,1219044.2210970689,402533.166125213,2.945,2.8588439999999995,0.030136656634639936
2015-11-10,1214904.8519252623,401166.33024702896,2.935,2.862728,0.025245849413566335
2015-11-11,1213663.0411737203,400756.27948357374,2.932,2.866596,0.022815911275952283
2015-11-12,1200417.0598239389,396382.4046733846,2.9,2.8703440000000002,0.010331862661757452
2015-11-13,1190896.5107287834,393238.6821535612,2.877,2.874,0.0010438413361169019
2015-11-16,1194621.9429834096,394468.8344439269,2.886,2.877688,0.0028884298784301876
2015-11-17,1201244.9336583002,396655.7718490215,2.902,2.881444,0.007133923130208331
2015-11-18,1190896.5107287834,393238.6821535612,2.877,2.8848920000000002,-0.002735631004557648
2015-11-19,1202900.6813270228,397202.5062002951,2.906,2.8884359999999996,0.006080799436096518
2015-11-20,1199589.1859895776,396109.03749774786,2.898,2.8918719999999998,0.0021190426132278173
2015-11-23,1197519.501403674,395425.6195586558,2.893,2.895308,-0.0007971518056111293
2015-11-24,1195863.7537349514,394878.88520738215,2.889,2.898756,-0.0033655816495077318
2015-11-25,1207867.924333191,398842.70925411605,2.918,2.9023120000000002,0.005405345807066864
2015-11-26,1206626.1135816488,398432.6584906608,2.915,2.905956,0.003112228815577378
2015-11-27,1172269.3494556532,387087.92070173286,2.832,2.9093,-0.026569965283745334
2015-11-30,1158609.4311886912,382577.3623037254,2.799,2.9125039999999998,-0.03897127694931912
2015-12-01,1149916.7559278973,379707.00695953885,2.778,2.915496,-0.04716041455724862
2015-12-02,1180134.150882086,389684.90887028264,2.851,2.9186520000000002,-0.02317919368256316
2015-12-03,1192138.3214803254,393648.7329170165,2.88,2.921776,-0.014298152904260952
2015-12-04,1171855.4125384728,386951.23711391445,2.831,2.924632,-0.03201496803700432
2015-12-07,1169371.7910353888,386131.135587004,2.825,2.9274359999999997,-0.03499171288458558
2015-12-08,1154883.9989340652,381347.2100133597,2.79,2.929884,-0.04774386972316991
2015-12-09,1152814.314348162,380663.7920742677,2.785,2.9322719999999998,-0.05022453578658448
2015-12-10,1147019.1975076327,378750.22184480994,2.771,2.934332,-0.055662413114807796
2015-12-11,1139568.3329983805,376289.9172640786,2.753,2.936312,-0.06242933312263821
2015-12-14,1161506.989608956,383534.1474184543,2.806,2.9381280000000003,-0.044970130641006856
2015-12-15,1154056.125099704,381073.84283772286,2.788,2.9398120000000003,-0.05164003684589369
2015-12-16,1150744.6297622586,379980.3741351756,2.78,2.9412040000000004,-0.05480884698919242
2015-12-17,1173097.2232900148,387361.28787736973,2.834,2.943192,-0.03709985621053591
2015-12-18,1173511.1602071954,387497.9714651881,2.835,2.944848,-0.03730175547260839
2015-12-21,1204556.4289957455,397749.24055156874,2.91,2.946824,-0.012496165363116263
2015-12-22,1204142.4920785648,397612.5569637503,2.909,2.9488399999999997,-0.013510397308772237
2015-12-23,1211593.356587817,400072.8615444817,2.927,2.9509000000000003,-0.008099223965569946
2015-12-24,1198761.3121552162,395835.670322111,2.896,2.952648,-0.019185490447896303
2015-12-25,1200003.1229067582,396245.72108556627,2.899,2.954248,-0.018701205856786585
2015-12-28,1173925.0971243759,387634.6550530065,2.836,2.9556119999999995,-0.04046945268864777
2015-12-29,1179306.277047725,389411.5416946458,2.849,2.956648,-0.03640879807132935
2015-12-30,1179720.2139649054,389548.22528246423,2.85,2.957524,-0.03635608705119542
2015-12-31,1180962.0247164476,389958.27604591945,2.853,2.958812,-0.035761650283965274
2016-01-04,1128392.0362345024,372599.4603929816,2.726,2.959888,-0.07901920613212388
2016-01-05,1111834.5595472758,367132.1168802452,2.686,2.960444,-0.09270366201826485
2016-01-06,1129633.8469860444,373009.5111564368,2.729,2.960948,-0.07833572220788754
2016-01-07,1074166.300083835,354693.9103887701,2.595,2.96096,-0.12359505025397166
2016-01-08,1089068.029102339,359614.51955023274,2.631,2.961228,-0.11151724892510828
2016-01-11,1050157.958887356,346766.26229530235,2.537,2.960876,-0.14315898403040184
2016-01-12,1031116.8606970455,340478.8172556556,2.491,2.959856,-0.15840500348665598
2016-01-13,1022424.1854362515,337608.461911469,2.47,2.9587719999999997,-0.1651942089488475
2016-01-14,1033186.5452829488,341162.2351947476,2.496,2.957832,-0.15613868536144038
2016-01-15,1000071.5919084952,330227.54816927493,2.416,2.956824,-0.1829070651482808
2016-01-18,995932.2227366886,328860.71229109087,2.406,2.955844,-0.1860192892453052
2016-01-19,1025321.743856516,338565.24702619785,2.477,2.955364,-0.16186297187080845
2016-01-20,988067.4213102559,326263.7241225411,2.387,2.9545120000000002,-0.19208315958777633
2016-01-21,967370.5754512225,319429.5447316207,2.337,2.953496,-0.20873432704835215
2016-01-22,972751.7553745712,321206.43137326,2.35,2.952228,-0.20399101966379285
2016-01-25,978546.8722151004,323120.0016027177,2.364,2.9509160000000003,-0.19889281836555173
2016-01-26,923079.3253128909,304804.40083505097,2.23,2.950052,-0.24408112128192994
2016-01-27,913144.8393005548,301523.99472740915,2.206,2.949172,-0.2519934408708614
2016-01-28,900312.7948679541,297286.8035050385,2.175,2.9477640000000003,-0.26215260109018235
2016-01-29,918939.9561410843,303437.5649568669,2.22,2.9465319999999995,-0.24657190215480418
2016-02-01,903624.2902053994,298380.27220758575,2.183,2.945164,-0.2587849097707293
2016-02-02,919767.8299754455,303710.93213250366,2.222,2.943828,-0.24520046687510277
2016-02-03,915214.5238864581,302207.4126665012,2.211,2.942524,-0.24860425947248022
2016-02-04,923907.1991472524,305077.7680106878,2.232,2.941376,-0.24117147892686952
2016-02-05,923907.1991472524,305077.7680106878,2.232,2.940324,-0.24089998245091349
2016-02-15,916042.3977208196,302480.779842138,2.213,2.939268,-0.2470914527018292
2016-02-16,939222.8650829371,310135.0607599689,2.269,2.93872,-0.22789513801927364
2016-02-17,947087.6665093696,312732.0489285186,2.288,2.9381039999999996,-0.221266503840572
2016-02-18,948743.4141780923,313278.78327979223,2.292,2.93758,-0.21976592977893372
2016-02-19,949157.351095273,313415.4668676107,2.293,2.937208,-0.2193266530664495
2016-02-22,966542.701616861,319156.1775559838,2.335,2.937248,-0.20503818540347973
2016-02-23,957850.026356067,316285.8222117973,2.314,2.9372,-0.21217486041127598
2016-02-24,961575.4586106931,317515.97450216295,2.323,2.937,-0.20905686074225394
2016-02-25,923493.2622300715,304941.0844228694,2.231,2.936412,-0.2402292321377245
2016-02-26,921009.6407269876,304120.98289595894,2.225,2.9357800000000003,-0.24210942236816113
2016-02-29,904452.1640397608,298653.63938322256,2.185,2.9348799999999997,-0.25550618764651356
2016-03-01,913558.7762177355,301660.67831522756,2.207,2.934032,-0.24779279844255286
2016-03-02,957022.1525217056,316012.4550361604,2.312,2.933512,-0.21186618633228704
2016-03-03,956608.2156045251,315875.771448342,2.311,2.93304,-0.21208029893898483
2016-03-04,968612.3862027643,319839.59549507586,2.34,2.932388,-0.20201555865049237
2016-03-07,973579.6292089324,321479.7985488968,2.352,2.931784,-0.1977580885904282
2016-03-08,971096.0077058484,320659.69702198636,2.346,2.93106,-0.19960696812757162
2016-03-09,959505.7740247898,316832.5565630709,2.318,2.930352,-0.20896875187690767
2016-03-10,954538.5310186218,315192.35350925004,2.306,2.929584,-0.21285752516398238
2016-03-11,955366.404852983,315465.7206848868,2.308,2.928944,-0.2120026876580775
2016-03-14,964059.0801137772,318336.07602907345,2.329,2.9283959999999998,-0.20468406595282862
2016-03-15,964059.0801137772,318336.07602907345,2.329,2.92756,-0.20445695391383945
2016-03-16,969026.3231199452,319976.2790828943,2.341,2.926828,-0.20015798673512752
2016-03-17,979374.7460494619,323393.36877835455,2.366,2.926152,-0.19142956346765305
2016-03-18,993448.6012336045,328040.61076418037,2.4,2.925392,-0.17959712749607581
2016-03-21,1003383.0872459406,331321.0168718222,2.424,2.924664,-0.1711868440272113
2016-03-22,1000899.4657428566,330500.9153449118,2.418,2.923712,-0.17296915701683335
2016-03-23,997174.0334882304,329270.763054546,2.409,2.922552,-0.17572039778932935
2016-03-24,984755.9259728105,325170.25541999383,2.379,2.920928,-0.18553281696775814
2016-03-25,985997.7367243526,325580.30618344905,2.382,2.919328,-0.18405879709302964
2016-03-28,986411.6736415332,325716.98977126746,2.383,2.917588,-0.18322943472484798
2016-03-29,969026.3231199452,319976.2790828943,2.341,2.915448,-0.19703592723999874
2016-03-30,995104.3489023272,328587.34511545405,2.404,2.913468,-0.17486651646765983
2016-03-31,995104.3489023272,328587.34511545405,2.404,2.911556,-0.17432465664407626
2016-04-01,996760.0965710499,329134.0794667277,2.408,2.909728,-0.1724312375589746
2016-04-05,1012903.636341096,334464.7393916456,2.447,2.907972,-0.1585200957918439
2016-04-06,1009178.2040864701,333234.58710127993,2.438,2.90584,-0.16099991740770303
2016-04-07,1000899.4657428566,330500.9153449118,2.418,2.903772,-0.16728999384249177
2016-04-08,997174.0334882304,329270.763054546,2.409,2.901484,-0.16973521136080716
2016-04-11,1008350.3302521086,332961.2199256431,2.436,2.899136,-0.1597496633479768
2016-04-12,1003797.0241631212,331457.7004596406,2.425,2.896536,-0.16279307421002198
2016-04-13,1021182.3746847094,337198.4111480138,2.467,2.89368,-0.14745237897763397
2016-04-14,1022424.1854362515,337608.461911469,2.47,2.8906359999999998,-0.145516765168634
2016-04-15,1021596.31160189,337335.0947358322,2.468,2.8876239999999997,-0.1453180885045975
2016-04-18,1014559.3840098187,335011.4737429192,2.451,2.88426,-0.15021530652576387
2016-04-19,1012489.6994239154,334328.05580382724,2.446,2.8807240000000003,-0.15090789676484107
2016-04-20,997174.0334882304,329270.763054546,2.409,2.876976,-0.1626624622520314
2016-04-21,1000485.5288256758,330364.23175709334,2.417,2.87336,-0.15882451206949355
2016-04-22,1000071.5919084952,330227.54816927493,2.416,2.869452,-0.15802738641385183
2016-04-25,993448.6012336045,328040.61076418037,2.4,2.8652320000000002,-0.16237149382667804
2016-04-26,998415.8442397725,329680.8138180013,2.412,2.86148,-0.15707955323818446
2016-04-27,1000071.5919084952,330227.54816927493,2.416,2.8574960000000003,-0.15450450324339926
2016-04-28,997587.9704054113,329407.4466423645,2.41,2.8530680000000004,-0.15529528213137578
2016-04-29,995932.2227366886,328860.71229109087,2.406,2.848584,-0.1553698258503171
2016-05-03,1006694.5825833859,332414.4855743695,2.432,2.8444279999999997,-0.14499505700267323
2016-05-04,1003383.0872459406,331321.0168718222,2.424,2.839956,-0.1464656494678087
2016-05-05,999657.6549913146,330090.8645814565,2.415,2.8357159999999997,-0.14836323524640682
2016-05-06,982686.2413869072,324486.8374809018,2.374,2.8313,-0.16151591141878285
2016-05-09,953710.6571842603,314918.98633361317,2.304,2.8266080000000002,-0.1848887429739109
2016-05-10,949985.2249296344,313688.8340432475,2.295,2.8216799999999997,-0.18665475886705785
2016-05-11,950399.1618468149,313825.5176310659,2.296,2.817368,-0.185054987491872
2016-05-12,954124.5941014411,315055.66992143163,2.305,2.813392,-0.1807042886309479
2016-05-13,954538.5310186218,315192.35350925004,2.306,2.809852,-0.17931620597810838
2016-05-16,958677.9001904284,316559.18938743405,2.316,2.8060840000000002,-0.1746505093931615
2016-05-17,959505.7740247898,316832.5565630709,2.318,2.80188,-0.17269833112053334
2016-05-18,952054.9095155377,314372.25198233954,2.3,2.7974319999999997,-0.17781736964473127
2016-05-19,948743.4141780923,313278.78327979223,2.292,2.7930680000000003,-0.17939699284084754
2016-05-20,949571.2880124537,313552.1504554291,2.294,2.788652,-0.17738032569140927
2016-05-23,954124.5941014411,315055.66992143163,2.305,2.7844759999999997,-0.17219613313240967
2016-05-24,951640.972598357,314235.56839452113,2.299,2.780444,-0.17315364020998092
2016-05-25,950813.0987639958,313962.2012188843,2.297,2.77598,-0.1725444707814897
2016-05-26,950813.0987639958,313962.2012188843,2.297,2.771444,-0.171190181003116
2016-05-27,952882.783349899,314645.61915797635,2.302,2.7665439999999997,-0.16791491478176368
2016-05-30,956608.2156045251,315875.771448342,2.311,2.761324,-0.1630826371697056
2016-05-31,983928.052138449,324896.88824435696,2.377,2.755864,-0.13747557934644095
2016-06-01,981444.4306353652,324076.7867174466,2.371,2.750172,-0.1378721039993135
2016-06-02,981444.4306353652,324076.7867174466,2.371,2.7444799999999994,-0.13608406692706798
2016-06-03,983100.1783040878,324623.5210687202,2.375,2.7397,-0.1331167646092638
2016-06-06,983514.1152212685,324760.2046565386,2.376,2.735072,-0.13128429525804086
2016-06-07,983514.1152212685,324760.2046565386,2.376,2.729436,-0.12949048814480368
2016-06-08,978546.8722151004,323120.0016027177,2.364,2.723532,-0.13200946418107085
2016-06-13,957022.1525217056,316012.4550361604,2.312,2.717492,-0.14921552666944382
2016-06-14,959505.7740247898,316832.5565630709,2.318,2.711268,-0.14504947500579068
2016-06-15,967784.5123684031,319566.2283194391,2.338,2.7047800000000004,-0.1356043744777765
2016-06-16,960747.5847763318,317242.60732652614,2.321,2.697852,-0.1396859427425967
2016-06-17,966128.7646996805,319019.4939681655,2.334,2.69092,-0.13263865146492648
2016-06-20,968612.3862027643,319839.59549507586,2.34,2.68406,-0.12818640417874427
2016-06-21,968612.3862027643,319839.59549507586,2.34,2.677236,-0.1259642407318594
2016-06-22,981030.4937181845,323940.1031296282,2.37,2.6701000000000006,-0.11239279427736804
2016-06-23,971923.8815402098,320933.0641976232,2.348,2.662964,-0.1182757258453363
2016-06-24,963231.2062794158,318062.7088534366,2.327,2.6563719999999997,-0.12399317565461454
2016-06-27,971923.8815402098,320933.0641976232,2.348,2.649488,-0.1137910418918674
2016-06-28,970268.1338714871,320386.3298463495,2.344,2.642944,-0.11311022859356845
2016-06-29,976063.2507120165,322299.90007580724,2.358,2.63758,-0.10599868060873974
2016-06-30,979374.7460494619,323393.36877835455,2.366,2.6320240000000004,-0.10107202669884474
2016-07-01,981858.3675525457,324213.4703052649,2.372,2.626052,-0.09674294339944534
2016-07-04,998001.9073225919,329544.1302301829,2.411,2.6207439999999997,-0.08003223512101898
2016-07-05,1003383.0872459406,331321.0168718222,2.424,2.6169680000000004,-0.0737372409597673
2016-07-06,1000071.5919084952,330227.54816927493,2.416,2.613276,-0.07548992146256273
2016-07-07,1000899.4657428566,330500.9153449118,2.418,2.6087640000000003,-0.07312428414375549
2016-07-08,996760.0965710499,329134.0794667277,2.408,2.60514,-0.07567347628150511
2016-07-11,1000899.4657428566,330500.9153449118,2.418,2.6021680000000003,-0.07077483083336666
2016-07-12,1024907.8069393353,338428.56343837944,2.476,2.6003119999999997,-0.04780657090379914
2016-07-13,1031116.8606970455,340478.8172556556,2.491,2.598076,-0.0412135749685536
2016-07-14,1027805.3653596,339385.34855310834,2.483,2.59624,-0.04361692293470554
2016-07-15,1030702.9237798648,340342.1336678372,2.49,2.595608,-0.04068719159441625
2016-07-18,1034428.3560344907,341572.28595820285,2.499,2.593952,-0.03660514920862057
2016-07-19,1028633.2391939614,339658.7157287451,2.485,2.591076,-0.04093897670311497
2016-07-20,1029047.1761111422,339795.39931656356,2.486,2.5874479999999997,-0.03920774446481612
2016-07-21,1036084.1037032135,342119.0203094765,2.503,2.58454,-0.03154913446880292
2016-07-22,1029047.1761111422,339795.39931656356,2.486,2.5822640000000003,-0.037278914936660246
2016-07-25,1031116.8606970455,340478.8172556556,2.491,2.579836,-0.03443474701492644
2016-07-26,1043121.0312952847,344442.64130238944,2.52,2.576964,-0.022105081793924897
2016-07-27,1034014.4191173102,341435.60237038444,2.498,2.574056,-0.029547142719505648
2016-07-28,1041465.2836265621,343895.9069511158,2.516,2.571096,-0.021428993705408073
2016-07-29,1045190.715881188,345126.0592414815,2.525,2.5682519999999998,-0.01684102650362962
2016-08-01,1038567.7252062974,342939.1218363869,2.509,2.564988,-0.02182778243017125
2016-08-02,1039395.5990406588,343212.4890120238,2.511,2.5619959999999997,-0.019904792981721875
2016-08-03,1038153.7882891168,342802.4382485685,2.508,2.560204,-0.020390562627040754
2016-08-04,1038153.7882891168,342802.4382485685,2.508,2.5583560000000003,-0.019682952646152607
2016-08-05,1043121.0312952847,344442.64130238944,2.52,2.55606,-0.014107650055163012
2016-08-08,1048088.2743014528,346082.8443562103,2.532,2.554068,-0.008640333773415554
2016-08-09,1058436.6972309696,349499.93405167054,2.557,2.552224,0.0018713091013955463
2016-08-10,1057194.8864794273,349089.88328821526,2.554,2.550044,0.001551345780700153
2016-08-11,1053469.4542248014,347859.7309978496,2.545,2.547596,-0.0010189998728212801
2016-08-12,1075408.110835377,355103.96115222527,2.598,2.545628,0.02057331236142912
2016-08-15,1099830.3889490364,363168.29283351137,2.657,2.544016,0.04441167036685312
2016-08-16,1089895.9029367003,359887.8867258696,2.633,2.542068,0.035770876310153854
2016-08-17,1094449.2090256878,361391.4061918721,2.644,2.539588,0.041113755459546875
2016-08-18,1089068.029102339,359614.51955023274,2.631,2.53712,0.03700258560887937
2016-08-19,1093207.3982741458,360981.35542841686,2.641,2.534896,0.041857338525919774
2016-08-22,1088240.1552679776,359341.1523745959,2.629,2.532448,0.03812595559711385
2016-08-23,1086998.3445164356,358931.1016111407,2.626,2.53,0.037944664031620556
2016-08-24,1084100.786096171,357974.3164964119,2.619,2.527416,0.03623621912657038
2016-08-25,1078719.6061728222,356197.4298547725,2.606,2.525428,0.031904295034346664
2016-08-26,1077477.7954212804,355787.37909131736,2.603,2.5233600000000003,0.031561093145647146
2016-08-29,1079133.543090003,356334.113442591,2.607,2.521736,0.03381162817995231
2016-08-30,1077891.7323384609,355924.06267913576,2.604,2.520636,0.03307260548528235
2016-08-31,1083272.9122618097,357700.94932077505,2.617,2.5207400000000004,0.03818719899711964
2016-09-01,1077063.8585040995,355650.6955034989,2.602,2.521732,0.03183050379659691
2016-09-02,1079961.4169243642,356607.4806182278,2.609,2.5226760000000006,0.03421921800500716
2016-09-05,1085342.596847713,358384.3672598671,2.622,2.52306,0.03921428741290334
2016-09-06,1089068.029102339,359614.51955023274,2.631,2.522992,0.042809489685262436
2016-09-07,1091965.5875226036,360571.3046649616,2.638,2.5229920000000003,0.04558397331422359
2016-09-08,1091551.650605423,360434.62107714324,2.637,2.52302,0.04517601921506764
2016-09-09,1088654.0921851583,359477.83596241433,2.63,2.5229399999999997,0.042434619927544937
2016-09-12,1063403.9402371375,351140.1371054914,2.569,2.522944,0.01825486415869726
2016-09-13,1062990.0033199568,351003.453517673,2.568,2.522636,0.017982776746229057
2016-09-14,1058436.6972309696,349499.93405167054,2.557,2.522064,0.013852146495885842
2016-09-19,1064231.814071499,351413.5042811283,2.571,2.5217560000000003,0.019527662470119944
2016-09-20,1065059.6879058601,351686.87145676505,2.573,2.521472,0.02043568201431545
2016-09-21,1067543.3094089443,352506.97298367554,2.579,2.5216079999999996,0.022760080075888256
2016-09-22,1076235.9846697382,355377.32832786214,2.6,2.522156,0.030864070263695087
2016-09-23,1072510.5524151123,354147.1760374965,2.591,2.5221080000000002,0.027315245818180678
2016-09-26,1058436.6972309696,349499.93405167054,2.557,2.522232,0.01378461616536475
2016-09-27,1057194.8864794273,349089.88328821526,2.554,2.5223400000000002,0.012551836786475867
2016-09-28,1055953.0757278856,348679.8325247601,2.551,2.5223120000000003,0.011373692072986996
2016-09-29,1060092.4448996922,350046.66840294417,2.561,2.522252,0.015362461800010552
2016-09-30,1063817.8771543182,351276.8206933098,2.57,2.5223160000000004,0.018904847766893385
2016-10-10,1076235.9846697382,355377.32832786214,2.6,2.522492,0.030726757508051428
2016-10-11,1077891.7323384609,355924.06267913576,2.604,2.5228399999999995,0.03217009402102411
2016-10-12,1074994.1739181962,354967.27756440686,2.597,2.523188,0.02925346823145958
2016-10-13,1079961.4169243642,356607.4806182278,2.609,2.523712,0.033794664367407856
2016-10-14,1079961.4169243642,356607.4806182278,2.609,2.524184,0.033601353942501744
2016-10-17,1073752.3631666542,354557.22680095164,2.594,2.5243399999999996,0.02759533184911711
2016-10-18,1086584.407599255,358794.4180233223,2.625,2.5245279999999997,0.03979833061863469
2016-10-19,1086998.3445164356,358931.1016111407,2.626,2.5243880000000005,0.040252132398030493
2016-10-20,1086584.407599255,358794.4180233223,2.625,2.5242560000000003,0.039910373591268034
2016-10-21,1094035.2721085069,361254.7226040536,2.643,2.524268,0.04703621010130443
2016-10-24,1108937.001127011,366175.33176551637,2.679,2.524212,0.061321315325337133
2016-10-25,1108937.001127011,366175.33176551637,2.679,2.5240039999999997,0.0614087774821277
2016-10-26,1100244.325866217,363304.9764213298,2.658,2.5236840000000003,0.0532221942208293
2016-10-27,1100244.325866217,363304.9764213298,2.658,2.523276,0.053392494519030054
2016-10-28,1096932.8305287717,362211.5077187825,2.65,2.5231640000000004,0.05026863097285772
2016-10-31,1094449.2090256878,361391.4061918721,2.644,2.522868,0.048013609907454624
2016-11-01,1099830.3889490364,363168.29283351137,2.657,2.522468,0.05333348133653226
2016-11-02,1092379.5244397842,360707.98825278,2.639,2.521904,0.04643158502464795
2016-11-03,1099416.4520318557,363031.609245693,2.656,2.521376,0.05339306791212417
2016-11-04,1098174.6412803137,362621.55848223774,2.653,2.520964,0.052375202501899976
2016-11-07,1103141.8842864817,364261.7615360587,2.665,2.520624,0.05727788039786974
2016-11-08,1108109.1272926498,365901.96458987956,2.677,2.5203320000000002,0.062161651718900535
2016-11-09,1100244.325866217,363304.9764213298,2.658,2.5200440000000004,0.05474348860575429
2016-11-10,1113904.244133179,367815.53481933725,2.691,2.520012,0.0678520578473436
2016-11-11,1120941.1717252505,370139.1558122503,2.708,2.5197000000000003,0.07473111878398209
2016-11-14,1123312.4507490117,370922.16141342674,2.714,2.5191999999999997,0.07732613528104171
2016-11-15,1123312.4507490117,370922.16141342674,2.705,2.518476,0.07406225034504987
2016-11-16,1123312.4507490117,370922.16141342674,2.711,2.5175400000000003,0.07684485648688777
2016-11-17,1123312.4507490117,370922.16141342674,2.715,2.51666,0.07881080479683389
2016-11-18,1123312.4507490117,370922.16141342674,2.707,2.5157599999999998,0.07601679015486384
2016-11-21,1123312.4507490117,370922.16141342674,2.732,2.515088,0.08624429841023473
2016-11-22,1123312.4507490117,370922.16141342674,2.759,2.514616,0.0971854151886411
2016-11-23,1123312.4507490117,370922.16141342674,2.764,2.514128,0.09938714337535703
2016-11-24,1123312.4507490117,370922.16141342674,2.77,2.5136000000000003,0.10200509229789922
2016-11-25,1123312.4507490117,370922.16141342674,2.8,2.513292,0.11407667712307212
2016-11-28,1123312.4507490117,370922.16141342674,2.82,2.5129479999999997,0.12218796409635213
2016-11-29,1123312.4507490117,370922.16141342674,2.832,2.512684,0.12708163859840704
2016-11-30,1123312.4507490117,370922.16141342674,2.796,2.5122959999999996,0.11292618385731634
2016-12-01,1123312.4507490117,370922.16141342674,2.828,2.5120519999999997,0.12577287412840188
2016-12-02,1123312.4507490117,370922.16141342674,2.808,2.5116119999999995,0.11800708071151123
2016-12-05,1123312.4507490117,370922.16141342674,2.772,2.51104,0.1039250669045495
2016-12-06,1123312.4507490117,370922.16141342674,2.765,2.510772,0.10125491283159138
2016-12-07,1123312.4507490117,370922.16141342674,2.777,2.5106840000000004,0.10607308605941634
2016-12-08,1123312.4507490117,370922.16141342674,2.784,2.510708,0.10885057123329345
2016-12-09,1123312.4507490117,370922.16141342674,2.808,2.510536,0.11848625154150327
2016-12-12,1123312.4507490117,370922.16141342674,2.759,2.510052,0.09918041538581668
2016-12-13,1123312.4507490117,370922.16141342674,2.742,2.509696,0.0925626051920232
2016-12-14,1123312.4507490117,370922.16141342674,2.727,2.509304,0.08675553061725472
2016-12-15,1123312.4507490117,370922.16141342674,2.675,2.508844,0.06622811143299456
2016-12-16,1123312.4507490117,370922.16141342674,2.68,2.5084239999999998,0.06839991963081227
2016-12-19,1123312.4507490117,370922.16141342674,2.676,2.5080440000000004,0.06696692721499287
2016-12-20,1123312.4507490117,370922.16141342674,2.655,2.507652,0.0587593493834071
2016-12-21,1123312.4507490117,370922.16141342674,2.682,2.507156,0.06973798200032211
2016-12-22,1123312.4507490117,370922.16141342674,2.687,2.506752,0.07190499897875813
2016-12-23,1123312.4507490117,370922.16141342674,2.659,2.506268,0.06094001120390957
2016-12-26,1123312.4507490117,370922.16141342674,2.669,2.505608,0.06521051976206982
2016-12-27,1123312.4507490117,370922.16141342674,2.668,2.50494,0.06509537154582556
2016-12-28,1123312.4507490117,370922.16141342674,2.656,2.503924,0.060735070233761235
2016-12-29,1123312.4507490117,370922.16141342674,2.657,2.5029160000000004,0.06156179432310149
2016-12-30,1123312.4507490117,370922.16141342674,2.663,2.50186,0.06440808038819101
2017-01-03,1123312.4507490117,370922.16141342674,2.687,2.5010239999999997,0.07435994216768815
2017-01-04,1123312.4507490117,370922.16141342674,2.707,2.500256,0.08268913263281852
2017-01-05,1123312.4507490117,370922.16141342674,2.71,2.4997520000000004,0.08410754346831184
2017-01-06,1123312.4507490117,370922.16141342674,2.709,2.499192,0.08395033274754415
2017-01-09,1123312.4507490117,370922.16141342674,2.72,2.498672,0.08857825276787046
2017-01-10,1123312.4507490117,370922.16141342674,2.711,2.498104,0.08522303314833968
2017-01-11,1123312.4507490117,370922.16141342674,2.694,2.497976,0.07847313184754379
2017-01-12,1123312.4507490117,370922.16141342674,2.686,2.497976,0.07527053902839742
2017-01-13,1123312.4507490117,370922.16141342674,2.695,2.4978399999999996,0.07893219741856972
2017-01-16,1123312.4507490117,370922.16141342674,2.722,2.498348,0.08951995478612274
2017-01-17,1123312.4507490117,370922.16141342674,2.72,2.4987039999999996,0.08856431173920587
2017-01-18,1123312.4507490117,370922.16141342674,2.733,2.4994880000000004,0.09342393322152365
2017-01-19,1123312.4507490117,370922.16141342674,2.725,2.5004239999999998,0.08981516734761796
2017-01-20,1123312.4507490117,370922.16141342674,2.744,2.50152,0.0969330646966644
2017-01-23,1123312.4507490117,370922.16141342674,2.652,2.5021440000000004,0.05989103744628599
2017-01-24,1123312.4507490117,370922.16141342674,2.666,2.503144,0.06506057981482494
2017-01-25,1123312.4507490117,370922.16141342674,2.672,2.504208,0.06700401883549612
2017-01-26,1123312.4507490117,370922.16141342674,2.676,2.505004,0.0682617672466792
2017-02-03,1123312.4507490117,370922.16141342674,2.658,2.506088,0.06061718503101243
2017-02-06,1123312.4507490117,370922.16141342674,2.662,2.5073879999999997,0.061662574759072
2017-02-07,1123312.4507490117,370922.16141342674,2.661,2.508632,0.06073748560968695
2017-02-08,1123312.4507490117,370922.16141342674,2.668,2.509848,0.06301258084154915
2017-02-09,1123312.4507490117,370922.16141342674,2.678,2.5116400000000003,0.06623560701374376
2017-02-10,1123312.4507490117,370922.16141342674,2.694,2.513592,0.07177298463712489
2017-02-13,1123312.4507490117,370922.16141342674,2.704,2.515708,0.07484652431840266
2017-02-14,1123312.4507490117,370922.16141342674,2.7,2.517628,0.07243802499813312
2017-02-15,1123312.4507490117,370922.16141342674,2.705,2.519716,0.0735336839548586
2017-02-16,1123312.4507490117,370922.16141342674,2.717,2.521696,0.07744946258391194
2017-02-17,1123312.4507490117,370922.16141342674,2.699,2.5236479999999997,0.0694835412862651
2017-02-20,1123312.4507490117,370922.16141342674,2.735,2.52566,0.08288526563353749
2017-02-21,1123312.4507490117,370922.16141342674,2.741,2.5276959999999997,0.08438673004981623
2017-02-22,1123312.4507490117,370922.16141342674,2.755,2.529864,0.08899134498929584
2017-02-23,1123312.4507490117,370922.16141342674,2.742,2.531756,0.0830427576749102
2017-02-24,1123312.4507490117,370922.16141342674,2.739,2.53356,0.08108748164637891
2017-02-27,1123312.4507490117,370922.16141342674,2.722,2.53528,0.0736486699693919
2017-02-28,1123312.4507490117,370922.16141342674,2.73,2.537028,0.07606222714136379
2017-03-01,1123312.4507490117,370922.16141342674,2.731,2.5386119999999996,0.07578472015416304
2017-03-02,1123312.4507490117,370922.16141342674,2.715,2.540216,0.06880674714276269
2017-03-03,1123312.4507490117,370922.16141342674,2.712,2.541772,0.06697217531706245
2017-03-06,1123312.4507490117,370922.16141342674,2.721,2.543732,0.06968815897272207
2017-03-07,1123312.4507490117,370922.16141342674,2.718,2.545704,0.0676810815397233
2017-03-08,1123312.4507490117,370922.16141342674,2.713,2.547816,0.06483356725917422
2017-03-09,1123312.4507490117,370922.16141342674,2.694,2.5497639999999997,0.056568372602327166
2017-03-10,1123312.4507490117,370922.16141342674,2.694,2.5512920000000006,0.0559355808743176
2017-03-13,1123312.4507490117,370922.16141342674,2.72,2.552928,0.06544328708056013
2017-03-14,1123312.4507490117,370922.16141342674,2.724,2.554464,0.06636852192867093
2017-03-15,1123312.4507490117,370922.16141342674,2.729,2.555972,0.06769557725984487
2017-03-16,1123312.4507490117,370922.16141342674,2.738,2.55754,0.07055999124158374
2017-03-17,1123312.4507490117,370922.16141342674,2.709,2.5591040000000005,0.05857362576901903
2017-03-20,1123312.4507490117,370922.16141342674,2.728,2.5607919999999997,0.06529542422812962
2017-03-21,1123312.4507490117,370922.16141342674,2.736,2.562504,0.0677056504106921
2017-03-22,1123312.4507490117,370922.16141342674,2.715,2.564048,0.058872532807497935
2017-03-23,1123312.4507490117,370922.16141342674,2.717,2.5656,0.059011537262238845
2017-03-24,1123312.4507490117,370922.16141342674,2.746,2.56722,0.06963953225668229
2017-03-27,1123312.4507490117,370922.16141342674,2.751,2.5687599999999997,0.07094473598156315
2017-03-28,1123312.4507490117,370922.16141342674,2.738,2.570112,0.06532322326809115
2017-03-29,1123312.4507490117,370922.16141342674,2.736,2.5713600000000003,0.06402837408997564
2017-03-30,1123312.4507490117,370922.16141342674,2.73,2.5726080000000002,0.06117993880140293
2017-03-31,1123312.4507490117,370922.16141342674,2.751,2.573976,0.06877453402828926
2017-04-05,1123312.4507490117,370922.16141342674,2.783,2.575592,0.0805282824298259
2017-04-06,1123312.4507490117,370922.16141342674,2.787,2.577212,0.08140114200927218
2017-04-07,1123312.4507490117,370922.16141342674,2.792,2.578848,0.08265396021789573
2017-04-10,1123312.4507490117,370922.16141342674,2.79,2.5806440000000004,0.08112548650646878
2017-04-11,1123312.4507490117,370922.16141342674,2.792,2.5821959999999997,0.08125022267868132
2017-04-12,1123312.4507490117,370922.16141342674,2.78,2.5837000000000003,0.0759763130394393
2017-04-13,1123312.4507490117,370922.16141342674,2.788,2.5852199999999996,0.07843819868328428
2017-04-14,1123312.4507490117,370922.16141342674,2.764,2.5864879999999997,0.06863051365403594
2017-04-17,1123312.4507490117,370922.16141342674,2.754,2.587752,0.06424417795832049
2017-04-18,1123312.4507490117,370922.16141342674,2.74,2.58904,0.05830732626765145
2017-04-19,1123312.4507490117,370922.16141342674,2.722,2.590292,0.05084677712010843
2017-04-20,1123312.4507490117,370922.16141342674,2.73,2.591468,0.05345695953027407
2017-04-21,1123312.4507490117,370922.16141342674,2.749,2.5927640000000003,0.06025847319694333
2017-04-24,1123312.4507490117,370922.16141342674,2.726,2.5938000000000003,0.05096769218906605
2017-04-25,1123312.4507490117,370922.16141342674,2.733,2.594852,0.05323925988842526
2017-04-26,1123312.4507490117,370922.16141342674,2.736,2.595924,0.053959977256653247
2017-04-27,1123312.4507490117,370922.16141342674,2.734,2.5970560000000003,0.05273047635476469
2017-04-28,1123312.4507490117,370922.16141342674,2.72,2.5981520000000002,0.046897949003753325
2017-05-02,1123312.4507490117,370922.16141342674,2.705,2.599336,0.04065038148204003
2017-05-03,1123312.4507490117,370922.16141342674,2.692,2.6004359999999997,0.035211018459981425
2017-05-04,1123312.4507490117,370922.16141342674,2.685,2.601512,0.03209210643656468
2017-05-05,1123312.4507490117,370922.16141342674,2.679,2.6026279999999997,0.029344185953582347
2017-05-08,1123312.4507490117,370922.16141342674,2.679,2.603696,0.028921963239948223
2017-05-09,1123312.4507490117,370922.16141342674,2.683,2.604764,0.03003573452335795
2017-05-10,1123312.4507490117,370922.16141342674,2.665,2.6057840000000003,0.022724830607601998
2017-05-11,1123312.4507490117,370922.16141342674,2.678,2.606872,0.02728480723257598
2017-05-12,1123312.4507490117,370922.16141342674,2.705,2.607964,0.03720756881613396
2017-05-15,1123312.4507490117,370922.16141342674,2.721,2.6091519999999995,0.042867567700157316
2017-05-16,1123312.4507490117,370922.16141342674,2.73,2.6104119999999997,0.04581192547383339
2017-05-17,1123312.4507490117,370922.16141342674,2.723,2.611808,0.04257280780210482
2017-05-18,1123312.4507490117,370922.16141342674,2.707,2.61342,0.03580748597623029
2017-05-19,1123312.4507490117,370922.16141342674,2.712,2.615088,0.03705879113819499
2017-05-22,1123312.4507490117,370922.16141342674,2.71,2.6167439999999997,0.03563818241295302
2017-05-23,1123312.4507490117,370922.16141342674,2.733,2.618456,0.04374486338513983
2017-05-24,1123312.4507490117,370922.16141342674,2.73,2.620152,0.041924285308638565
2017-05-25,1123312.4507490117,370922.16141342674,2.78,2.6220079999999997,0.060256109058401064
2017-05-26,1123312.4507490117,370922.16141342674,2.787,2.623884,0.06216585794189067
2017-05-31,1123312.4507490117,370922.16141342674,2.8,2.625884,0.06630757489668238
2017-06-01,1123312.4507490117,370922.16141342674,2.807,2.627944,0.06813539405710323
2017-06-02,1123312.4507490117,370922.16141342674,2.808,2.63,0.06768060836501899
2017-06-05,1123312.4507490117,370922.16141342674,2.784,2.6319160000000004,0.05778451895881154
2017-06-06,1123312.4507490117,370922.16141342674,2.792,2.633888,0.060029887375621094
2017-06-07,1123312.4507490117,370922.16141342674,2.817,2.635968,0.06867761672372352
2017-06-08,1123312.4507490117,370922.16141342674,2.848,2.638172,0.07953537525225807
2017-06-09,1123312.4507490117,370922.16141342674,2.852,2.6403719999999997,0.08015082723192046
2017-06-12,1123312.4507490117,370922.16141342674,2.857,2.642556,0.08115021971152192
2017-06-13,1123312.4507490117,370922.16141342674,2.865,2.644508,0.08337732387272045
2017-06-14,1123312.4507490117,370922.16141342674,2.829,2.6463400000000004,0.06902363263979683
2017-06-15,1123312.4507490117,370922.16141342674,2.814,2.6481120000000002,0.0626438760898329
2017-06-16,1123312.4507490117,370922.16141342674,2.804,2.6498280000000003,0.0581818895415096
2017-06-19,1123312.4507490117,370922.16141342674,2.821,2.6516079999999995,0.06388274586590503
2017-06-20,1123312.4507490117,370922.16141342674,2.81,2.653344,0.0590409686795228
2017-06-21,1123312.4507490117,370922.16141342674,2.842,2.655256,0.07032994182105234
2017-06-22,1123312.4507490117,370922.16141342674,2.851,2.657412,0.07284832009488929
2017-06-23,1123312.4507490117,370922.16141342674,2.872,2.6596279999999997,0.0798502647738708
2017-06-26,1123312.4507490117,370922.16141342674,2.896,2.6618600000000003,0.08796104979225028
2017-06-27,1123312.4507490117,370922.16141342674,2.897,2.664164,0.0873955206961734
2017-06-28,1123312.4507490117,370922.16141342674,2.889,2.666384,0.08348984992409192
2017-06-29,1123312.4507490117,370922.16141342674,2.903,2.668636,0.08782164371611567
2017-06-30,1123312.4507490117,370922.16141342674,2.911,2.6709199999999997,0.08988663082383619
2017-07-03,1123312.4507490117,370922.16141342674,2.913,2.6730919999999996,0.089749249184091
2017-07-04,1123312.4507490117,370922.16141342674,2.899,2.675296,0.08361841082257815
2017-07-05,1123312.4507490117,370922.16141342674,2.916,2.677652,0.08901380761951128
2017-07-06,1123312.4507490117,370922.16141342674,2.928,2.6799720000000002,0.09254872812103998
2017-07-07,1123312.4507490117,370922.16141342674,2.939,2.682352,0.0956802090105997
2017-07-10,1123312.4507490117,370922.16141342674,2.938,2.684672,0.0943608753695051
2017-07-11,1123312.4507490117,370922.16141342674,2.955,2.6870279999999998,0.09972802665249492
2017-07-12,1123312.4507490117,370922.16141342674,2.938,2.689292,0.09248084625990782
2017-07-13,1123312.4507490117,370922.16141342674,2.963,2.6915,0.10087311907858076
2017-07-14,1123312.4507490117,370922.16141342674,2.992,2.693772,0.11071018631123941
2017-07-17,1123312.4507490117,370922.16141342674,2.975,2.6960080000000004,0.10348337245290051
2017-07-18,1123312.4507490117,370922.16141342674,2.975,2.698236,0.10257219902187953
2017-07-19,1123312.4507490117,370922.16141342674,3.004,2.70062,0.11233716702090635
2017-07-20,1123312.4507490117,370922.16141342674,3.019,2.703024,0.11689722325809915
2017-07-21,1123312.4507490117,370922.16141342674,3.02,2.7051999999999996,0.11636847552861163
2017-07-24,1123312.4507490117,370922.16141342674,3.034,2.707372,0.12064393071953172
2017-07-25,1123312.4507490117,370922.16141342674,3.02,2.70952,0.1145885618116862
2017-07-26,1123312.4507490117,370922.16141342674,3.005,2.7115800000000005,0.10820997352097272
2017-07-27,1123312.4507490117,370922.16141342674,3.005,2.713604,0.1073833912391049
2017-07-28,1123312.4507490117,370922.16141342674,3.003,2.7156759999999998,0.10580201761918584
2017-07-31,1123312.4507490117,370922.16141342674,3.007,2.71776,0.10642588013658294
2017-08-01,1123312.4507490117,370922.16141342674,3.026,2.719852,0.11256053638212671
2017-08-02,1123312.4507490117,370922.16141342674,3.02,2.7219879999999996,0.10948321594364141
2017-08-03,1123312.4507490117,370922.16141342674,2.997,2.724012,0.1002154175532266
2017-08-04,1123312.4507490117,370922.16141342674,2.985,2.725872,0.09506242406099785
2017-08-07,1123312.4507490117,370922.16141342674,2.994,2.7278559999999996,0.09756526737481774
2017-08-08,1123312.4507490117,370922.16141342674,2.98,2.729712,0.09169025889910731
2017-08-09,1123312.4507490117,370922.16141342674,2.975,2.7315120000000004,0.08914037353670778
2017-08-10,1123312.4507490117,370922.16141342674,2.967,2.733344,0.08548356884460939
2017-08-11,1123312.4507490117,370922.16141342674,2.92,2.73498,0.06764948921015868
2017-08-14,1123312.4507490117,370922.16141342674,2.933,2.73668,0.07173655670374335
2017-08-15,1123312.4507490117,370922.16141342674,2.95,2.738448,0.07725251675401545
2017-08-16,1123312.4507490117,370922.16141342674,2.943,2.74014,0.07403271365696651
2017-08-17,1123312.4507490117,370922.16141342674,2.957,2.74184,0.07847285034867091
2017-08-18,1123312.4507490117,370922.16141342674,2.961,2.743456,0.0792956037931718
2017-08-21,1123312.4507490117,370922.16141342674,2.97,2.74512,0.08191991606924298
2017-08-22,1123312.4507490117,370922.16141342674,2.973,2.746832,0.0823377621929553
2017-08-23,1123312.4507490117,370922.16141342674,2.984,2.7483760000000004,0.08573208323751902
2017-08-24,1123312.4507490117,370922.16141342674,2.978,2.74966,0.08304299440658136
2017-08-25,1123312.4507490117,370922.16141342674,3.028,2.7512399999999997,0.10059464096189363
2017-08-28,1123312.4507490117,370922.16141342674,3.037,2.752812,0.10323552788930002
2017-08-29,1123312.4507490117,370922.16141342674,3.039,2.754444,0.10330796342201931
2017-08-30,1123312.4507490117,370922.16141342674,3.032,2.7560080000000005,0.10014194443557467
2017-08-31,1123312.4507490117,370922.16141342674,3.015,2.757552,0.09336106807777345
2017-09-01,1123312.4507490117,370922.16141342674,3.014,2.7591040000000002,0.0923836143907586
2017-09-04,1123312.4507490117,370922.16141342674,3.018,2.7607,0.09320099974644114
2017-09-05,1123312.4507490117,370922.16141342674,3.026,2.7623800000000003,0.09543219976976358
2017-09-06,1123312.4507490117,370922.16141342674,3.023,2.7640599999999997,0.09368103442038178
2017-09-07,1123312.4507490117,370922.16141342674,3.013,2.765684,0.08942308665776721
2017-09-08,1123312.4507490117,370922.16141342674,3.015,2.767328,0.0894986065981338
2017-09-11,1123312.4507490117,370922.16141342674,3.019,2.7689359999999996,0.0903105019400956
2017-09-12,1123312.4507490117,370922.16141342674,3.025,2.7706280000000003,0.09181023219284556
2017-09-13,1123312.4507490117,370922.16141342674,3.024,2.772288,0.09079576147932689
2017-09-14,1123312.4507490117,370922.16141342674,3.006,2.7738240000000003,0.08370249878867564
2017-09-15,1123312.4507490117,370922.16141342674,2.997,2.775288,0.07988792514506593
2017-09-18,1123312.4507490117,370922.16141342674,3.01,2.776776,0.0839909304891715
2017-09-19,1123312.4507490117,370922.16141342674,3.004,2.778244,0.08125852156973967
2017-09-20,1123312.4507490117,370922.16141342674,3.02,2.779804,0.0864075308906671
2017-09-21,1123312.4507490117,370922.16141342674,3.029,2.7816439999999996,0.08892439147496956
2017-09-22,1123312.4507490117,370922.16141342674,3.033,2.7835039999999998,0.08963378532957034
2017-09-25,1123312.4507490117,370922.16141342674,3.03,2.7853959999999995,0.08781659771177974
2017-09-26,1123312.4507490117,370922.16141342674,3.026,2.787216,0.08567114999339842
2017-09-27,1123312.4507490117,370922.16141342674,3.03,2.789044,0.0863937607294829
2017-09-28,1123312.4507490117,370922.16141342674,3.026,2.790832,0.08426447740315424
2017-09-29,1123312.4507490117,370922.16141342674,3.036,2.792576,0.08716826328092764
2017-10-09,1123312.4507490117,370922.16141342674,3.058,2.794444,0.09431428935416131
2017-10-10,1123312.4507490117,370922.16141342674,3.05,2.796416,0.09068178697303986
2017-10-11,1123312.4507490117,370922.16141342674,3.062,2.798448,0.09417791575902057
2017-10-12,1123312.4507490117,370922.16141342674,3.068,2.8005159999999996,0.09551239842943238
2017-10-13,1123312.4507490117,370922.16141342674,3.069,2.8025480000000003,0.09507491040296179
2017-10-16,1123312.4507490117,370922.16141342674,3.065,2.804528,0.09287552129984089
2017-10-17,1123312.4507490117,370922.16141342674,3.061,2.8063719999999996,0.09073209111265368
2017-10-18,1123312.4507490117,370922.16141342674,3.076,2.80826,0.09534017505501624
2017-10-19,1123312.4507490117,370922.16141342674,3.083,2.810204,0.09707337972616936
2017-10-20,1123312.4507490117,370922.16141342674,3.093,2.81214,0.09987411722033768
2017-10-23,1123312.4507490117,370922.16141342674,3.089,2.81406,0.09770225226185647
2017-10-24,1123312.4507490117,370922.16141342674,3.106,2.8161080000000003,0.10294065426468002
2017-10-25,1123312.4507490117,370922.16141342674,3.111,2.8180520000000002,0.10395407891692554
2017-10-26,1123312.4507490117,370922.16141342674,3.104,2.819964,0.10072327164460249
2017-10-27,1123312.4507490117,370922.16141342674,3.119,2.8219399999999997,0.10526800711567241
2017-10-30,1123312.4507490117,370922.16141342674,3.112,2.8238160000000003,0.10205480810364409
2017-10-31,1123312.4507490117,370922.16141342674,3.1,2.8255,0.09715094673509128
2017-11-01,1123312.4507490117,370922.16141342674,3.075,2.8270839999999997,0.08769318492128297
2017-11-02,1123312.4507490117,370922.16141342674,3.072,2.82874,0.0859958850937168
2017-11-03,1123312.4507490117,370922.16141342674,3.063,2.8303599999999998,0.08219449116013533
2017-11-06,1123312.4507490117,370922.16141342674,3.075,2.83206,0.0857820808881169
2017-11-07,1123312.4507490117,370922.16141342674,3.093,2.833856,0.09144571918968358
2017-11-08,1123312.4507490117,370922.16141342674,3.101,2.835632,0.09358337047966736
2017-11-09,1123312.4507490117,370922.16141342674,3.117,2.8375440000000003,0.09848516886434178
2017-11-10,1123312.4507490117,370922.16141342674,3.136,2.839464,0.10443379454713986
2017-11-13,1123312.4507490117,370922.16141342674,3.159,2.841488,0.11174145377351574
2017-11-14,1123312.4507490117,370922.16141342674,3.143,2.8434,0.105366814377154
2017-11-15,1123312.4507490117,370922.16141342674,3.124,2.845188,0.09799422744648156
2017-11-16,1123312.4507490117,370922.16141342674,3.123,2.8470479999999996,0.09692565773390571
2017-11-17,1123312.4507490117,370922.16141342674,3.158,2.848916,0.10849179126376485
2017-11-20,1123312.4507490117,370922.16141342674,3.181,2.850808,0.11582400498385037
2017-11-21,1123312.4507490117,370922.16141342674,3.207,2.85278,0.1241666024018675
2017-11-22,1123312.4507490117,370922.16141342674,3.221,2.854844,0.12825779622284106
2017-11-23,1123312.4507490117,370922.16141342674,3.155,2.85662,0.10445211473699678
2017-11-24,1123312.4507490117,370922.16141342674,3.15,2.8583600000000002,0.10203053499209336
2017-11-27,1123312.4507490117,370922.16141342674,3.121,2.860016,0.0912526363488877
2017-11-28,1123312.4507490117,370922.16141342674,3.113,2.8615399999999998,0.08787575920658108
2017-11-29,1123312.4507490117,370922.16141342674,3.112,2.8629520000000004,0.08698993207011485
2017-11-30,1123312.4507490117,370922.16141342674,3.093,2.864268,0.07985705248251906
2017-12-01,1123312.4507490117,370922.16141342674,3.09,2.865548,0.07832777535047386
2017-12-04,1123312.4507490117,370922.16141342674,3.089,2.8667040000000004,0.077544106402335
2017-12-05,1123312.4507490117,370922.16141342674,3.124,2.8679200000000002,0.08929119361767412
2017-12-06,1123312.4507490117,370922.16141342674,3.096,2.8689759999999995,0.07913067240715876
2017-12-07,1123312.4507490117,370922.16141342674,3.071,2.870076,0.07000650853844981
2017-12-08,1123312.4507490117,370922.16141342674,3.067,2.871032,0.0682569891244682
2017-12-11,1123312.4507490117,370922.16141342674,3.097,2.872188,0.07827203511747838
2017-12-12,1123312.4507490117,370922.16141342674,3.055,2.87332,0.0632299917865049
2017-12-13,1123312.4507490117,370922.16141342674,3.068,2.8745320000000003,0.06730417334021666
2017-12-14,1123312.4507490117,370922.16141342674,3.056,2.8756479999999995,0.06271699456957203
2017-12-15,1123312.4507490117,370922.16141342674,3.032,2.87664,0.054007453139774064
2017-12-18,1123312.4507490117,370922.16141342674,3.036,2.877552,0.05506347061669081
2017-12-19,1123312.4507490117,370922.16141342674,3.061,2.8787599999999998,0.06330503411190946
2017-12-20,1123312.4507490117,370922.16141342674,3.062,2.88004,0.06317967806002689
2017-12-21,1123312.4507490117,370922.16141342674,3.069,2.881408,0.06510428235085075
2017-12-22,1123312.4507490117,370922.16141342674,3.067,2.8829759999999998,0.06383126325019717
2017-12-25,1123312.4507490117,370922.16141342674,3.07,2.884536,0.06429595609137806
2017-12-26,1123312.4507490117,370922.16141342674,3.089,2.8861879999999998,0.07026985075123315
2017-12-27,1123312.4507490117,370922.16141342674,3.07,2.887848,0.06307534191550235
2017-12-28,1123312.4507490117,370922.16141342674,3.086,2.889464,0.06801815146338552
2017-12-29,1123312.4507490117,370922.16141342674,3.102,2.8911239999999996,0.0729391060362683
2018-01-02,1123312.4507490117,370922.16141342674,3.147,2.893076,0.08776955738459669
2018-01-03,1123312.4507490117,370922.16141342674,3.162,2.8950479999999996,0.09220987009541814
2018-01-04,1123312.4507490117,370922.16141342674,3.163,2.8970279999999997,0.0918085707145393
2018-01-05,1123312.4507490117,370922.16141342674,3.195,2.899184,0.10203422756196212
2018-01-08,1123312.4507490117,370922.16141342674,3.217,2.901424,0.10876590253613405
2018-01-09,1123312.4507490117,370922.16141342674,3.216,2.903636,0.10757684503153975
2018-01-10,1123312.4507490117,370922.16141342674,3.226,2.905792,0.11019646278880257
2018-01-11,1123312.4507490117,370922.16141342674,3.218,2.9078359999999996,0.10666488756587378
2018-01-12,1123312.4507490117,370922.16141342674,3.226,2.9099,0.10862916251417576
2018-01-15,1123312.4507490117,370922.16141342674,3.221,2.9119479999999998,0.10613238972673966
2018-01-16,1123312.4507490117,370922.16141342674,3.244,2.914044,0.11322958747362777
2018-01-17,1123312.4507490117,370922.16141342674,3.254,2.916216,0.11582955446372978
2018-01-18,1123312.4507490117,370922.16141342674,3.282,2.918568,0.12452408167293005
2018-01-19,1123312.4507490117,370922.16141342674,3.298,2.921016,0.12905920405776627
2018-01-22,1123312.4507490117,370922.16141342674,3.319,2.923512,0.13527839119524732
2018-01-23,1123312.4507490117,370922.16141342674,3.259,2.92566,0.11393668437207327
2018-01-24,1123312.4507490117,370922.16141342674,3.269,2.9278560000000002,0.11651665928925459
2018-01-25,1123312.4507490117,370922.16141342674,3.255,2.929944,0.11094273474168781
2018-01-26,1123312.4507490117,370922.16141342674,3.291,2.932208,0.12236239721056608
2018-01-29,1123312.4507490117,370922.16141342674,3.259,2.934268,0.11066882779623399
2018-01-30,1123312.4507490117,370922.16141342674,3.228,2.936572,0.09924088358807492
2018-01-31,1123312.4507490117,370922.16141342674,3.225,2.938808,0.09738370114685968
2018-02-01,1123312.4507490117,370922.16141342674,3.222,2.9410079999999996,0.09554275268887413
2018-02-02,1123312.4507490117,370922.16141342674,3.253,2.943316,0.10521602165720578
2018-02-05,1123312.4507490117,370922.16141342674,3.303,2.945896,0.12122084418458767
2018-02-06,1123312.4507490117,370922.16141342674,3.215,2.9481080000000004,0.09052992631206158
2018-02-07,1123312.4507490117,370922.16141342674,3.152,2.9500719999999996,0.06844849888409521
2018-02-08,1123312.4507490117,370922.16141342674,3.094,2.9517759999999997,0.048182517914638456
2018-02-09,1123312.4507490117,370922.16141342674,2.978,2.9529759999999996,0.00847416301385473
2018-02-12,1123312.4507490117,370922.16141342674,2.984,2.954136,0.010109216366477325
2018-02-13,1123312.4507490117,370922.16141342674,3.023,2.955412,0.022869231091976472
2018-02-14,1123312.4507490117,370922.16141342674,3.032,2.9567400000000004,0.025453709152647663
2018-02-22,1123312.4507490117,370922.16141342674,3.09,2.95828,0.04452587314250178
2018-02-23,1123312.4507490117,370922.16141342674,3.104,2.959828,0.04870958717871443
2018-02-26,1123312.4507490117,370922.16141342674,3.123,2.9615240000000003,0.054524629886504306
2018-02-27,1123312.4507490117,370922.16141342674,3.084,2.96292,0.04086509254384185
2018-02-28,1123312.4507490117,370922.16141342674,3.056,2.9641800000000003,0.030976526391784498
2018-03-01,1123312.4507490117,370922.16141342674,3.05,2.96536,0.028542908786791443
2018-03-02,1123312.4507490117,370922.16141342674,3.048,2.9665839999999997,0.02744436024734176
2018-03-05,1123312.4507490117,370922.16141342674,3.05,2.967828,0.02768758836428531
2018-03-06,1123312.4507490117,370922.16141342674,3.075,2.9692399999999997,0.035618542118522
2018-03-07,1123312.4507490117,370922.16141342674,3.071,2.9706040000000002,0.03379649391167594
2018-03-08,1123312.4507490117,370922.16141342674,3.084,2.972016,0.03767947413472883
2018-03-09,1123312.4507490117,370922.16141342674,3.086,2.9735,0.03783420211871524
2018-03-12,1123312.4507490117,370922.16141342674,3.092,2.9750199999999998,0.039320744062224966
2018-03-13,1123312.4507490117,370922.16141342674,3.08,2.976456,0.03478768038230706
2018-03-14,1123312.4507490117,370922.16141342674,3.072,2.9778719999999996,0.031609149083640986
2018-03-15,1123312.4507490117,370922.16141342674,3.066,2.9792840000000003,0.029106322190163736
2018-03-16,1123312.4507490117,370922.16141342674,3.049,2.9807040000000002,0.022912707870355264
2018-03-19,1123312.4507490117,370922.16141342674,3.034,2.982064,0.017416125207238897
2018-03-20,1123312.4507490117,370922.16141342674,3.04,2.983344,0.018990770088866737
2018-03-21,1123312.4507490117,370922.16141342674,3.03,2.984568,0.015222303529355052
2018-03-22,1123312.4507490117,370922.16141342674,3.01,2.985692,0.008141496175760876
2018-03-23,1123200.1195039367,370922.16141342674,2.943,2.9865120000000003,-0.01456950449219696
2018-03-26,1111750.5770013481,370922.16141342674,2.913,2.9873279999999998,-0.024881097756925263
2018-03-27,1111750.5770013481,370922.16141342674,2.913,2.9880679999999997,-0.02512258757163488
2018-03-28,1098011.1259982418,370922.16141342674,2.877,2.988632,-0.03735220662831695
2018-03-29,1117475.3482526424,370922.16141342674,2.928,2.989484,-0.020566760016109797
2018-03-30,1114803.7883353718,370922.16141342674,2.921,2.9902999999999995,-0.02317493228104195
2018-04-02,1108697.3656673245,370922.16141342674,2.905,2.990936,-0.028732142713852826
2018-04-03,1093431.3089972066,370922.16141342674,2.865,2.9913920000000003,-0.042251901455910845
2018-04-04,1093812.9604139596,370922.16141342674,2.866,2.991904,-0.042081564114356595
2018-04-09,1093049.6575804537,370922.16141342674,2.864,2.9924159999999995,-0.042913819468950676
2018-04-10,1112895.531251607,370922.16141342674,2.916,2.99316,-0.02577877560838715
2018-04-11,1121291.8624201722,370922.16141342674,2.938,2.993908,-0.01867392050791128
2018-04-12,1109842.3199175834,370922.16141342674,2.908,2.994408,-0.028856455098971168
2018-04-13,1104880.8514997952,370922.16141342674,2.895,2.99484,-0.033337340225187306
2018-04-16,1084653.3264118887,370885.0691972854,2.842,2.99504,-0.05109781505422295
2018-04-17,1075493.6924098178,367753.03483390226,2.818,2.9951519999999996,-0.05914624700182147
2018-04-18,1076256.9952433237,368014.0376975175,2.82,2.995264,-0.058513706972073365
2018-04-19,1083126.720744877,370363.0634700549,2.838,2.9954959999999997,-0.05257760317489979
2018-04-20,1069768.9211585235,365795.5133567878,2.803,2.995556,-0.0642805542610454
2018-04-23,1069768.9211585235,365795.5133567878,2.803,2.995712,-0.06432928131943261
2018-04-24,1091141.400496689,373103.5935380151,2.859,2.9961320000000002,-0.04576967903950835
2018-04-25,1084271.6749951357,370754.5677654778,2.841,2.996536,-0.05190526661451744
2018-04-26,1069005.6183250176,365534.51049317257,2.801,2.9968520000000005,-0.0653525766370846
2018-04-27,1070913.8754087824,366187.0176522107,2.806,2.997156,-0.0637791292812252
2018-05-02,1075493.6924098178,367753.03483390226,2.818,2.997432,-0.05986190846030859
2018-05-03,1081981.766494618,369971.559174632,2.835,2.997868,-0.0543279423910592
2018-05-04,1081600.115077865,369841.05774282437,2.834,2.998272,-0.0547888917349727
2018-05-07,1093431.3089972066,373886.60212886095,2.865,2.9987880000000002,-0.04461402406572257
2018-05-08,1102972.5944160304,377149.13792405167,2.89,2.9994120000000004,-0.0364778163186652
2018-05-09,1100682.6859155127,376366.12933320587,2.884,3.0000679999999997,-0.0386884563949883
2018-05-10,1108697.3656673245,379106.6594011661,2.905,3.000868,-0.031946756738383764
2018-05-11,1106407.457166807,378323.65081032034,2.899,3.0016960000000004,-0.03421265844375987
2018-05-14,1108697.3656673245,379106.6594011661,2.905,3.002576,-0.03249742887440654
2018-05-15,1112513.8798348543,380411.67371924245,2.915,3.00352,-0.029472086085659432
2018-05-16,1108315.7142505716,378976.1579693585,2.904,3.00442,-0.033424088509595884
2018-05-17,1106025.805750054,378193.1493785127,2.898,3.0052800000000004,-0.035697172975563074
2018-05-18,1117475.3482526424,382108.19233274163,2.928,3.006332,-0.02605567182866031
2018-05-21,1120910.211003419,383282.70521901024,2.937,3.007368,-0.023398533202454885
2018-05-22,1115567.091168878,381455.6851737035,2.923,3.0082400000000002,-0.028335505145866136
2018-05-23,1106789.1085835597,378454.1522421279,2.9,3.008956,-0.03621056605679851
2018-05-24,1098011.1259982418,375452.6193105524,2.877,3.0095440000000004,-0.04404122352090567
2018-05-25,1099537.7316652536,375974.62503778294,2.881,3.010176,-0.042913105413105446
2018-05-28,1097629.474581489,375322.11787874484,2.876,3.010852,-0.04478865118577735
2018-05-29,1096484.5203312302,374930.613583322,2.873,3.011496,-0.04598910309029136
2018-05-30,1081600.115077865,369841.05774282437,2.834,3.0119920000000002,-0.05909444646599327
2018-05-31,1097247.8231647362,375191.6164469372,2.875,3.01256,-0.045662161085588404
2018-06-01,1093049.6575804537,373756.10069705325,2.864,3.013096,-0.04948265836866805
2018-06-04,1099537.7316652536,375974.62503778294,2.881,3.0135,-0.04396880703500927
2018-06-05,1104880.8514997952,377801.6450830898,2.895,3.0139319999999996,-0.03946074430345459
2018-06-06,1102209.2915825245,376888.1350604364,2.888,3.014284,-0.04189518970342543
2018-06-07,1098392.777414995,375583.12074236013,2.878,3.0145679999999997,-0.04530267686779654
2018-06-08,1085416.6292453946,371146.0720609006,2.844,3.014712,-0.056626304602230615
2018-06-11,1083890.0235783828,370624.0663336701,2.84,3.014936,-0.05802312221552963
2018-06-12,1091523.0519134419,373234.09496982273,2.86,3.015208,-0.051475055783879564
2018-06-13,1090378.097663183,372842.59067439986,2.857,3.015368,-0.052520289397512965
2018-06-14,1089614.794829677,372581.5878107846,2.855,3.015396,-0.053192350192147186
2018-06-15,1088851.4919961712,372320.58494716935,2.853,3.0154,-0.05385686807720369
2018-06-19,1063280.8470737233,363576.9890160581,2.786,3.015116,-0.07598911617330806
2018-06-20,1061372.5899899588,362924.48185701994,2.781,3.0147799999999996,-0.07754463012226409
2018-06-21,1053739.5616548997,360314.4532208674,2.761,3.0145079999999997,-0.08409597851457007
2018-06-22,1051831.3045711347,359661.94606182916,2.756,3.014276,-0.08568425718149242
2018-06-25,1044198.2762360759,357051.9174256766,2.736,3.014004,-0.09223743565038389
2018-06-26,1031603.7794832283,352745.3701760248,2.703,3.013532,-0.10304586113570402
2018-06-27,1019390.9341471338,348569.3243581806,2.671,3.0129759999999997,-0.11350107003839394
2018-06-28,1009086.3458948043,345045.7856993746,2.644,3.0121839999999995,-0.12223157682266406
2018-06-29,1026642.3110654401,351048.8515625256,2.69,3.01154,-0.10676929411530323
2018-07-02,998018.4548089687,341261.24417695333,2.615,3.0105120000000003,-0.13137698836609857
2018-07-03,999926.7118927335,341913.7513359915,2.62,3.009408,-0.12939687805707967
2018-07-04,997255.1519754628,341000.24131333805,2.613,3.008272,-0.13139503342782832
2018-07-05,991912.0321409215,339173.2212680313,2.599,3.0071120000000002,-0.1357155968916356
2018-07-06,998400.1062257217,341391.745608761,2.616,3.005964,-0.1297300965680228
2018-07-09,1019390.9341471338,348569.3243581806,2.671,3.0050040000000005,-0.11114926968483252
2018-07-10,1023207.4483146635,349874.33867625694,2.681,3.004076,-0.10754588099635298
2018-07-11,1008704.6944780513,344915.2842675669,2.643,3.0030520000000003,-0.11989535978730981
2018-07-12,1025879.0082319342,350787.8486989103,2.688,3.00214,-0.10463869106703871
2018-07-13,1024734.0539816753,350396.34440348746,2.685,3.0011680000000003,-0.10534831772163378
2018-07-16,1020917.5398141457,349091.3300854111,2.675,3.000112,-0.10836662097948357
2018-07-17,1015956.0713963574,347394.8114719119,2.662,2.9990080000000003,-0.11237315805759784
2018-07-18,1021299.1912308987,349221.8315172188,2.676,2.997892,-0.10737278060717315
2018-07-19,1017101.0256466162,347786.31576733483,2.665,2.9968000000000004,-0.11071809930592647
2018-07-20,1042671.6705690641,356529.9116984461,2.732,2.995876,-0.08807974695881937
2018-07-23,1056792.7729889234,361358.4646753284,2.769,2.994984,-0.07545415935444066
2018-07-24,1065189.104157488,364229.49617509625,2.791,2.994248,-0.0678794809247597
2018-07-25,1064807.4527407351,364098.9947432886,2.79,2.9935080000000003,-0.06798311546185953
2018-07-26,1058319.3786559352,361880.4704025589,2.773,2.992584,-0.0733760522678728
2018-07-27,1055266.1673219115,360836.4589480979,2.765,2.991568,-0.07573553400758393
2018-07-30,1057174.424405676,361488.96610713605,2.77,2.990568,-0.07375455097493189
2018-07-31,1063662.4984904763,363707.49044786574,2.787,2.98958,-0.06776202677299159
2018-08-01,1044198.2762360759,357051.9174256766,2.736,2.9884440000000003,-0.08447339150407374
2018-08-02,1022444.1454811575,349613.33581264166,2.679,2.9871399999999997,-0.10315552669108241
2018-08-03,1017482.6770633692,347916.8171991425,2.666,2.9857839999999998,-0.1071021882359876
2018-08-06,1011376.254395322,345828.79429022036,2.65,2.9843720000000005,-0.1120409922087463
2018-08-07,1032748.7337334872,353136.87447144766,2.706,2.9831679999999996,-0.09291062387368054
2018-08-08,1019390.9341471338,348569.3243581806,2.671,2.981748,-0.10421672119843806
2018-08-09,1036183.5964842638,354311.38735771633,2.715,2.980528,-0.08908757106123488
2018-08-10,1032367.0823167344,353006.3730396401,2.705,2.97936,-0.09208689114440671
2018-08-13,1024352.4025649223,350265.8429716798,2.684,2.9781560000000002,-0.09877118592847389
2018-08-14,1022062.4940644046,349482.834380834,2.678,2.9768920000000003,-0.10040404556161264
2018-08-15,1004506.5288937689,343479.768517683,2.632,2.9755,-0.11544278272559227
2018-08-16,1000690.0147262393,342174.7541996067,2.622,2.9740879999999996,-0.11838519909296552
2018-08-17,991148.7293074155,338912.218404416,2.597,2.972608,-0.12635638469653587
2018-08-20,1001071.6661429923,342305.2556314144,2.623,2.97142,-0.11725706901077593
2018-08-21,1010994.602978569,345698.2928584127,2.649,2.970284,-0.10816608782190518
2018-08-22,1006796.4373942865,344262.7771085288,2.638,2.969036,-0.11149612197359682
2018-08-23,1010231.3001450631,345437.28999479744,2.647,2.9678519999999997,-0.10810916447316099
2018-08-24,1014047.8143125926,346742.3043128738,2.657,2.966652,-0.10437759467574892
2018-08-27,1033893.6879837462,353528.3787668706,2.709,2.965644,-0.08653904514500055
2018-08-28,1033130.3851502402,353267.3759032553,2.707,2.964592,-0.08688952813743012
2018-08-29,1031985.4308999814,352875.87160783244,2.704,2.9635160000000003,-0.08757030500257124
2018-08-30,1025115.7053984283,350526.84583529504,2.686,2.962324,-0.09327946571678192
2018-08-31,1021299.1912308987,349221.8315172188,2.676,2.961116,-0.09628667029592897
2018-09-03,1019772.5855638869,348699.8257899883,2.672,2.959692,-0.09720335764667398
2018-09-04,1028932.2195659578,351831.8601533714,2.696,2.958328,-0.08867441338485782
2018-09-05,1015192.7685628516,347133.8086082967,2.66,2.9568119999999998,-0.10038243892408438
2018-09-06,1005651.4831440276,343871.2728131059,2.635,2.955224,-0.10835862188450018
2018-09-07,1010231.3001450631,345437.28999479744,2.647,2.953752,-0.1038516436044733
2018-09-10,1005651.4831440276,343871.2728131059,2.635,2.952236,-0.10745617897756155
2018-09-11,1001453.3175597453,342435.757063222,2.624,2.9506600000000005,-0.11070743494675783
2018-09-12,999926.7118927335,341913.7513359915,2.62,2.949036,-0.11157408726105744
2018-09-13,1010994.602978569,345698.2928584127,2.649,2.94754,-0.10128446094030952
2018-09-14,1012139.557228828,346089.79715383565,2.652,2.946096,-0.09982566759535316
2018-09-17,1006796.4373942865,344262.7771085288,2.638,2.944588,-0.10411915011539818
2018-09-18,1021299.1912308987,349221.8315172188,2.676,2.9432160000000005,-0.09079048224799002
2018-09-19,1034656.990817252,353789.3816304858,2.711,2.9419599999999995,-0.07850548613849262
2018-09-20,1031222.1280664754,352614.86874421715,2.702,2.9406719999999997,-0.08116240097501515
2018-09-21,1060227.6357396997,362532.9775615971,2.778,2.9397599999999997,-0.05502489999183602
2018-09-25,1051449.6531543818,359531.4446300216,2.755,2.938792,-0.06253998241454306
2018-09-26,1059082.6814894408,362141.47326617414,2.775,2.9378520000000004,-0.05543233627834232
2018-09-27,1060609.2871564527,362663.47899340466,2.779,2.9369520000000002,-0.053780926620523695
2018-09-28,1069005.6183250176,365534.51049317257,2.801,2.936076,-0.04600562110790041
2018-10-08,1033130.3851502402,353267.3759032553,2.707,2.934788,-0.07761650926744978
2018-10-09,1030077.1738162165,352223.3644487942,2.699,2.9334520000000004,-0.07992358490951978
2018-10-10,1033893.6879837462,353528.3787668706,2.709,2.9321680000000003,-0.07611023652123627
2018-10-11,991530.3807241684,339042.7198362236,2.598,2.930456,-0.11344855544666088
2018-10-12,997636.8033922156,341130.7427451457,2.614,2.928792,-0.10748185600069937
2018-10-15,982752.3981388507,336041.18690464814,2.575,2.926988,-0.12025604478050467
2018-10-16,974737.7183870386,333300.6568366878,2.554,2.9250599999999998,-0.1268555174936582
2018-10-17,982370.7467220976,335910.68547284044,2.574,2.9231239999999996,-0.11943523435885706
2018-10-18,965578.0843849677,330168.62247330474,2.53,2.921044,-0.13387131450262313
2018-10-19,987332.2151398861,337607.2040863397,2.587,2.919144,-0.1137813002715865
2018-10-22,1020917.5398141457,349091.3300854111,2.675,2.9175720000000003,-0.08314173566239336
2018-10-23,996873.5005587098,340869.73988153046,2.612,2.9157439999999997,-0.10417375462317668
2018-10-24,1001453.3175597453,342435.757063222,2.624,2.91398,-0.09951338032519097
2018-10-25,1000308.3633094864,342044.2527677991,2.621,2.9122199999999996,-0.09999931323869748
2018-10-26,1001834.9689764981,342566.25849502964,2.625,2.9104159999999997,-0.09806708044485724
2018-10-29,982370.7467220976,335910.68547284044,2.574,2.90838,-0.11497122109215452
2018-10-30,987713.866556639,337737.7055181473,2.588,2.9063600000000003,-0.10953907981117283
2018-10-31,998400.1062257217,341391.745608761,2.616,2.904468,-0.09931870483682381
2018-11-01,997255.1519754628,341000.24131333805,2.613,2.902496,-0.09974036139929221
2018-11-02,1020917.5398141457,349091.3300854111,2.675,2.9007519999999998,-0.07782533632658017
2018-11-05,1015192.7685628516,347133.8086082967,2.66,2.8989759999999998,-0.08243462519179179
2018-11-06,1013666.1628958398,346611.80288106616,2.656,2.8971240000000003,-0.08322874685377635
2018-11-07,1007941.3916445454,344654.2814039517,2.641,2.89524,-0.0878131001229604
2018-11-08,1008704.6944780513,344915.2842675669,2.643,2.8934119999999997,-0.08654557318487655
2018-11-09,994583.592058192,340086.7312906846,2.606,2.891536,-0.09874890023848915
2018-11-12,1006033.1345607807,344001.7742449136,2.636,2.889792,-0.08782362190773585
2018-11-13,1011376.254395322,345828.79429022036,2.65,2.88814,-0.08245445165400567
2018-11-14,1001834.9689764981,342566.25849502964,2.625,2.8863399999999997,-0.09054373358647971
2018-11-15,1009086.3458948043,345045.7856993746,2.644,2.884544,-0.08339065030729287
2018-11-16,1011376.254395322,345828.79429022036,2.65,2.88274,-0.08073568896258432
2018-11-19,1020535.8883973928,348960.8286536035,2.674,2.8809679999999998,-0.0718397427531301
2018-11-20,1003361.5746435099,343088.26422226016,2.629,2.87894,-0.08681667558198503
2018-11-21,1003361.5746435099,343088.26422226016,2.629,2.8768199999999995,-0.08614372814427029
2018-11-22,999926.7118927335,341913.7513359915,2.62,2.8747279999999997,-0.08860942670054339
2018-11-23,982752.3981388507,336041.18690464814,2.575,2.872532,-0.1035783065253929
2018-11-26,983897.3523891094,336432.69120007096,2.578,2.870352,-0.10185231637095382
2018-11-27,981607.4438885917,335649.6826092252,2.572,2.8680079999999997,-0.10321031182618723
2018-11-28,987713.866556639,337737.7055181473,2.588,2.865636,-0.09688460083555617
2018-11-29,981225.7924718389,335519.18117741763,2.571,2.8630919999999995,-0.10201977442569066
2018-11-30,987332.2151398861,337607.2040863397,2.587,2.8605559999999994,-0.09563035997197722
2018-12-03,1008704.6944780513,344915.2842675669,2.643,2.8585079999999996,-0.07539177780856299
2018-12-04,1010994.602978569,345698.2928584127,2.649,2.8565039999999997,-0.07264264289495126
2018-12-05,1008323.0430612983,344784.78283575934,2.642,2.854588,-0.074472393214012
2018-12-06,996491.8491419569,340739.2384497228,2.611,2.85258,-0.0846882471306677
2018-12-07,1000308.3633094864,342044.2527677991,2.621,2.850616,-0.08054960752342655
2018-12-10,994965.2434749451,340217.2327224923,2.607,2.848672,-0.08483672391907526
2018-12-11,995728.546308451,340478.23558610753,2.609,2.846748,-0.083515646625553
2018-12-12,1001834.9689764981,342566.25849502964,2.625,2.8448919999999998,-0.07729361958204384
2018-12-13,1012139.557228828,346089.79715383565,2.652,2.8430040000000005,-0.06718386607968208
2018-12-14,1006033.1345607807,344001.7742449136,2.636,2.841164,-0.07221124862908301
2018-12-17,1011376.254395322,345828.79429022036,2.65,2.83948,-0.06673052812486802
2018-12-18,1005269.8317272747,343740.77138129825,2.634,2.837748,-0.07179918724284184
2018-12-19,999545.0604759805,341783.24990418385,2.619,2.835836,-0.07646281378753916
2018-12-20,993820.2892246862,339825.7284270694,2.604,2.8340319999999997,-0.08116774969372242
2018-12-21,988477.1693901448,337998.70838176255,2.59,2.8321199999999997,-0.08549072779402
2018-12-24,994201.9406414392,339956.229858877,2.605,2.8303160000000003,-0.07960807203153297
2018-12-25,984660.6552226153,336693.69406368624,2.58,2.828508,-0.0878583337929395
2018-12-26,985423.9580561212,336954.69692730147,2.582,2.826692,-0.08656479022121977
2018-12-27,984279.0038058625,336563.19263187866,2.579,2.824764,-0.08700337444119222
2018-12-28,985805.6094728743,337085.19835910917,2.583,2.822848,-0.08496667195683216
2019-01-02,969012.9471357444,331343.1353595734,2.539,2.820728,-0.09987776205291676
2019-01-03,966341.3872184737,330429.62533692,2.532,2.818588,-0.10167786139726698
2019-01-04,979317.535388074,334866.6740183794,2.566,2.8165720000000003,-0.08896346338740868
2019-01-07,988858.820806898,338129.2098135702,2.591,2.8145800000000003,-0.07943636350716632
2019-01-08,990767.0778906626,338781.71697260835,2.596,2.8126840000000004,-0.07703815999237751
2019-01-09,995346.894891698,340347.7341542999,2.608,2.810772,-0.07214103456274645
2019-01-10,992293.6835576744,339303.72269983887,2.6,2.808764,-0.074325931263716
2019-01-11,996491.8491419569,340739.2384497228,2.611,2.8066199999999997,-0.0696994961911479
2019-01-14,997255.1519754628,341000.24131333805,2.613,2.804424,-0.0682578668560817
2019-01-15,1004124.8774770158,343349.2670858754,2.631,2.802296,-0.06112701870180748
2019-01-16,967486.3414687326,330821.1296323429,2.535,2.799656,-0.09453161388399145
2019-01-17,964814.7815514619,329907.61960968946,2.528,2.7969,-0.09614215738853726
2019-01-18,977027.6268875563,334083.6654275337,2.56,2.794276,-0.0838413957676335
2019-01-21,981225.7924718389,335519.18117741763,2.571,2.791656,-0.0790412572322664
2019-01-22,971684.5070530149,332256.6453822268,2.546,2.788968,-0.08711752877766987
2019-01-23,972829.4613032738,332648.1496776497,2.549,2.7862600000000004,-0.08515357504324805
2019-01-24,976264.3240540504,333822.6625639184,2.558,2.783608,-0.08104876836106245
2019-01-25,979317.535388074,334866.6740183794,2.566,2.7808960000000003,-0.07727581326306354
2019-01-28,979699.1868048271,334997.17545018706,2.567,2.7781480000000003,-0.07600315030012805
2019-01-29,983897.3523891094,336432.69120007096,2.578,2.775332,-0.07110212399813798
2019-01-30,980462.4896383329,335258.1783138023,2.569,2.772416,-0.07337138438098767
2019-01-31,986568.9123063801,337346.2012227244,2.585,2.76948,-0.06661178271733326
2019-02-01,994965.2434749451,340217.2327224923,2.607,2.7668719999999998,-0.05778077193307085
2019-02-11,1000690.0147262393,342174.7541996067,2.622,2.7642839999999995,-0.05147227998280912
2019-02-12,1007941.3916445454,344654.2814039517,2.641,2.761828,-0.04374928489391805
2019-02-13,1019772.5855638869,348699.8257899883,2.672,2.7593520000000002,-0.03165670780676044
2019-02-14,1021680.8426476517,349352.33294902643,2.677,2.757024,-0.029025499959376422
2019-02-15,1006796.4373942865,344262.7771085288,2.638,2.7546639999999996,-0.04235144467710028
2019-02-18,1029695.5223994636,352092.86301698664,2.698,2.7525560000000002,-0.019820123550619906
2019-02-19,1028168.9167324519,351570.8572897561,2.694,2.750444,-0.020521777574820654
2019-02-20,1029313.8709827107,351962.361585179,2.697,2.7482200000000003,-0.018637518102626482
2019-02-21,1022444.1454811575,349613.33581264166,2.679,2.745724,-0.02430105866430865
2019-02-22,1033130.3851502402,353267.3759032553,2.707,2.743692,-0.0133732211924662
2019-02-25,1078165.2523270885,368666.5448565557,2.825,2.742384,0.030125613334966994
2019-02-26,1071677.1782422883,366448.02051582595,2.808,2.7412400000000003,0.024353942011644092
2019-02-27,1070913.8754087824,366187.0176522107,2.806,2.740552,0.023881320259568017
2019-02-28,1071295.5268255353,366317.5190840183,2.807,2.739844,0.024510884561310675
2019-03-01,1081981.766494618,369971.559174632,2.835,2.7390920000000003,0.03501452306092667
2019-03-04,1094957.9146642184,374408.60785609146,2.869,2.7384399999999998,0.047676779480288145
2019-03-05,1100682.6859155127,376366.12933320587,2.884,2.737616,0.053471341488360524
2019-03-06,1114040.485501866,380933.67944647296,2.919,2.7368759999999996,0.06654448356447284
2019-03-07,1110605.6227510895,379759.1665602043,2.91,2.736024,0.0635871615161272
2019-03-08,1065952.406990994,364490.49903871154,2.793,2.7348600000000003,0.02125885785744064
2019-03-11,1080073.5094108533,369319.05201559386,2.83,2.7339559999999996,0.03513004598464664
2019-03-12,1090759.749079936,372973.0921062075,2.858,2.733188,0.04566535488960133
2019-03-13,1082745.069328124,370232.5620382473,2.837,2.732344,0.03830264417657525
2019-03-14,1070532.2239920294,366056.5162204031,2.805,2.731364,0.026959423936172566
2019-03-15,1080836.8122443592,369580.0548792091,2.832,2.7303919999999997,0.03721370411281599
2019-03-18,1109460.6685008307,379367.66226478136,2.907,2.729736,0.06493814786484853
2019-03-19,1108315.7142505716,378976.1579693585,2.904,2.729016,0.06411981461449834
2019-03-20,1107552.411417066,378715.15510574327,2.902,2.7282800000000003,0.06367381647045023
2019-03-21,1113277.18266836,380672.6765828577,2.917,2.72758,0.06944617573086753
2019-03-22,1114040.485501866,380933.67944647296,2.919,2.7269360000000002,0.07043216269102026
2019-03-25,1097629.474581489,375322.11787874484,2.876,2.726152,0.05496685437935955
2019-03-26,1080073.5094108533,369319.05201559386,2.83,2.7252079999999994,0.03845284470029475
2019-03-27,1097247.8231647362,375191.6164469372,2.875,2.724512,0.055234845726500836
2019-03-28,1092286.3547469478,373495.097833438,2.862,2.723824,0.050728681441972734
2019-03-29,1114040.485501866,380933.67944647296,2.919,2.7233400000000003,0.0718456013571569
2019-04-01,1143313.3018273842,390943.1914666909,2.996,2.723204,0.10017464721702818
2019-04-02,1143313.3018273842,390943.1914666909,2.994,2.72314,0.09946605756589832
2019-04-03,1143313.3018273842,390943.1914666909,3.026,2.7234719999999997,0.11108173684179623
2019-04-04,1143313.3018273842,390943.1914666909,3.061,2.724064,0.12368872390663377
2019-04-08,1143313.3018273842,390943.1914666909,3.076,2.7247160000000004,0.12892499621978937
2019-04-09,1143313.3018273842,390943.1914666909,3.069,2.725484,0.1260385311379557
2019-04-10,1143313.3018273842,390943.1914666909,3.062,2.72602,0.12324927916889816
2019-04-11,1143313.3018273842,390943.1914666909,3.035,2.726476,0.1131585240434907
2019-04-12,1143313.3018273842,390943.1914666909,3.011,2.7269,0.10418423851259662
2019-04-15,1143313.3018273842,390943.1914666909,3.005,2.72746,0.10175767930602087
2019-04-16,1143313.3018273842,390943.1914666909,3.045,2.728176,0.11613033763217628
2019-04-17,1143313.3018273842,390943.1914666909,3.049,2.7289160000000003,0.11729346011383268
2019-04-18,1143313.3018273842,390943.1914666909,3.025,2.729352,0.10832168221614502
2019-04-19,1143313.3018273842,390943.1914666909,3.032,2.729728,0.1107333770983776
2019-04-22,1143313.3018273842,390943.1914666909,2.972,2.729984,0.08865106901725439
2019-04-23,1143313.3018273842,390943.1914666909,2.945,2.7301840000000004,0.07868187638635327
2019-04-24,1143313.3018273842,390943.1914666909,2.966,2.7306800000000004,0.08617633702960426
2019-04-25,1143313.3018273842,390943.1914666909,2.899,2.7310040000000004,0.06151437346851174
2019-04-26,1143313.3018273842,390943.1914666909,2.865,2.7311840000000003,0.04899560044288487
2019-04-29,1143313.3018273842,390943.1914666909,2.847,2.7312200000000004,0.042391312307320295
2019-04-30,1143313.3018273842,390943.1914666909,2.874,2.731504,0.052167597045437164
2019-05-06,1143313.3018273842,390943.1914666909,2.741,2.731256,0.0035675894167372935
2019-05-07,1143313.3018273842,390943.1914666909,2.771,2.7309039999999998,0.014682317650126064
2019-05-08,1143313.3018273842,390943.1914666909,2.741,2.730504,0.003843978987029706
2019-05-09,1143198.9704972014,390943.1914666909,2.7,2.7300999999999997,-0.011025237170799396
2019-05-10,1168603.3920638056,390943.1914666909,2.76,2.7299160000000002,0.011020119300373832
2019-05-13,1152513.925071623,390943.1914666909,2.722,2.7295320000000003,-0.002759447407101434
2019-05-14,1145739.4126538618,390943.1914666909,2.706,2.729016,-0.008433809109217427
2019-05-15,1163099.1007243746,390943.1914666909,2.747,2.7286680000000003,0.006718296252970157
2019-05-16,1168603.3920638056,390943.1914666909,2.76,2.7282480000000002,0.0116382381660316
2019-05-17,1144892.5986016416,390943.1914666909,2.704,2.7275039999999997,-0.00861740257759458
2019-05-20,1139388.3072622104,390943.1914666909,2.691,2.726732,-0.013104331485455978
2019-05-21,1150820.2969671825,390943.1914666909,2.718,2.725984,-0.0029288506462253894
2019-05-22,1149550.0758888524,390943.1914666909,2.715,2.725248,-0.0037603917148091304
2019-05-23,1137694.6791577702,390943.1914666909,2.687,2.724376,-0.013719104851900088
2019-05-24,1137694.6791577702,390943.1914666909,2.687,2.723464,-0.01338883128251378
2019-05-27,1149126.6688627424,390943.1914666909,2.714,2.7227040000000002,-0.003196821982852427
2019-05-28,1149550.0758888524,390943.1914666909,2.715,2.721972,-0.002561378294853922
2019-05-29,1150820.2969671825,390943.1914666909,2.718,2.721132,-0.001150991572624882
2019-05-30,1150820.2969671825,390943.1914666909,2.718,2.720256,-0.0008293337097684539
2019-05-31,1148703.2618366322,390943.1914666909,2.713,2.7194160000000003,-0.0023593300914608317
2019-06-03,1143622.3775233114,390943.1914666909,2.701,2.71862,-0.006481229447293124
2019-06-04,1139388.3072622104,390943.1914666909,2.691,2.717876,-0.009888604189448036
2019-06-05,1144045.7845494214,390943.1914666909,2.702,2.71716,-0.005579354914690304
2019-06-06,1132613.7948444493,390943.1914666909,2.675,2.7163559999999998,-0.015224808530251543
2019-06-10,1142775.5634710912,390943.1914666909,2.699,2.7156599999999997,-0.006134788596510621
2019-06-11,1168179.9850376956,390943.1914666909,2.759,2.71536,0.016071533792940906
2019-06-12,1160558.6585677143,390943.1914666909,2.741,2.714824,0.009641877337168037
2019-06-13,1156747.9953327237,390943.1914666909,2.732,2.714296,0.00652250159894141
2019-06-14,1146586.226706082,390943.1914666909,2.708,2.7136039999999997,-0.0020651502577382352
2019-06-17,1149973.4829149626,390943.1914666909,2.716,2.712888,0.0011471170206807102
2019-06-18,1151243.7039932925,390943.1914666909,2.719,2.712212,0.0025027542094790967
2019-06-19,1159288.437489384,390943.1914666909,2.738,2.711652,0.009716586051602416
2019-06-20,1179611.9747426677,390943.1914666909,2.786,2.71142,0.027505882526499104
2019-06-21,1182152.4168993281,390943.1914666909,2.792,2.711228,0.02979166635930275
2019-06-24,1182999.2309515483,390943.1914666909,2.794,2.710964,0.030629694824424014
2019-06-25,1172414.0552987964,390943.1914666909,2.769,2.7106120000000002,0.021540522952012253
2019-06-26,1174954.4974554568,390943.1914666909,2.775,2.710292,0.0238749182744884
2019-06-27,1184269.4520298785,390943.1914666909,2.797,2.710068,0.032077423887518774
2019-06-28,1179611.9747426677,390943.1914666909,2.786,2.7100679999999997,0.028018485145022254
2019-07-01,1196548.2557870706,390943.1914666909,2.826,2.710248,0.042709006703445684
2019-07-02,1202052.5471265016,390943.1914666909,2.839,2.7105600000000005,0.0473850422053006
2019-07-03,1202899.3611787218,390943.1914666909,2.841,2.7108999999999996,0.04799144195654592
2019-07-04,1201629.1401003916,390943.1914666909,2.838,2.711308,0.04672726226603552
2019-07-05,1203746.175230942,390943.1914666909,2.843,2.711868,0.04835486092980923
2019-07-08,1177918.3466382273,390943.1914666909,2.782,2.7123120000000003,0.025693209335799105
2019-07-09,1176648.1255598972,390943.1914666909,2.779,2.7128520000000003,0.02438319524986965
2019-07-10,1169873.613142136,390943.1914666909,2.763,2.713144,0.01837572941207699
2019-07-11,1170297.020168246,390943.1914666909,2.764,2.7137399999999996,0.01852056571373839
2019-07-12,1175801.311507677,390943.1914666909,2.777,2.714368,0.023074247854380836
2019-07-15,1176224.7185337872,390943.1914666909,2.778,2.715028,0.023193867613888308
2019-07-16,1177071.5325860071,390943.1914666909,2.78,2.715752,0.023657535739640245
2019-07-17,1175801.311507677,390943.1914666909,2.777,2.716396,0.02231044369083146
2019-07-18,1164792.728828815,390943.1914666909,2.751,2.716716,0.012619648133997075
2019-07-19,1171990.6482726862,390943.1914666909,2.768,2.717064,0.018746706003244462
2019-07-22,1163099.1007243746,390943.1914666909,2.747,2.71748,0.010863005431502648
2019-07-23,1167756.5780115856,390943.1914666909,2.758,2.71776,0.01480631107971253
2019-07-24,1176648.1255598972,390943.1914666909,2.779,2.718136,0.022391815567727402
2019-07-25,1182999.2309515483,390943.1914666909,2.794,2.7186120000000003,0.02773032709338441
2019-07-26,1187656.708238759,390943.1914666909,2.805,2.719184,0.03155946784035213
2019-07-29,1189773.7433693095,390943.1914666909,2.81,2.71972,0.03319459356110177
2019-07-30,1196548.2557870706,390943.1914666909,2.826,2.720364,0.03883156812838284
2019-07-31,1188926.9293170893,390943.1914666909,2.808,2.7206680000000003,0.03209946968906152
2019-08-01,1180035.3817687777,390943.1914666909,2.787,2.7207399999999997,0.024353668487249847
2019-08-02,1164792.728828815,390943.1914666909,2.751,2.7205800000000004,0.011181439251924052
2019-08-05,1145739.4126538618,390943.1914666909,2.706,2.7202439999999997,-0.005236294979420908
2019-08-06,1126262.6894527983,390943.1914666909,2.66,2.7197920000000004,-0.021984034073193937
2019-08-07,1122875.4332439178,390943.1914666909,2.652,2.71934,-0.02476336169805904
2019-08-08,1131766.9807922293,390943.1914666909,2.673,2.718952,-0.0169006293601357
2019-08-09,1132613.7948444493,390943.1914666909,2.675,2.7185040000000003,-0.016002919252647962
2019-08-12,1144892.5986016416,390943.1914666909,2.704,2.7183759999999997,-0.005288451634357982
2019-08-13,1138118.0861838805,390943.1914666909,2.688,2.718412,-0.011187413828367299
2019-08-14,1140658.5283405408,390943.1914666909,2.694,2.7185240000000004,-0.009021071728629315
2019-08-15,1146586.226706082,390943.1914666909,2.708,2.718756,-0.003956221154086559
2019-08-16,1147009.633732192,390943.1914666909,2.709,2.718768,-0.003592803799367883
2019-08-19,1165639.5428810352,390943.1914666909,2.753,2.719096,0.01246884994130415
2019-08-20,1168179.9850376956,390943.1914666909,2.759,2.719272,0.014609792620966067
2019-08-21,1167756.5780115856,390943.1914666909,2.758,2.719484,0.014162980918438928
2019-08-22,1164369.321802705,390943.1914666909,2.75,2.7197479999999996,0.01112308934504247
2019-08-23,1167333.1709854756,390943.1914666909,2.757,2.720064,0.013579092256652991
2019-08-26,1161828.8796460447,390943.1914666909,2.744,2.7205120000000003,0.008633668956431695
2019-08-27,1177071.5325860071,390943.1914666909,2.78,2.7211440000000002,0.02162913833299518
2019-08-28,1171567.2412465762,390943.1914666909,2.767,2.721824,0.01659769331154415
2019-08-29,1166062.9499071452,390943.1914666909,2.754,2.7223479999999998,0.011626728103828032
2019-08-30,1159711.844515494,390943.1914666909,2.739,2.722708,0.005983748532710775
2019-09-02,1172837.4623249064,390943.1914666909,2.77,2.723236,0.017172217171042004
2019-09-03,1176648.1255598972,390943.1914666909,2.779,2.723764,0.020279289982538806
2019-09-04,1191890.7784998599,390943.1914666909,2.815,2.724396,0.03325654567104053
2019-09-05,1201629.1401003916,390943.1914666909,2.838,2.724912,0.04150152371893112
2019-09-06,1206710.0244137126,390943.1914666909,2.85,2.725484,0.04568583048001762
2019-09-09,1212637.7227792535,390943.1914666909,2.864,2.7261240000000004,0.05057583587540382
2019-09-10,1208827.0595442627,390943.1914666909,2.855,2.7268,0.04701481590142298
2019-09-11,1206286.6173876023,390943.1914666909,2.849,2.7274920000000002,0.044549351565467354
2019-09-12,1213484.5368314737,390943.1914666909,2.866,2.728268,0.050483310290631245
2019-09-16,1217295.2000664643,390943.1914666909,2.875,2.728984,0.05350562700257666
2019-09-17,1202475.9541526115,390943.1914666909,2.84,2.7297040000000004,0.04040584620163923
2019-09-18,1203746.175230942,390943.1914666909,2.843,2.730536,0.041187517762080406
2019-09-19,1205016.3963092722,390943.1914666909,2.846,2.731332,0.04198244665972495
2019-09-20,1205439.8033353821,390943.1914666909,2.847,2.73218,0.04202504959409703
2019-09-23,1193584.4066043,390943.1914666909,2.819,2.73296,0.03148234880861778
2019-09-24,1194854.6276826304,390943.1914666909,2.822,2.733768,0.032274867508874205
2019-09-25,1183422.6379776583,390943.1914666909,2.795,2.734352,0.022180026565709277
2019-09-26,1183422.6379776583,390943.1914666909,2.795,2.734924,0.02196624110944212
2019-09-27,1177494.9396121174,390943.1914666909,2.781,2.735496,0.016634643223751855
2019-09-30,1169873.613142136,390943.1914666909,2.763,2.7358439999999997,0.009926004552891277
2019-10-08,1174107.6834032368,390943.1914666909,2.773,2.736092,0.013489312493878192
2019-10-09,1183422.6379776583,390943.1914666909,2.795,2.7364640000000002,0.021391109110150852
2019-10-10,1188503.5222909793,390943.1914666909,2.807,2.73658,0.025732849030541738
2019-10-11,1200782.3260481714,390943.1914666909,2.836,2.736904,0.03620733500334672
2019-10-14,1211790.9087270333,390943.1914666909,2.862,2.737252,0.045574174390958566
2019-10-15,1206286.6173876023,390943.1914666909,2.849,2.737532,0.04071842813161641
2019-10-16,1203322.768204832,390943.1914666909,2.842,2.737696,0.038099189975804526
2019-10-17,1196971.6628131808,390943.1914666909,2.827,2.7381759999999997,0.03243911275243083
2019-10-18,1184692.8590559885,390943.1914666909,2.798,2.7385719999999996,0.02170036062590297
2019-10-21,1186809.8941865389,390943.1914666909,2.803,2.7389479999999997,0.023385621048665373
2019-10-22,1188503.5222909793,390943.1914666909,2.807,2.7397839999999998,0.02453332087493032
2019-10-23,1186386.487160429,390943.1914666909,2.802,2.740536,0.022427729466060642
2019-10-24,1188503.5222909793,390943.1914666909,2.807,2.741464,0.023905475322674175
2019-10-25,1189773.7433693095,390943.1914666909,2.81,2.742488,0.024617063046401766
2019-10-28,1194007.8136304102,390943.1914666909,2.82,2.743472,0.02789458029824976
2019-10-29,1188926.9293170893,390943.1914666909,2.808,2.7445839999999997,0.023105869596266704
2019-10-30,1175801.311507677,390943.1914666909,2.777,2.7453440000000002,0.011530795412159511
2019-10-31,1170720.4271943562,390943.1914666909,2.765,2.7457040000000004,0.0070277058269936354
2019-11-01,1180882.195820998,390943.1914666909,2.789,2.7464120000000003,0.015506777570153396
2019-11-04,1184269.4520298785,390943.1914666909,2.797,2.747104,0.018163127424371206
2019-11-05,1190197.1503954194,390943.1914666909,2.811,2.747864,0.022976391844720112
2019-11-06,1182999.2309515483,390943.1914666909,2.794,2.74854,0.016539690162777232
2019-11-07,1185963.080134319,390943.1914666909,2.801,2.7494479999999997,0.01874994544359465
2019-11-08,1181729.009873218,390943.1914666909,2.791,2.7502600000000004,0.014813144939023859
2019-11-11,1160135.2515416043,390943.1914666909,2.74,2.7507560000000004,-0.003910197778356328
2019-11-12,1162252.2866721547,390943.1914666909,2.745,2.751284,-0.002284024477298585
2019-11-13,1156747.9953327237,390943.1914666909,2.732,2.751512,-0.007091373761044739
2019-11-14,1155901.1812805035,390943.1914666909,2.73,2.7517920000000005,-0.007919203195590585
2019-11-15,1149550.0758888524,390943.1914666909,2.715,2.7520279999999997,-0.013454804965647105
2019-11-18,1155477.7742543935,390943.1914666909,2.729,2.75238,-0.008494466607081863
2019-11-19,1164369.321802705,390943.1914666909,2.75,2.752808,-0.0010200493459768811
2019-11-20,1159288.437489384,390943.1914666909,2.738,2.753336,-0.0055699703922804655
2019-11-21,1158441.6234371641,390943.1914666909,2.736,2.7537360000000004,-0.0064407045555565645
2019-11-22,1159288.437489384,390943.1914666909,2.738,2.7540880000000003,-0.005841498165636061
2019-11-25,1172414.0552987964,390943.1914666909,2.769,2.754664,0.005204264476538656
2019-11-26,1169873.613142136,390943.1914666909,2.763,2.7551400000000004,0.00285284958296117
2019-11-27,1167333.1709854756,390943.1914666909,2.757,2.755568,0.0005196750724352217
2019-11-28,1164369.321802705,390943.1914666909,2.75,2.7558719999999997,-0.0021307230524493237
2019-11-29,1161828.8796460447,390943.1914666909,2.744,2.756332,-0.004474061905459736
2019-12-02,1165216.135854925,390943.1914666909,2.752,2.756824,-0.0017498396705775132
2019-12-03,1166486.3569332552,390943.1914666909,2.755,2.757364,-0.0008573405614927809
2019-12-04,1160558.6585677143,390943.1914666909,2.741,2.7580280000000004,-0.0061739764788465434
2019-12-05,1166062.9499071452,390943.1914666909,2.754,2.758732,-0.0017152807884202037
2019-12-06,1163945.9147765948,390943.1914666909,2.749,2.75944,-0.003783376337227806
2019-12-09,1170720.4271943562,390943.1914666909,2.765,2.7601479999999996,0.0017578767515367133
2019-12-10,1173684.2763771266,390943.1914666909,2.772,2.760952,0.004001518316870234
2019-12-11,1180035.3817687777,390943.1914666909,2.787,2.7617520000000004,0.00914202288981758
2019-12-12,1179611.9747426677,390943.1914666909,2.786,2.762324,0.008571043802247713
2019-12-13,1192737.59255208,390943.1914666909,2.817,2.7629960000000002,0.019545449939124104
2019-12-16,1202899.3611787218,390943.1914666909,2.841,2.763792,0.02793553205161614
2019-12-17,1210944.094674813,390943.1914666909,2.86,2.764788,0.03443736011585696
2019-12-18,1208827.0595442627,390943.1914666909,2.855,2.765724,0.03227943207637485
2019-12-19,1212214.3157531435,390943.1914666909,2.863,2.766748,0.03478885680951049
2019-12-20,1205863.2103614921,390943.1914666909,2.848,2.767704,0.02901177293525592
2019-12-23,1192737.59255208,390943.1914666909,2.817,2.7684719999999996,0.017528802891992656
2019-12-24,1196124.8487609606,390943.1914666909,2.825,2.769164,0.02016348616405539
2019-12-25,1196124.8487609606,390943.1914666909,2.825,2.76992,0.01988505083179315
2019-12-26,1207980.2454920427,390943.1914666909,2.853,2.7707319999999998,0.029691792638190995
2019-12-27,1208827.0595442627,390943.1914666909,2.855,2.771616,0.030084975696488936
2019-12-30,1218988.8281709047,390943.1914666909,2.879,2.772656,0.03835455967130441
2019-12-31,1226610.1546408858,390943.1914666909,2.897,2.773828,0.04440506044354575
2020-01-02,1242276.2146069587,390943.1914666909,2.934,2.775204,0.05721957737160954
2020-01-03,1239312.365424188,390943.1914666909,2.927,2.7764919999999997,0.05420797178598047
2020-01-06,1236771.9232675277,390943.1914666909,2.921,2.7778560000000003,0.051530388904248214
2020-01-07,1245240.0637897293,390943.1914666909,2.941,2.779292,0.05818316319407968
2020-01-08,1236771.9232675277,390943.1914666909,2.921,2.7806599999999997,0.05047003229449132
2020-01-09,1246510.2848680594,390943.1914666909,2.944,2.7821040000000004,0.0581919295612241
2020-01-10,1242699.621633069,390943.1914666909,2.935,2.783688,0.05435666640801684
2020-01-13,1247357.0989202796,390943.1914666909,2.946,2.7853440000000003,0.05767905149238306
2020-01-14,1253708.2043119306,390943.1914666909,2.961,2.786924,0.06246169612088459
2020-01-15,1249474.13405083,390943.1914666909,2.951,2.788364,0.05832667470961472
2020-01-16,1247780.5059463896,390943.1914666909,2.947,2.789768,0.05636024214199886
2020-01-17,1178765.1606904475,390943.1914666909,2.784,2.7904720000000003,-0.00231932088908271
2020-01-20,1178765.1606904475,390943.1914666909,2.784,2.791208,-0.0025823944328048354
2020-01-21,1157171.4023588337,390943.1914666909,2.733,2.791696,-0.021025211914191155
2020-01-22,1155477.7742543935,390943.1914666909,2.729,2.7921600000000004,-0.022620480201707704
2020-01-23,1129226.5386355687,390943.1914666909,2.667,2.792304,-0.044874770082340754
2020-02-03,1023798.1891341603,390904.0971475443,2.418,2.791836,-0.13390328085174052
2020-02-04,1050896.238805205,401250.6075765943,2.482,2.791652,-0.1109207021505545
2020-02-05,1064445.2636407274,406423.8627911192,2.514,2.7914680000000005,-0.09939859600754897
2020-02-06,1066985.7057973878,407393.84814384265,2.52,2.791264,-0.09718321162025523
2020-02-07,1064445.2636407274,406423.8627911192,2.514,2.791136,-0.09929147128624338
2020-02-10,1082651.7657634607,413375.42448563717,2.557,2.7911680000000003,-0.08389606071723388
2020-02-11,1088579.4641290018,415638.7236419919,2.571,2.7912199999999996,-0.0788973997033553
2020-02-12,1091543.3133117722,416770.37322016916,2.578,2.791268,-0.0764054186126163
2020-02-13,1084768.8008940108,414183.7456129067,2.562,2.7912479999999995,-0.0821310037660572
2020-02-14,1091119.906285662,416608.7089947153,2.577,2.791244,-0.07675574045121092
2020-02-17,1110173.2224606154,423883.59914014104,2.622,2.791456,-0.0607052376967433
2020-02-18,1111020.0365128356,424206.9275910489,2.624,2.791612,-0.06004129513700329
2020-02-19,1110173.2224606154,423883.59914014104,2.622,2.791672,-0.060777913737717126
2020-02-20,1125415.8754005781,429703.51125648164,2.658,2.7918160000000003,-0.0479315255733187
2020-02-21,1132190.3878183393,432290.13886374416,2.674,2.7919479999999997,-0.04224577248573391
2020-02-24,1124569.061348358,429380.18280557386,2.656,2.791884,-0.04867107659200731
2020-02-25,1110173.2224606154,423883.59914014104,2.622,2.7916640000000004,-0.06077522223304832
2020-02-26,1113137.071643386,425015.2487183184,2.629,2.791628,-0.058255612853861716
2020-02-27,1113983.885695606,425338.5771692262,2.631,2.79136,-0.05744869884214154
2020-02-28,1083075.1727895706,413537.0887110911,2.558,2.790816,-0.08342219623221314
2020-03-02,1116524.3278522666,426308.56252194964,2.637,2.790576,-0.05503379947365705
2020-03-03,1119488.1770350372,427440.212100127,2.644,2.7904359999999997,-0.05247782067031803
2020-03-04,1129649.945661679,431320.15351102076,2.668,2.7902799999999996,-0.04382355892598577
2020-03-05,1138964.9002361004,434876.7664710067,2.69,2.78974,-0.035752435710854846
2020-03-06,1129226.5386355687,431158.4892855668,2.667,2.789176,-0.04380361798610055
2020-03-09,1099164.6397817535,419680.3292783395,2.596,2.788336,-0.06897877443751399
2020-03-10,1114830.6997478262,425661.905620134,2.633,2.7876399999999997,-0.055473447073510096
2020-03-11,1108056.187330065,423075.2780128715,2.617,2.786768,-0.06091931585262922
2020-03-12,1090696.499259552,416447.0447692614,2.576,2.785596,-0.07524278466798484
2020-03-13,1072066.5901107087,409333.81884928956,2.532,2.784188,-0.09057865345299954
2020-03-16,1047508.9825963245,399957.29377296305,2.474,2.782408,-0.11084211948786804
2020-03-17,1037770.6209957927,396239.01658752316,2.451,2.7805720000000003,-0.11852669163035523
2020-03-18,1026762.0383169306,392035.7467257216,2.425,2.7791,-0.12741535029326057
2020-03-19,1008555.5361941976,385084.18503120367,2.382,2.777308,-0.14233495168702925
2020-03-20,1019140.7118469494,389125.79066755134,2.407,2.7755039999999997,-0.1327701203096806
2020-03-23,987385.1848886937,377000.97375850833,2.332,2.773484,-0.15918029453207594
2020-03-24,1005168.279985317,383790.87122757244,2.374,2.77176,-0.14350448812306982
2020-03-25,1029302.4804735912,393005.732078445,2.431,2.7701560000000005,-0.12243209407701239
2020-03-26,1021681.1540036098,390095.77602027473,2.413,2.7681799999999996,-0.12830813025164545
2020-03-27,1027185.4453430409,392197.41095117555,2.426,2.766268,-0.12300615847777585
2020-03-30,1017870.4907686191,388640.7979911896,2.404,2.7642759999999997,-0.13033286111806486
2020-03-31,1015753.4556380688,387832.47686392005,2.399,2.762204,-0.13149065021989692
2020-04-01,1008978.9432203076,385245.8492566576,2.383,2.7600599999999997,-0.13661297218176405
2020-04-02,1019987.5258991695,389449.1191184591,2.409,2.758192,-0.12660177391566663
2020-04-03,1017023.6767163991,388317.4695402818,2.402,2.75648,-0.12859879266310648
2020-04-07,1031842.9226302516,393975.7174311685,2.437,2.754728,-0.11533915508173587
2020-04-08,1032266.3296563618,394137.3816566224,2.438,2.7530319999999997,-0.11443092561219759
2020-04-09,1031842.9226302516,393975.7174311685,2.437,2.7511039999999998,-0.11417380077234451
2020-04-10,1024645.0031863804,391227.4255984521,2.42,2.7488,-0.11961583236321316
2020-04-13,1020410.9329252797,389610.78334391303,2.41,2.746464,-0.12250806855651475
2020-04-14,1030572.7015519215,393490.7247548068,2.434,2.744096,-0.11300479283523601
2020-04-15,1026762.0383169306,392035.7467257216,2.425,2.741552,-0.11546452520324257
2020-04-16,1023374.7821080501,390742.43292209035,2.417,2.7389159999999997,-0.11753409012908755
2020-04-17,1026338.6312908207,391874.0825002677,2.424,2.736336,-0.11414387706772855
2020-04-20,1027608.852369151,392359.0751766294,2.427,2.733796,-0.11222344315376853
2020-04-21,1020834.3399513897,389772.44756936695,2.411,2.7313,-0.11727016439058324
2020-04-22,1021257.7469774998,389934.1117948208,2.412,2.728904,-0.11612867290311424
2020-04-23,1017870.4907686191,388640.7979911896,2.404,2.7265,-0.11828351366220435
2020-04-24,1010249.1642986379,385730.8419330193,2.386,2.723864,-0.12403849825101387
2020-04-27,1014906.6415858486,387509.1484130122,2.397,2.721256,-0.11915674232780749
2020-04-28,1007285.3151158673,384599.192354842,2.379,2.718672,-0.12494041208354678
2020-04-29,1020834.3399513897,389772.44756936695,2.411,2.7161880000000003,-0.11235893833563815
2020-04-30,1038194.0280219028,396400.6808129771,2.452,2.714108,-0.09657242821582634
2020-05-06,1037770.6209957927,396239.01658752316,2.451,2.712132,-0.09628292428244645
2020-05-07,1038194.0280219028,396400.6808129771,2.452,2.710076,-0.0952283257000911
2020-05-08,1045391.947465774,399148.97264569346,2.469,2.7083559999999998,-0.08837686035366099
2020-05-11,1044545.1334135539,398825.6441947857,2.467,2.7067639999999997,-0.08857957324687327
2020-05-12,1039887.6561263431,397047.3377147927,2.456,2.7051999999999996,-0.09211888215289066
2020-05-13,1040734.4701785633,397370.66616570053,2.458,2.7035359999999997,-0.0908203182794679
2020-05-14,1030572.7015519215,393490.7247548068,2.434,2.702308,-0.099288460086711
2020-05-15,1028455.6664213709,392682.4036275372,2.429,2.70094,-0.10068346575636644
2020-05-18,1028455.6664213709,392682.4036275372,2.429,2.699692,-0.10026773424523994
2020-05-19,1031842.9226302516,393975.7174311685,2.437,2.6986399999999997,-0.09695253905670997
2020-05-20,1025068.4102124904,391389.08982390596,2.421,2.6972840000000002,-0.10243044484748376
2020-05-21,1021681.1540036098,390095.77602027473,2.413,2.696048,-0.10498626137220113
2020-05-22,1007285.3151158673,384599.192354842,2.379,2.69474,-0.11716900331757418
2020-05-25,1006861.9080897573,384437.52812938805,2.378,2.693264,-0.11705647868162938
2020-05-26,1011942.7924030782,386377.4988348349,2.39,2.691784,-0.11211300758158904
2020-05-27,1017023.6767163991,388317.4695402818,2.402,2.690576,-0.10725435743127121
2020-05-28,1018717.3048208394,388964.1264420974,2.406,2.689436,-0.10538863910500196
2020-05-29,1012789.6064552983,386700.8272857427,2.392,2.688132,-0.11016274498424927
2020-06-01,1029725.8874997012,393167.39630389895,2.432,2.687,-0.09490137700037216
2020-06-02,1032266.3296563618,394137.3816566224,2.438,2.6860040000000005,-0.09233195482955359
2020-06-03,1036500.3999174625,395754.02391116146,2.448,2.685048,-0.08828445524996209
2020-06-04,1041157.8772046734,397532.33039115445,2.459,2.6840279999999996,-0.08383966188132153
2020-06-05,1034806.7718130222,395107.3670093458,2.444,2.682944,-0.0890603754681425
2020-06-08,1039040.842074123,396724.0092638849,2.454,2.681888,-0.08497297426290717
2020-06-09,1041581.2842307833,397693.9946166083,2.46,2.6808560000000003,-0.08238264196211964
2020-06-10,1037347.2139696827,396077.3523620693,2.45,2.679804,-0.0857540327576195
2020-06-11,1030149.2945258113,393329.0605293528,2.433,2.678732,-0.09173444749232107
2020-06-12,1028879.0734474811,392844.06785299117,2.43,2.6776880000000003,-0.09250069462909793
2020-06-15,1022104.56102972,390257.44024572865,2.414,2.676536,-0.09808797639934597
2020-06-16,1033959.9577608021,394784.038558438,2.442,2.6756040000000003,-0.08730888427435457
2020-06-17,1037347.2139696827,396077.3523620693,2.45,2.674608,-0.08397791377278463
2020-06-18,1046238.7615179942,399472.3010966013,2.471,2.673456,-0.07572819601295089
2020-06-19,1044968.5404396639,398987.30842023954,2.468,2.672364,-0.07647311518939781
2020-06-22,1039887.6561263431,397047.3377147927,2.456,2.67126,-0.08058369458607562
2020-06-23,1036076.9928913524,395592.35968570755,2.447,2.6702160000000004,-0.0835947354071731
2020-06-24,1037347.2139696827,396077.3523620693,2.45,2.669152,-0.08210547769478838
2020-06-29,1029725.8874997012,393167.39630389895,2.432,2.668004,-0.08845713874491934
2020-06-30,1036923.8069435725,395915.6881366153,2.449,2.666848,-0.08168744525372273
2020-07-01,1053860.0879879755,402382.2571547716,2.489,2.66566,-0.06627251787549804
2020-07-02,1077994.2884762497,411597.1180056442,2.546,2.664676,-0.04453674668139773
2020-07-03,1093660.3484423226,417578.69434743875,2.583,2.6638319999999998,-0.03034425594406842
2020-07-06,1171143.8342204662,447163.2476055035,2.766,2.66382,0.038358447642858895
2020-07-07,1152937.332097733,440211.6859109855,2.723,2.663612,0.022296040113950477
2020-07-08,1169873.613142136,446678.2549291418,2.763,2.6634759999999997,0.03736620866867213
2020-07-09,1174954.4974554568,448618.2256345886,2.775,2.6634320000000002,0.04188881112789811
2020-07-10,1148703.2618366322,438595.0436564465,2.713,2.66298,0.018783468144710103
2020-07-13,1171143.8342204662,447163.2476055035,2.766,2.6626879999999997,0.038799889435037205
2020-07-14,1164369.321802705,444576.619998241,2.75,2.662324,0.03293212997366224
2020-07-15,1147433.040758302,438110.05098008475,2.71,2.661812,0.01810345734409502
2020-07-16,1116947.7348783766,426470.22674740356,2.638,2.6609920000000002,-0.00864038674298917
2020-07-17,1117794.5489305968,426793.5551983114,2.64,2.660424,-0.007676971790962606
2020-07-20,1160558.6585677143,443121.64196915587,2.741,2.660272,0.030345769154432434
2020-07-21,1157594.8093849437,441989.9923909785,2.734,2.660156,0.027759274268125633
2020-07-22,1158018.216411054,442151.6566164324,2.735,2.66004,0.028180027368009508
2020-07-23,1144045.7845494214,436816.7371764535,2.702,2.6597399999999998,0.015888771082887887
2020-07-24,1111443.4435389456,424368.5918165028,2.625,2.6591279999999995,-0.0128342825166744
2020-07-27,1105939.1521995147,422266.95688560203,2.612,2.658456,-0.017474804924362153
2020-07-28,1113983.885695606,425338.5771692262,2.631,2.657872,-0.010110343914229158
2020-07-29,1127109.5035050183,430350.16815829725,2.662,2.657516,0.0016872899354132276
2020-07-30,1127956.3175572387,430673.49660920515,2.664,2.6571,0.0025968160776788096
2020-07-31,1136001.0510533298,433745.1168928293,2.683,2.656844,0.009844763185192562
2020-08-03,1161828.8796460447,443606.6346455176,2.744,2.656788,0.032826104303391945
2020-08-04,1162252.2866721547,443768.2988709715,2.745,2.6566520000000002,0.03325539061947147
2020-08-05,1155901.1812805035,441343.3354891629,2.73,2.6563959999999995,0.027708218202406654
2020-08-06,1161405.4726199345,443444.97042006365,2.743,2.656148,0.032698479151011206
2020-08-07,1159288.437489384,442636.6492927941,2.738,2.6558599999999997,0.030927835051546504
2020-08-10,1172837.4623249064,447809.9045073191,2.77,2.655636,0.04306463687041462
2020-08-11,1167333.1709854756,445708.2695764184,2.757,2.655432,0.038249143642164585
2020-08-12,1158865.030463274,442474.98506734025,2.737,2.655232,0.030795049170844635
2020-08-13,1169026.7990899158,446354.926478234,2.761,2.655272,0.039818142924717304
2020-08-14,1174954.4974554568,448618.2256345886,2.775,2.655548,0.04498205266860178
2020-08-17,1201205.7330742816,458641.40761273087,2.837,2.656256,0.06804464629915197
2020-08-18,1202475.9541526115,459126.4002890925,2.84,2.6570080000000003,0.06887145240059489
2020-08-19,1199088.697943731,457833.0864854613,2.832,2.6576440000000003,0.06560547612848056
2020-08-20,1192737.59255208,455408.12310365273,2.817,2.658212,0.05973488946705552
2020-08-21,1191467.3714737499,454923.130427291,2.814,2.658652,0.05843111471527673
2020-08-24,1193160.99957819,455569.7873291066,2.818,2.659172,0.05972836657425695
2020-08-25,1187656.708238759,453468.1523982058,2.805,2.659616,0.05466353037430971
2020-08-26,1170720.4271943562,447001.5833800496,2.765,2.659844,0.03953464940049112
2020-08-27,1171143.8342204662,447163.2476055035,2.766,2.660072,0.03982147851637108
2020-08-28,1185116.2660820987,452498.1670454824,2.799,2.660256,0.05215437912742238
2020-08-31,1180882.195820998,450881.52479094337,2.789,2.660376,0.048348053057162055
2020-09-01,1180035.3817687777,450558.19634003553,2.787,2.660492,0.04755060342222417
2020-09-02,1180035.3817687777,450558.19634003553,2.787,2.6606400000000003,0.04749233267183817
2020-09-03,1177918.3466382273,449749.875212766,2.782,2.6607399999999997,0.0455737877432596
2020-09-04,1169450.2061160258,446516.59070368786,2.762,2.660812,0.038028992653370564
2020-09-07,1163945.9147765948,444414.9557727871,2.749,2.660688,0.033191415152772574
2020-09-08,1169026.7990899158,446354.926478234,2.761,2.660664,0.03771088720710325
2020-09-09,1159711.844515494,442798.31351824803,2.739,2.660604,0.0294654897910398
2020-09-10,1152090.518045513,439888.35746007774,2.721,2.6605320000000003,0.022727785270013623
2020-09-11,1150820.2969671825,439403.36478371604,2.718,2.660324,0.021680066037069068
2020-09-14,1151667.1110194027,439726.6932346239,2.72,2.660088,0.022522563163323905
2020-09-15,1155054.3672282835,441020.0070382551,2.728,2.6597399999999998,0.025664162662516032
2020-09-16,1158441.6234371641,442313.32084188634,2.736,2.659332,0.028829796354874038
2020-09-17,1159711.844515494,442798.31351824803,2.739,2.658888,0.030129888885880085
2020-09-18,1174107.6834032368,448294.89718368085,2.773,2.658524,0.043059983660106216
2020-09-21,1169026.7990899158,446354.926478234,2.761,2.658148,0.03869310512431956
2020-09-22,1155477.7742543935,441181.671263709,2.729,2.657668,0.026840071822364475
2020-09-23,1155054.3672282835,441020.0070382551,2.728,2.657116,0.026677043832486147
2020-09-24,1138541.4932099904,434715.10224555276,2.689,2.6563719999999997,0.01228291820573335
2020-09-25,1136001.0510533298,433745.1168928293,2.683,2.6557440000000003,0.010263037401195163
2020-09-28,1136847.8651055503,434068.44534373714,2.685,2.655112,0.011256775608712521
2020-09-29,1136847.8651055503,434068.44534373714,2.685,2.654468,0.011502116431616471
2020-09-30,1133884.0159227797,432936.7957655598,2.678,2.6537919999999997,0.009122041214985943
2020-10-09,1149550.0758888524,438918.3721073543,2.715,2.6533759999999997,0.023224752164789253
2020-10-12,1168603.3920638056,446193.26225278,2.76,2.6531279999999997,0.040281509222321654
2020-10-13,1166486.3569332552,445384.9411255105,2.755,2.652968,0.03845956679462392
2020-10-14,1161405.4726199345,443444.97042006365,2.743,2.6527600000000002,0.03401740074488435
2020-10-15,1158018.216411054,442151.6566164324,2.735,2.652576,0.031073190739869583
2020-10-16,1159288.437489384,442636.6492927941,2.738,2.652476,0.03224308155851352
2020-10-19,1154630.9602021733,440858.34281280113,2.727,2.652292,0.028167336024841783
2020-10-20,1152937.332097733,440211.6859109855,2.723,2.652004,0.0267706986867291
2020-10-21,1151243.7039932925,439565.0290091699,2.719,2.651652,0.025398506289664002
2020-10-22,1146162.8196799718,437625.05830372305,2.707,2.651136,0.021071721707222713
2020-10-23,1142775.5634710912,436331.74450009177,2.699,2.650484,0.018304581351934024
2020-10-26,1136001.0510533298,433745.1168928293,2.683,2.64982,0.012521605241110567
2020-10-27,1132613.7948444493,432451.803089198,2.675,2.649152,0.009757084531200944
2020-10-28,1134307.4229488897,433098.4599910137,2.679,2.6485600000000002,0.011493037726160393
2020-10-29,1144469.1915755314,436978.4014019074,2.703,2.6481800000000004,0.02070100975009237
2020-10-30,1137694.6791577702,434391.7737946449,2.687,2.6477160000000004,0.0148369387049061
2020-11-02,1142352.156444981,436170.0802746379,2.698,2.6472800000000003,0.019159288023933962
2020-11-03,1149973.4829149626,439080.03633280826,2.716,2.646936,0.026092055115801926
2020-11-04,1160558.6585677143,443121.64196915587,2.741,2.646672,0.035640230447898436
2020-11-05,1180035.3817687777,450558.19634003553,2.787,2.6465800000000006,0.053057153005009905
2020-11-06,1189773.7433693095,454276.47352547536,2.81,2.64654,0.06176366123315735
2020-11-09,1211246.3649507533,462475.0968887222,2.861,2.6467519999999998,0.0809475160498605
2020-11-10,1211246.3649507533,462475.0968887222,2.85,2.6470439999999997,0.0766726960337647
2020-11-11,1211246.3649507533,462475.0968887222,2.865,2.647444,0.08217586472084015
2020-11-12,1211246.3649507533,462475.0968887222,2.878,2.6478,0.08694010121610396
2020-11-13,1211246.3649507533,462475.0968887222,2.858,2.648044,0.07928720217639884
2020-11-16,1211246.3649507533,462475.0968887222,2.915,2.64846,0.10063961698496482
2020-11-17,1211246.3649507533,462475.0968887222,2.926,2.6489879999999997,0.10457276514653913
2020-11-18,1211246.3649507533,462475.0968887222,2.94,2.6495439999999997,0.10962490149248327
2020-11-19,1211246.3649507533,462475.0968887222,2.921,2.650064,0.10223753086717902
2020-11-20,1211246.3649507533,462475.0968887222,2.936,2.650848,0.10757010586800897
2020-11-23,1211246.3649507533,462475.0968887222,2.98,2.651788,0.12377007513421145
2020-11-24,1211246.3649507533,462475.0968887222,2.975,2.65276,0.12147348422020854
2020-11-25,1211246.3649507533,462475.0968887222,2.943,2.6536119999999994,0.109054375696221
2020-11-26,1211246.3649507533,462475.0968887222,2.935,2.6544920000000003,0.10567294985255171
2020-11-27,1211246.3649507533,462475.0968887222,2.956,2.6554,0.11320328387436907
2020-11-30,1211246.3649507533,462475.0968887222,2.929,2.656116,0.1027379828290631
2020-12-01,1211246.3649507533,462475.0968887222,2.935,2.6569040000000004,0.10466919391893703
2020-12-02,1211246.3649507533,462475.0968887222,2.937,2.6577079999999995,0.10508754159599176
2020-12-03,1211246.3649507533,462475.0968887222,2.912,2.658404,0.09539407855239457
2020-12-04,1211246.3649507533,462475.0968887222,2.901,2.6589319999999996,0.09103956024448911
2020-12-07,1211246.3649507533,462475.0968887222,2.857,2.659308,0.07433964023723472
2020-12-08,1211246.3649507533,462475.0968887222,2.85,2.6596800000000003,0.07155748059916966
2020-12-09,1211246.3649507533,462475.0968887222,2.812,2.659928,0.05717147231052877
2020-12-10,1211246.3649507533,462475.0968887222,2.829,2.660268,0.06342669234828979
2020-12-11,1211246.3649507533,462475.0968887222,2.822,2.6605480000000004,0.06068373883876532
2020-12-14,1211246.3649507533,462475.0968887222,2.784,2.660664,0.04635534588358392
2020-12-15,1211246.3649507533,462475.0968887222,2.771,2.6607839999999996,0.041422377765350404
2020-12-16,1211246.3649507533,462475.0968887222,2.769,2.660844,0.04064725327753149
2020-12-17,1211246.3649507533,462475.0968887222,2.795,2.6610280000000004,0.05034595652507212
2020-12-18,1211246.3649507533,462475.0968887222,2.813,2.66122,0.057033991928514105
2020-12-21,1211246.3649507533,462475.0968887222,2.817,2.6614,0.05846546930187135
2020-12-22,1211246.3649507533,462475.0968887222,2.758,2.6612839999999998,0.03634185603640949
2020-12-23,1211246.3649507533,462475.0968887222,2.761,2.661184,0.03750811668791032
2020-12-24,1211246.3649507533,462475.0968887222,2.751,2.66092,0.03385295311396064
2020-12-25,1211246.3649507533,462475.0968887222,2.761,2.6606,0.037735849056603765
2020-12-28,1211246.3649507533,462475.0968887222,2.748,2.660152,0.03302367684252627
2020-12-29,1211246.3649507533,462475.0968887222,2.723,2.659624,0.023828932209966514
2020-12-30,1211246.3649507533,462475.0968887222,2.728,2.659084,0.025917195545533733
2020-12-31,1211246.3649507533,462475.0968887222,2.739,2.658648,0.03022288020076358
2021-01-04,1211246.3649507533,462475.0968887222,2.746,2.658364,0.03296614007713017
2021-01-05,1211246.3649507533,462475.0968887222,2.724,2.65796,0.024846122590257202
2021-01-06,1211246.3649507533,462475.0968887222,2.721,2.6575439999999997,0.023877685562308848
2021-01-07,1211246.3649507533,462475.0968887222,2.711,2.6569760000000002,0.020332889721246916
2021-01-08,1211246.3649507533,462475.0968887222,2.724,2.656452,0.025427901576990708
2021-01-11,1211246.3649507533,462475.0968887222,2.691,2.6557,0.013292164024550912
2021-01-12,1211246.3649507533,462475.0968887222,2.712,2.65496,0.02148431614788926
2021-01-13,1211246.3649507533,462475.0968887222,2.719,2.6541,0.024452733506650004
2021-01-14,1211246.3649507533,462475.0968887222,2.717,2.6532600000000004,0.024023277025244205
2021-01-15,1211246.3649507533,462475.0968887222,2.735,2.652516,0.031096513649682134
2021-01-18,1211125.2403142583,462475.0968887222,2.608,2.6511839999999998,-0.016288571445814304
2021-01-19,1212518.4058514296,462475.0968887222,2.611,2.649944,-0.014696159616957916
2021-01-20,1211589.6288266487,462475.0968887222,2.609,2.6486039999999997,-0.01495278267343847
2021-01-21,1213447.1828762104,462475.0968887222,2.613,2.6473160000000004,-0.01296256283722852
2021-01-22,1202301.8585788398,462475.0968887222,2.589,2.645888,-0.021500532146485396
2021-01-25,1186048.2606451747,462475.0968887222,2.554,2.6442599999999996,-0.034134313569769925
2021-01-26,1180939.98700888,462475.0968887222,2.543,2.6426279999999998,-0.037700349803301725
2021-01-27,1180475.5984964892,462475.0968887222,2.542,2.641008,-0.03748871642948448
2021-01-28,1165615.1660999954,462475.0968887222,2.51,2.639912,-0.04921073126679987
2021-01-29,1158184.9499017484,462428.8493790333,2.494,2.6387519999999998,-0.054856235068698966
2021-02-01,1166079.554612386,465580.9305496201,2.511,2.637864,-0.048093457433741826
2021-02-02,1168865.8856867284,466693.4297862978,2.517,2.637016,-0.0455120484669036
2021-02-03,1159578.1154389197,462985.0989973721,2.497,2.6363359999999996,-0.052852140243125234
2021-02-04,1151683.5107282824,459833.0178267853,2.48,2.6365840000000005,-0.05938896693600526
2021-02-05,1160506.8924637006,463355.9320762647,2.499,2.636652,-0.052207117207731635
2021-02-08,1166543.9431247762,465766.34708906634,2.512,2.636644,-0.04727373130388479
2021-02-09,1173974.1593230234,468733.01172020694,2.528,2.636676,-0.04121704752498978
2021-02-10,1182797.5410584416,472255.92596968636,2.547,2.636808,-0.03405936268397236
2021-02-18,1212054.0173390391,483937.1679548022,2.61,2.63702,-0.010246414513352287
2021-02-19,1236202.2199833416,493578.828006009,2.662,2.637384,0.009333491065389055
2021-02-22,1256635.314528521,501737.15574164555,2.706,2.6378959999999996,0.02581754549838222
2021-02-23,1243632.4361815888,496545.4926371496,2.678,2.63836,0.015024484907290914
2021-02-24,1229236.3922974851,490797.57991431473,2.647,2.6386400000000005,0.0031682988206043206
2021-02-25,1248740.7098178836,498585.07457105874,2.689,2.638908,0.018982094108623837
2021-02-26,1224592.5071735808,488943.4145198519,2.637,2.63896,-0.0007427168278412166
2021-03-01,1240846.1051072462,495432.9934004719,2.672,2.63916,0.012443353188135609
2021-03-02,1233880.2774213897,492651.7453087776,2.657,2.639156,0.006761252461014111
2021-03-03,1264065.5307267678,504703.8203727861,2.722,2.639348,0.03131530969012042
2021-03-04,1262207.976677206,503962.154215001,2.718,2.639596,0.02970303031221433
2021-03-05,1249205.098330274,498770.49111050495,2.69,2.639868,0.018990343456566805
2021-03-08,1244096.8246939792,496730.90917659586,2.679,2.640068,0.014746589860564097
2021-03-09,1238988.5510576845,494691.32724268676,2.668,2.6402159999999997,0.010523381420308286
2021-03-10,1232022.723371828,491910.07915099245,2.653,2.640596,0.0046974243693469475
2021-03-11,1253848.9834541786,500624.6565049679,2.7,2.640848,0.022398865818858305
2021-03-12,1266387.47328872,505630.90307001746,2.727,2.6411800000000003,0.03249305234781397
2021-03-15,1277997.186098481,510266.3165561746,2.752,2.641516,0.04182598174684515
2021-03-16,1279390.3516356524,510822.5661745134,2.755,2.6417759999999997,0.04285904633852389
2021-03-17,1272888.9124621863,508226.7346222655,2.741,2.6420719999999998,0.0374433399241203
2021-03-18,1272888.9124621863,508226.7346222655,2.741,2.642652,0.03721564549550993
2021-03-19,1264994.307751549,505074.6534516787,2.724,2.6430160000000003,0.03064075283691059
2021-03-22,1277068.4090737002,509895.48347728205,2.75,2.6435479999999996,0.040268608703152076
2021-03-23,1267316.250313501,506001.7361489101,2.729,2.6441600000000003,0.03208580418734108
2021-03-24,1245025.60171876,497101.74225548847,2.681,2.6447559999999997,0.013704099735476705
2021-03-25,1245954.378743541,497472.57533438096,2.683,2.6455919999999997,0.014139746415925192
2021-03-26,1260814.8111400348,503405.9045966621,2.715,2.646648,0.025825874842442254
2021-03-29,1277532.7975860906,510080.9000167283,2.751,2.6479519999999996,0.03891611328302025
2021-03-30,1277068.4090737002,509895.48347728205,2.75,2.649424,0.03796145879255275
2021-03-31,1273817.6894869672,508597.56770115806,2.743,2.6507680000000002,0.034794444477977526
2021-04-01,1282176.682709995,511935.0654111912,2.761,2.652484,0.04091108560881063
2021-04-02,1271495.746925015,507670.4850039266,2.738,2.65394,0.031673662554541515
2021-04-06,1274746.466511748,508968.40078005067,2.745,2.655196,0.03382198526963731
2021-04-07,1284034.2367595567,512676.73156897636,2.765,2.656604,0.04080246811342603
2021-04-08,1284498.6252719471,512862.1481084226,2.766,2.6579639999999998,0.04064614870630301
2021-04-09,1286356.1793215089,513603.81426620774,2.77,2.6594279999999997,0.04157736174846627
2021-04-12,1289606.8989082421,514901.73004233174,2.777,2.66094,0.0436161657158749
2021-04-13,1274746.466511748,508968.40078005067,2.745,2.662388,0.031029286490173558
2021-04-14,1277532.7975860906,510080.9000167283,2.751,2.663756,0.03275224907987062
2021-04-15,1279390.3516356524,510822.5661745134,2.755,2.665168,0.03370594273981964
2021-04-16,1295643.9495693177,517312.14505513344,2.79,2.6665799999999997,0.046284004230137565
2021-04-19,1301216.611718003,519537.1435284889,2.802,2.668036,0.05021071679692479
2021-04-20,1297501.5036188795,518053.81121291855,2.794,2.669464,0.04665206198697569
2021-04-21,1293322.0070073656,516385.06235790206,2.785,2.670924,0.04271031298531902
2021-04-22,1297037.115106489,517868.3946734723,2.793,2.672456,0.045106074711800836
2021-04-23,1294715.1725445366,516941.31197624083,2.788,2.6738720000000002,0.04268267142181803
2021-04-26,1291000.0644454132,515457.97966067056,2.78,2.675292,0.03913890521109464
2021-04-27,1284963.0137843376,513047.56464786886,2.767,2.676692,0.033738659509573665
2021-04-28,1286356.1793215089,513603.81426620774,2.77,2.6780759999999995,0.03432464201912144
2021-04-29,1293786.395519756,516570.4788973483,2.786,2.6795120000000003,0.039741564881963454
2021-04-30,1280319.1286604332,511193.39925340604,2.757,2.6808959999999997,0.028387524171023637
2021-05-06,1299359.0576684412,518795.4773707037,2.798,2.6824399999999997,0.043080180730976414
2021-05-07,1313755.1015525449,524543.3900935386,2.829,2.6841399999999997,0.05396886898596964
2021-05-10,1332795.0305605526,532145.4682108362,2.87,2.686076,0.0684731184076699
2021-05-11,1320256.5407260107,527139.2216457865,2.843,2.68786,0.05771877999598196
2021-05-12,1325364.8143623057,529178.8035796956,2.854,2.68976,0.061061209922074866
2021-05-13,1305396.1083295168,521205.8923835054,2.811,2.6913599999999995,0.04445336186909232
2021-05-14,1308182.4394038594,522318.39162018313,2.817,2.6928199999999998,0.04611522493148468
2021-05-17,1305860.4968419073,521391.30892295163,2.812,2.6942639999999995,0.04369876151706009
2021-05-18,1311433.1589905925,523616.30739630706,2.824,2.695752,0.04757410919105309
2021-05-19,1299823.4461808316,518980.89391015,2.799,2.697072,0.03779209453807675
2021-05-20,1279390.3516356524,510822.5661745134,2.755,2.698224,0.021041989100978986
2021-05-21,1281712.2941976045,511749.64887174487,2.76,2.69944,0.022434282666034422
2021-05-24,1280783.5171728237,511378.8157928523,2.758,2.7006400000000004,0.021239409917648944
2021-05-25,1293322.0070073656,516385.06235790206,2.785,2.702044,0.030701202497072755
2021-05-26,1302145.3887427836,519907.97660738137,2.804,2.703544,0.03715715372118966
2021-05-27,1307718.050891469,522132.9750807368,2.816,2.705092,0.040999714612294014
2021-05-28,1305860.4968419073,521391.30892295163,2.812,2.706592,0.03894491670706168
2021-05-31,1307253.6623790786,521947.5585412905,2.815,2.7081679999999997,0.03944806969139303
2021-06-01,1317470.2096516683,526026.7224091089,2.837,2.709864,0.046916007593001074
2021-06-02,1315148.267089716,525099.6397118773,2.832,2.7116759999999998,0.04437255778345195
2021-06-03,1321649.7062631822,527695.4712641253,2.846,2.713548,0.048811371680176796
2021-06-04,1318863.3751888394,526582.9720274477,2.84,2.715348,0.04590645471593313
2021-06-07,1317470.2096516683,526026.7224091089,2.837,2.717088,0.04413254189779647
2021-06-08,1312361.9360153733,523987.1404751997,2.826,2.718768,0.039441394043184363
2021-06-09,1319792.1522136205,526953.8051063402,2.842,2.7205679999999997,0.04463479685124594
2021-06-10,1324900.4258499152,528993.3870402494,2.853,2.722252,0.048029352168719175
2021-06-11,1326757.979899477,529735.0531980345,2.857,2.723928,0.04885297996129134
2021-06-15,1319327.76370123,526768.388566894,2.841,2.7255,0.042377545404512995
2021-06-16,1315148.267089716,525099.6397118773,2.832,2.726992,0.03850689697659537
2021-06-17,1311433.1589905925,523616.30739630706,2.824,2.728512,0.03499636431872033
2021-06-18,1311433.1589905925,523616.30739630706,2.824,2.729992,0.03443526574436828
2021-06-21,1305860.4968419073,521391.30892295163,2.812,2.7314000000000003,0.029508676869004713
2021-06-22,1317470.2096516683,526026.7224091089,2.837,2.7329480000000004,0.038073172266724464
2021-06-23,1334188.196097724,532701.7178291751,2.873,2.734708,0.05056920153815336
2021-06-24,1339760.858246409,534926.7163025304,2.885,2.736528,0.05425561149018021
2021-06-25,1344404.7433703134,536780.8816969933,2.895,2.7384519999999997,0.05716660361401282
2021-06-28,1327686.7569242578,530105.8862769271,2.859,2.74012,0.04338496124257318
2021-06-29,1317934.5981640585,526212.1389485551,2.838,2.7416719999999994,0.035134764479485714
2021-06-30,1324436.0373375246,528807.9705008031,2.852,2.743196,0.039663224939085584
2021-07-01,1324900.4258499152,528993.3870402494,2.853,2.744736,0.03944423070196912
2021-07-02,1313755.1015525449,524543.3900935386,2.829,2.746228,0.030140250554578918
2021-07-05,1317005.8211392777,525841.3058696624,2.836,2.747784,0.03210441577649492
2021-07-06,1320256.5407260107,527139.2216457865,2.843,2.749356,0.034060339948700724
2021-07-07,1321649.7062631822,527695.4712641253,2.846,2.7510120000000002,0.034528384463608175
2021-07-08,1301681.0002303934,519722.5600679351,2.803,2.7524280000000005,0.01837359596690602
2021-07-09,1310039.9934534212,523060.0577779683,2.821,2.753756,0.024419011706193317
2021-07-12,1312361.9360153733,523987.1404751997,2.826,2.754876,0.025817495959890913
2021-07-13,1322578.4832879629,528066.3043430179,2.848,2.755936,0.033405710437397484
2021-07-14,1325364.8143623057,529178.8035796956,2.854,2.756288,0.03545057700791787
2021-07-15,1339760.858246409,534926.7163025304,2.885,2.7569359999999996,0.046451567972561
2021-07-16,1345333.5203950943,537151.7147758858,2.897,2.7574720000000004,0.050599969827435975
2021-07-19,1341618.4122959708,535668.3824603156,2.889,2.7579279999999997,0.04752553366150236
2021-07-20,1332330.6420481622,531960.05167139,2.869,2.7585520000000003,0.04003839695608424
2021-07-21,1330473.0879986004,531218.3855136049,2.865,2.758948,0.03843928917833894
2021-07-22,1342082.8008083613,535853.7989997619,2.89,2.7595080000000003,0.04728813976984303
2021-07-23,1337903.3041968474,534185.0501447453,2.881,2.760192,0.04376796976442221
2021-07-26,1315148.267089716,525099.6397118773,2.832,2.7609679999999996,0.025727208718101746
2021-07-27,1287749.3448586804,514160.06388454663,2.773,2.7615,0.004164403403947192
2021-07-28,1275675.243536529,509339.23385894316,2.747,2.761524,-0.0052594147289686255
2021-07-29,1285891.7908091184,513418.39772676147,2.769,2.7616639999999997,0.002656369493175381
2021-07-30,1300287.8346932218,519166.31044959626,2.8,2.7619240000000005,0.013786041904121582
2021-08-02,1289606.8989082421,514901.73004233174,2.777,2.7622240000000002,0.005349312727715105
2021-08-03,1271495.746925015,507670.4850039266,2.738,2.7626760000000004,-0.008931919631545826
2021-08-04,1282641.0712223854,512120.4819506375,2.762,2.763276,-0.0004617707387897241
2021-08-05,1277068.4090737002,509895.48347728205,2.75,2.7637519999999998,-0.004975844431772347
2021-08-06,1282176.682709995,511935.0654111912,2.761,2.7641479999999996,-0.0011388681069174345
2021-08-09,1300752.2232056125,519351.7269890426,2.801,2.764696,0.013131280979898019
2021-08-10,1300287.8346932218,519166.31044959626,2.8,2.765164,0.012598167775943692
2021-08-11,1327222.3684118674,529920.4697374807,2.858,2.7656199999999997,0.03340299824270887
2021-08-12,1341618.4122959708,535668.3824603156,2.889,2.766196,0.04439454037241042
2021-08-13,1339296.4697340187,534741.2997630842,2.884,2.7668120000000003,0.04235488352660011
2021-08-16,1343011.5778331421,536224.6320786544,2.892,2.767408,0.045021189502957304
2021-08-17,1327222.3684118674,529920.4697374807,2.858,2.7678880000000006,0.03255623059892576
2021-08-18,1335581.3616348952,533257.9674475138,2.876,2.768312,0.03890023956837241
2021-08-19,1330937.4765109909,531403.8020530511,2.866,2.768748,0.035124901218890336
2021-08-20,1337903.3041968474,534185.0501447453,2.881,2.769324,0.0403260867995221
2021-08-23,1343940.354857923,536595.465157547,2.894,2.769856,0.04481965849488212
2021-08-24,1355085.6791552936,541045.4621042579,2.918,2.770428,0.05326685984981383
2021-08-25,1370874.8885765683,547349.6244454315,2.952,2.770888,0.06536243976660194
2021-08-26,1389775.8261028177,554896.2073924729,2.993,2.7715,0.07992062060256178
2021-08-27,1389775.8261028177,554896.2073924729,3.022,2.7722599999999997,0.09008534553036163
2021-08-30,1389775.8261028177,554896.2073924729,3.047,2.77318,0.09873863218399093
2021-08-31,1389775.8261028177,554896.2073924729,3.12,2.774404,0.12456585270205789
2021-09-01,1389775.8261028177,554896.2073924729,3.115,2.775592,0.12228310212740201
2021-09-02,1389775.8261028177,554896.2073924729,3.194,2.7771479999999995,0.15010075084223118
2021-09-03,1389775.8261028177,554896.2073924729,3.171,2.778772,0.14115155903399046
2021-09-06,1389775.8261028177,554896.2073924729,3.199,2.780504,0.1505108426386006
2021-09-07,1389775.8261028177,554896.2073924729,3.28,2.782428,0.17882655004909376
2021-09-08,1389775.8261028177,554896.2073924729,3.316,2.784536,0.19086267873713947
2021-09-09,1389775.8261028177,554896.2073924729,3.417,2.787056,0.2260248807343661
2021-09-10,1389775.8261028177,554896.2073924729,3.354,2.789324,0.20244188197570456
2021-09-13,1389775.8261028177,554896.2073924729,3.426,2.7919,0.22712131523335377
2021-09-14,1389775.8261028177,554896.2073924729,3.356,2.794276,0.20102667023586784
2021-09-15,1389775.8261028177,554896.2073924729,3.333,2.796612,0.1917992199132379
2021-09-16,1389775.8261028177,554896.2073924729,3.32,2.798848,0.18620232324156216
2021-09-17,1389775.8261028177,554896.2073924729,3.231,2.8008159999999998,0.15359238164877675
2021-09-22,1389775.8261028177,554896.2073924729,3.289,2.803088,0.1733488210145384
2021-09-23,1389775.8261028177,554896.2073924729,3.28,2.8053359999999996,0.16920040950531434
2021-09-24,1389775.8261028177,554896.2073924729,3.166,2.80712,0.12784633360882336
2021-09-27,1389775.8261028177,554896.2073924729,3.081,2.808532,0.09701438331484202
2021-09-28,1389775.8261028177,554896.2073924729,3.159,2.8102240000000003,0.12410967951309204
2021-09-29,1389775.8261028177,554896.2073924729,3.075,2.8115680000000003,0.09369575980378197
2021-09-30,1389775.8261028177,554896.2073924729,3.09,2.812836,0.0985354283008324
2021-10-08,1389775.8261028177,554896.2073924729,3.08,2.814112,0.0944838016397358
2021-10-11,1389775.8261028177,554896.2073924729,3.123,2.8156879999999997,0.10914277434147546
2021-10-12,1389775.8261028177,554896.2073924729,3.083,2.817108,0.09438473782332801
2021-10-13,1389775.8261028177,554896.2073924729,3.043,2.8185240000000005,0.07964310397924579
2021-10-14,1389775.8261028177,554896.2073924729,3.026,2.8198959999999995,0.07308922031167109
2021-10-15,1389775.8261028177,554896.2073924729,3.048,2.821348,0.08033464854388761
2021-10-18,1389775.8261028177,554896.2073924729,3.097,2.8229960000000003,0.0970614198532338
2021-10-19,1389775.8261028177,554896.2073924729,3.109,2.82472,0.10064006343991605
2021-10-20,1389775.8261028177,554896.2073924729,3.035,2.826,0.07395612172682231
2021-10-21,1389775.8261028177,554896.2073924729,3.073,2.827252,0.08692115170490644
2021-10-22,1389775.8261028177,554896.2073924729,3.011,2.8282760000000002,0.06460614169197054
2021-10-25,1389775.8261028177,554896.2073924729,3.01,2.829344,0.06385084316364509
2021-10-26,1389775.8261028177,554896.2073924729,2.984,2.8303399999999996,0.054290297278772215
2021-10-27,1389775.8261028177,554896.2073924729,2.913,2.83104,0.028950491692099067
2021-10-28,1389775.8261028177,554896.2073924729,2.836,2.8314760000000003,0.001597753256605161
2021-10-29,1389775.8261028177,554896.2073924729,2.84,2.831944,0.0028446890192743712
2021-11-01,1389775.8261028177,554896.2073924729,2.849,2.8324640000000003,0.005838026538024899
2021-11-02,1389636.8485202072,554896.2073924729,2.798,2.8328280000000006,-0.012294428041519145
2021-11-03,1409999.64722976,554896.2073924729,2.839,2.833388,0.001980667667117908
2021-11-04,1406523.071840324,554896.2073924729,2.832,2.833984,-0.0007000745240622885
2021-11-05,1387153.580384896,554896.2073924729,2.793,2.8344560000000003,-0.014625734179680383
2021-11-08,1385663.6195037093,554896.2073924729,2.79,2.8348999999999998,-0.015838301174644465
2021-11-09,1378710.4687248373,554896.2073924729,2.776,2.835192,-0.020877598413088228
2021-11-10,1375233.8933354018,554896.2073924729,2.769,2.83552,-0.02345954181243637
2021-11-11,1398576.6138073278,554896.2073924729,2.816,2.8359919999999996,-0.007049385188674595
2021-11-12,1390630.1557743317,554896.2073924729,2.8,2.836328,-0.01280810964035195
2021-11-15,1392616.7702825808,554896.2073924729,2.804,2.83658,-0.011485662311657041
2021-11-16,1384173.6586225224,554896.2073924729,2.787,2.83658,-0.017478794886800375
2021-11-17,1385663.6195037093,554896.2073924729,2.79,2.8365,-0.016393442622950838
2021-11-18,1385663.6195037093,554896.2073924729,2.79,2.836216,-0.016294950737179348
2021-11-19,1403543.1500779507,554896.2073924729,2.826,2.8361199999999998,-0.0035682552219228336
2021-11-22,1403046.4964508885,554896.2073924729,2.825,2.83596,-0.003864652533886237
2021-11-23,1409502.9936026977,554896.2073924729,2.838,2.8358,0.0007757951900699833
2021-11-24,1425395.90966869,554896.2073924729,2.87,2.835848,0.012042958578880159
2021-11-25,1419932.7197710052,554896.2073924729,2.859,2.835624,0.008243688161759133
2021-11-26,1404039.803705013,554896.2073924729,2.827,2.835228,-0.0029020593758244395
2021-11-29,1386656.9267578335,554896.2073924729,2.792,2.834636,-0.01504108464014442
2021-11-30,1387650.2340119581,554896.2073924729,2.794,2.834128,-0.01415885238775394
2021-12-01,1400066.5746885147,554896.2073924729,2.819,2.83366,-0.005173521170500406
2021-12-02,1407516.3790944486,554896.2073924729,2.834,2.8330759999999997,0.00032614726890511925
2021-12-03,1422912.6415333787,554896.2073924729,2.865,2.832636,0.01142540022791505
2021-12-06,1418939.4125168808,554896.2073924729,2.857,2.8322920000000003,0.008723676796036584
2021-12-07,1433839.0213287484,554896.2073924729,2.887,2.8321,0.019384908724974448
2021-12-08,1433839.0213287484,554896.2073924729,2.887,2.831824,0.01948426173378004
2021-12-09,1439302.2112264335,554896.2073924729,2.898,2.8316999999999997,0.0234134971924993
2021-12-10,1429369.1386851883,554896.2073924729,2.878,2.831472,0.016432442206739006
2021-12-13,1424899.2560416278,554896.2073924729,2.869,2.8312000000000004,0.013351229160779798
2021-12-14,1406026.4182132618,554896.2073924729,2.831,2.8308760000000004,4.3802695702588323e-05
2021-12-15,1411986.261738009,554896.2073924729,2.843,2.8306440000000004,0.004365084411886322
2021-12-16,1432845.7140746238,554896.2073924729,2.885,2.830756,0.01916237217195671
2021-12-17,1424899.2560416278,554896.2073924729,2.869,2.830832,0.013482961899540458
2021-12-20,1411986.261738009,554896.2073924729,2.843,2.830956,0.004254393215578078
2021-12-21,1431355.7531934371,554896.2073924729,2.882,2.831168,0.017954427289373243
2021-12-22,1428872.4850581258,554896.2073924729,2.877,2.831388,0.016109413474945766
2021-12-23,1433342.3677016862,554896.2073924729,2.886,2.8317959999999998,0.019141209324400554
2021-12-24,1427879.1778040014,554896.2073924729,2.875,2.832212,0.015107626124033047
2021-12-27,1431355.7531934371,554896.2073924729,2.882,2.8326640000000003,0.017416820350030893
2021-12-28,1422912.6415333787,554896.2073924729,2.865,2.832944,0.011315437227139125
2021-12-29,1417946.105262756,554896.2073924729,2.855,2.8331120000000003,0.00772577999034274
2021-12-30,1416456.1443815692,554896.2073924729,2.852,2.833252,0.006617131127058196
2021-12-31,1428375.8314310636,554896.2073924729,2.876,2.833724,0.014918884125624032
2022-01-04,1449235.2837676785,554896.2073924729,2.918,2.834352,0.029512213020824518
2022-01-05,1444765.4011241181,554896.2073924729,2.909,2.834984,0.026108083855146846
2022-01-06,1446752.0156323672,554896.2073924729,2.913,2.835592,0.027298708699982077
2022-01-07,1454698.4736653634,554896.2073924729,2.929,2.8363159999999996,0.03267760009815568
2022-01-10,1464134.8925795464,554896.2073924729,2.948,2.8372159999999997,0.03904672749624982
2022-01-11,1474564.618747854,554896.2073924729,2.969,2.8381800000000004,0.04609291870142118
2022-01-12,1468604.7752231066,554896.2073924729,2.957,2.839052,0.04154485370468719
2022-01-13,1468108.1215960444,554896.2073924729,2.956,2.8398920000000003,0.04088465336005731
2022-01-14,1445758.7083782428,554896.2073924729,2.911,2.84064,0.02476906612594343
2022-01-17,1404536.4573320749,554896.2073924729,2.828,2.841068,-0.004599678712371547
2022-01-18,1419436.066143943,554896.2073924729,2.858,2.841656,0.005751575841692391
2022-01-19,1427879.1778040014,554896.2073924729,2.875,2.84226,0.01151900248393889
2022-01-20,1420926.0270251299,554896.2073924729,2.861,2.84294,0.006352578668561426
2022-01-21,1419436.066143943,554896.2073924729,2.858,2.843524,0.005090866122459348
2022-01-24,1412482.9153650713,554896.2073924729,2.844,2.844024,-8.438747352457199e-06
2022-01-25,1373247.2788271527,554896.2073924729,2.765,2.844216,-0.02785161183257523
2022-01-26,1377220.5078436506,554896.2073924729,2.773,2.844368,-0.025090986820270667
2022-01-27,1368280.7425565298,554896.2073924729,2.755,2.8449560000000003,-0.031619469685998824
2022-01-28,1364307.5135400319,554896.2073924729,2.747,2.8455,-0.03461606044631871
2022-02-07,1393610.0775367054,554896.2073924729,2.806,2.846288,-0.014154576065387614
2022-02-08,1426885.870549877,554896.2073924729,2.873,2.847328,0.009016172355274854
2022-02-09,1429865.7923122505,554896.2073924729,2.879,2.8484879999999997,0.01071164772328359
2022-02-10,1450228.591021803,554896.2073924729,2.92,2.849952,0.024578659570406725
2022-02-11,1451718.5519029899,554896.2073924729,2.923,2.8514720000000002,0.025084587890044086
2022-02-14,1428872.4850581258,554896.2073924729,2.877,2.8528119999999997,0.008478651940611703
2022-02-15,1419436.066143943,554896.2073924729,2.858,2.854204,0.0013299680050899987
2022-02-16,1433839.0213287484,554896.2073924729,2.887,2.8557759999999996,0.010933630648902515
2022-02-17,1426885.870549877,554896.2073924729,2.873,2.857224,0.005521443191013553
2022-02-18,1453208.5127841767,554896.2073924729,2.926,2.8588599999999995,0.02348488558376438
2022-02-21,1466121.5070877955,554896.2073924729,2.952,2.86068,0.03192247996979747
2022-02-22,1460658.3171901105,554896.2073924729,2.941,2.862524,0.02741496665180798
2022-02-23,1445262.0547511806,554896.2073924729,2.91,2.864168,0.01600185463981174
2022-02-24,1432845.7140746238,554896.2073924729,2.885,2.8656599999999997,0.006748881583998223
2022-02-25,1422912.6415333787,554896.2073924729,2.865,2.867008,-0.000700381721990162
2022-02-28,1427382.5241769392,554896.2073924729,2.874,2.8683159999999996,0.001981650557330683
2022-03-01,1442282.1329888068,554896.2073924729,2.904,2.8694919999999997,0.012025821992185382
2022-03-02,1458671.7026818614,554896.2073924729,2.937,2.8705920000000003,0.02313390408668292
2022-03-03,1476054.5796290408,554896.2073924729,2.972,2.8716559999999998,0.034942904024716226
2022-03-04,1471088.0433584182,554896.2073924729,2.962,2.872792,0.031052718052681838
2022-03-07,1461154.970817173,554896.2073924729,2.942,2.8739719999999997,0.023670376746885546
2022-03-08,1419932.7197710052,554896.2073924729,2.859,2.874652,-0.005444832974565328
2022-03-09,1391623.4630284563,554896.2073924729,2.802,2.875312,-0.025497059101760144
2022-03-10,1414469.5298733201,554896.2073924729,2.848,2.876016,-0.009741253178007336
2022-03-11,1424402.6024145654,554896.2073924729,2.868,2.87686,-0.0030797466682426222
2022-03-14,1405033.1109591373,554896.2073924729,2.829,2.877288,-0.016782470159400042
2022-03-15,1326561.8378833,554840.7177717336,2.671,2.8771,-0.0716346320948178
2022-03-16,1355864.4018799735,567096.6527580805,2.73,2.87726,-0.051180637133939944
2022-03-17,1370764.0106918411,573328.4841070704,2.76,2.877584,-0.04086205650295538
2022-03-18,1405529.7645861995,587869.4239213801,2.83,2.878232,-0.016757509471092003
2022-03-21,1414966.1835003826,591816.2504424071,2.849,2.879016,-0.010425784365213575
2022-03-22,1438805.557599371,601787.1806007909,2.897,2.8798039999999996,0.005971239709369192
2022-03-23,1436818.943091122,600956.2697542588,2.893,2.880468,0.004350681903079634
2022-03-24,1440295.518480558,602410.3637356899,2.9,2.8810599999999997,0.006573969302964944
2022-03-25,1440792.17210762,602618.0914473229,2.901,2.881644,0.00671699904637757
2022-03-28,1463638.2389524842,612173.5661824407,2.947,2.8824680000000003,0.022387759378421412
2022-03-29,1472578.0042396048,615912.6649918347,2.965,2.8833639999999994,0.028312762453856166
2022-03-30,1476551.233256103,617574.4866848986,2.973,2.88436,0.030731254073693925
2022-03-31,1495920.724711531,625675.8674385855,3.012,2.885408,0.043873171489092755
2022-04-01,1512310.2944045858,632530.8819224744,3.045,2.886672,0.05484793561582335
2022-04-06,1534659.7076223874,641878.6289459591,3.09,2.888308,0.0698305028411097
2022-04-07,1511813.6407775236,632323.1542108414,3.044,2.8897520000000005,0.0533775908797709
2022-04-08,1529196.5177247028,639593.6241179963,3.079,2.8912080000000002,0.06495278098289714
2022-04-11,1499893.9537280293,627337.6891316494,3.02,2.892284,0.04415748937517883
2022-04-12,1494927.4174574064,625260.4120153195,3.01,2.8933240000000002,0.04032593653527905
2022-04-13,1506350.4508798386,630038.1493828784,3.033,2.894484,0.047855161749037256
2022-04-14,1534163.0539953252,641670.9012343262,3.089,2.8957960000000003,0.06671878820193133
2022-04-15,1517773.4843022707,634815.8867504373,3.056,2.897068,0.054859602881257796
2022-04-18,1485987.6521702858,621521.3132059255,2.992,2.898056,0.03241621279920048
2022-04-19,1507840.4117610254,630661.3325177775,3.036,2.89914,0.04720710279600149
2022-04-20,1464631.5462066086,612589.0216057067,2.949,2.899872,0.016941437415168625
2022-04-21,1437812.2503452466,601371.7251775248,2.895,2.9003720000000004,-0.0018521762036043388
2022-04-22,1452711.8591571143,607603.5565265147,2.925,2.900964,0.008285521640392535
2022-04-25,1391126.809401394,581845.3202840233,2.801,2.9011880000000003,-0.03453343940482323
2022-04-26,1371757.3179459658,573743.9395303363,2.762,2.901232,-0.04799064673214681
2022-04-27,1389636.8485202072,581222.1371491243,2.798,2.901404,-0.03563929738843674
2022-04-28,1412482.9153650713,590777.611884242,2.844,2.9016200000000003,-0.019857872498811213
2022-04-29,1429369.1386851883,597840.354079764,2.878,2.901924,-0.0082441855817037
2022-05-05,1423905.9487875032,595555.349251801,2.867,2.902216,-0.012134176091648685
2022-05-06,1386656.9267578335,579975.7708793262,2.792,2.9022439999999996,-0.037985779279757215
2022-05-09,1382683.6977413355,578313.9491862622,2.784,2.9022079999999995,-0.0407303680508081
2022-05-10,1384173.6586225224,578937.1323211612,2.787,2.902204,-0.039695348776309314
2022-05-11,1383180.351368398,578521.6768978953,2.785,2.902224,-0.04039109317544054
2022-05-12,1377220.5078436506,576028.9443582994,2.773,2.902248,-0.04453375452407926
2022-05-13,1404536.4573320749,587453.968498114,2.828,2.90248,-0.02566081420027022
2022-05-16,1426389.2169228145,596593.987809966,2.872,2.902824,-0.010618625173279495
2022-05-17,1421422.680652192,594516.710693636,2.862,2.903244,-0.014206177641286732
2022-05-18,1407516.3790944486,588700.3347679122,2.834,2.9033880000000005,-0.02389897595498791
2022-05-19,1409006.3399756355,589323.5179028112,2.837,2.90342,-0.02287646981835212
2022-05-20,1428375.8314310636,597424.898656498,2.876,2.903444,-0.009452222946266575
2022-05-23,1430362.4459393127,598255.8095030299,2.88,2.903592,-0.008125108486316313
2022-05-24,1408509.686348573,589115.7901911781,2.836,2.90352,-0.023254532429602737
2022-05-25,1422912.6415333787,595139.893828535,2.865,2.9037360000000003,-0.013340055707543708
2022-05-26,1442778.786615869,603449.0022938548,2.905,2.9040880000000002,0.00031404007041091475
2022-05-27,1442282.1329888068,603241.2745822219,2.904,2.904456,-0.00015700014047392852
2022-05-30,1435328.9822099353,600333.0866193599,2.89,2.9047199999999997,-0.005067614090170314
2022-05-31,1437315.5967181844,601163.9974658919,2.894,2.9051,-0.0038208667515747807
2022-06-01,1441785.4793617446,603033.5468705889,2.903,2.905692,-0.0009264574497228617
2022-06-02,1432845.7140746238,599294.4480611949,2.885,2.906192,-0.007292016494436782
2022-06-06,1432349.0604475616,599086.7203495619,2.884,2.9066959999999997,-0.007808178082606476
2022-06-07,1439798.8648534957,602202.6360240569,2.899,2.907152,-0.00280411894527699
2022-06-08,1458671.7026818614,610096.2890661107,2.937,2.907684,0.010082251028653566
2022-06-09,1462148.2780712973,611550.3830475417,2.944,2.908196,0.012311412298208202
2022-06-10,1472081.3506125426,615704.9372802016,2.964,2.908804,0.01897549645833818
2022-06-13,1450228.591021803,606564.9179683498,2.92,2.909224,0.0037040805383152797
2022-06-14,1469101.428850169,614458.5710104037,2.958,2.909708,0.016596854392262106
2022-06-15,1470591.3897313557,615081.7541453026,2.961,2.9102240000000004,0.01744745421658256
2022-06-16,1447248.6692594297,605318.5516985519,2.914,2.910496,0.0012039185073609016
2022-06-17,1443772.0938699937,603864.4577171209,2.907,2.910764,-0.0012931312878680101
2022-06-20,1432845.7140746238,599294.4480611949,2.885,2.910956,-0.008916658307442704
2022-06-21,1435825.6358369975,600540.8143309929,2.891,2.911216,-0.006944177278498054
2022-06-22,1417946.105262756,593062.616712205,2.855,2.911268,-0.01932766066195213
2022-06-23,1429865.7923122505,598048.081791397,2.879,2.9113719999999996,-0.011119156191651047
2022-06-24,1431852.4068204993,598878.9926379289,2.883,2.911476,-0.00978060612555276
2022-06-27,1445262.0547511806,604487.6408520199,2.91,2.911752,-0.0006016995952951021
2022-06-28,1457678.3954277372,609680.8336428448,2.935,2.9121639999999998,0.00784159133894935
2022-06-29,1463638.2389524842,612173.5661824407,2.947,2.912656,0.011791299762141438
2022-06-30,1472081.3506125426,615704.9372802016,2.964,2.913216,0.01743228102550587
2022-07-01,1474564.618747854,616743.5758383666,2.969,2.9138439999999997,0.01892894746595908
2022-07-04,1477544.5405102274,617989.9421081647,2.975,2.9143959999999995,0.02079470325926902
2022-07-05,1484497.6912890992,620898.1300710265,2.989,2.91486,0.02543518385102539
2022-07-06,1451718.5519029899,607188.1011032488,2.923,2.9150120000000004,0.0027402974670429625
2022-07-07,1458175.0490547994,609888.5613544778,2.936,2.915176,0.007143307985521208
2022-07-08,1457181.741800675,609473.1059312117,2.934,2.915476,0.006353679467778317
2022-07-11,1443772.0938699937,603864.4577171209,2.907,2.9157520000000003,-0.00300162702452067
2022-07-12,1455195.1272924258,608642.1950846798,2.93,2.916064,0.004779044630021989
2022-07-13,1454201.8200383012,608226.7396614137,2.928,2.916364,0.003989899751882797
2022-07-14,1439302.2112264335,601994.9083124239,2.898,2.9166399999999997,-0.00639091557408511
2022-07-15,1419436.066143943,593685.799847104,2.858,2.916728,-0.020134890877723244
2022-07-18,1448738.6301406163,605941.7348334508,2.917,2.917024,-8.227563434548557e-06
2022-07-19,1450725.2446488652,606772.6456799827,2.921,2.9173240000000003,0.0012600588758737707
2022-07-20,1453208.5127841767,607811.2842381478,2.926,2.9178159999999997,0.002804837590855813
2022-07-21,1431355.7531934371,598671.264926296,2.882,2.91806,-0.012357525205102027
2022-07-22,1422912.6415333787,595139.893828535,2.865,2.918216,-0.01823579885793236
2022-07-25,1427382.5241769392,597009.443233232,2.874,2.9183199999999996,-0.015186819814139496
2022-07-26,1446255.362005305,604903.0962752858,2.912,2.918552,-0.002244948865053664
2022-07-27,1446255.362005305,604903.0962752858,2.912,2.9186600000000005,-0.0022818690769053074
2022-07-28,1451718.5519029899,607188.1011032488,2.923,2.918764,0.0014512992485860021
2022-07-29,1440792.17210762,602618.0914473229,2.901,2.918812,-0.00610248279094372
2022-08-01,1444268.747497056,604072.1854287538,2.908,2.918968,-0.003757492374017124
2022-08-02,1412979.5689921337,590985.3395958751,2.845,2.918888,-0.025313749619718107
2022-08-03,1399073.2674343903,585168.9636701512,2.817,2.918596,-0.034809888042058534
2022-08-04,1401059.8819426394,585999.8745166832,2.821,2.9183559999999997,-0.033359877958686224
2022-08-05,1403046.4964508885,586830.7853632151,2.825,2.918328,-0.031979955645835445
2022-08-08,1418442.7588898183,593270.344423838,2.856,2.91866,-0.02146875621004163
2022-08-09,1428872.4850581258,597632.6263681309,2.877,2.9191800000000003,-0.014449263149240776
2022-08-10,1420926.0270251299,594308.982982003,2.861,2.9195480000000003,-0.020053789148183232
2022-08-11,1434335.6749558107,599917.6311960939,2.888,2.9198999999999997,-0.01092503167916703
2022-08-12,1447745.322886492,605526.2794101848,2.915,2.920452,-0.001866834311949006
2022-08-15,1454698.4736653634,608434.4673730467,2.929,2.921216,0.002664643764788366
2022-08-16,1459665.009935986,610511.7444893768,2.939,2.921924,0.005844094507591491
2022-08-17,1461651.624444235,611342.6553359088,2.943,2.9226959999999997,0.006947010568324696
2022-08-18,1449731.9373947408,606357.1902567168,2.919,2.923328,-0.0014805044114105659
2022-08-19,1462148.2780712973,611550.3830475417,2.944,2.9239,0.0068743801087587375
2022-08-22,1475061.2723749164,616951.3035499997,2.97,2.92458,0.015530435139404553
2022-08-23,1480027.8086455388,619028.5806663296,2.98,2.9250679999999996,0.018779734351475064
2022-08-24,1458175.0490547994,609888.5613544778,2.936,2.925256,0.0036728409411004304
2022-08-25,1490457.5348138462,623390.8626106225,3.001,2.9257239999999998,0.025729016134126148
2022-08-26,1480027.8086455388,619028.5806663296,2.98,2.926076,0.01842877628605688
2022-08-29,1490954.1884409084,623598.5903222555,3.002,2.9266520000000003,0.025745459316652397
2022-08-30,1477544.5405102274,617989.9421081647,2.975,2.9270479999999997,0.016382375690456863
2022-08-31,1468604.7752231066,614250.8432987706,2.957,2.927412,0.01010722098563499
2022-09-01,1482511.07678085,620067.2192244945,2.985,2.927828,0.019527103368093934
2022-09-02,1479531.1550184765,618820.8529546966,2.979,2.9281680000000003,0.01735965969165698
2022-09-05,1506350.4508798386,630038.1493828784,3.033,2.9286280000000002,0.035638531080082414
2022-09-06,1530686.4786058895,640216.8072528952,3.082,2.929148,0.05218309214829686
2022-09-07,1526713.2495893913,638554.9855598313,3.074,2.9294719999999996,0.04933585301378551
2022-09-08,1522243.3669458309,636685.4361551342,3.065,2.929644,0.04620220067694225
2022-09-09,1543599.4729095083,645617.7277553532,3.108,2.929888,0.060791402265206074
2022-09-13,1532176.4394870761,640839.9903877942,3.085,2.929748,0.052991588355039365
2022-09-14,1519263.4451834576,635439.0698853363,3.059,2.929524,0.044196941209561746
2022-09-15,1525223.2887082046,637931.8024249324,3.071,2.9290320000000003,0.048469255371740516
2022-09-16,1480524.462272601,619236.3083779626,2.981,2.9282719999999998,0.018006523984110734
2022-09-19,1480524.462272601,619236.3083779626,2.981,2.9274,0.0183097629295621
2022-09-20,1479034.5013914143,618613.1252430637,2.978,2.9261919999999995,0.0177049216182672
2022-09-21,1492444.1493220953,624221.7734571545,3.005,2.924948,0.027368691682723822
2022-09-22,1498403.9928468424,626714.5059967504,3.017,2.923348,0.032035871199733945
2022-09-23,1486484.305797348,621729.0409175585,2.993,2.921904,0.0243320793564743
2022-09-26,1462644.9316983595,611758.1107591747,2.945,2.91998,0.008568551839396088
2022-09-27,1470591.3897313557,615081.7541453026,2.961,2.9184,0.01459703947368407
2022-09-28,1460161.6635630482,610719.4722010097,2.94,2.9168279999999998,0.007944246283976941
2022-09-29,1457678.3954277372,609680.8336428448,2.935,2.915288,0.006761596109887025
2022-09-30,1470094.7361042935,614874.0264336696,2.96,2.9142040000000002,0.015714754354877014
2022-10-10,1472578.0042396048,615912.6649918347,2.965,2.912908,0.017883160058608016
2022-10-11,1467611.4679689822,613835.3878755047,2.955,2.911608,0.014903105088322377
2022-10-12,1484994.3449161616,621105.8577826596,2.99,2.910904,0.0271723148547669
2022-10-13,1462148.2780712973,611550.3830475417,2.944,2.9103559999999997,0.011560097802468139
2022-10-14,1478041.1941372897,618197.6698197976,2.976,2.909624,0.02281256959662148
2022-10-17,1473571.3114937295,616328.1204151006,2.967,2.9091919999999996,0.019870809489370478
2022-10-18,1471088.0433584182,615289.4818569357,2.962,2.9086800000000004,0.018331339301676186
2022-10-19,1469598.0824772313,614666.2987220366,2.959,2.908196,0.017469248977716845
2022-10-20,1456685.0881736125,609265.3782195788,2.933,2.907436,0.008792626905630874
2022-10-21,1463141.585325422,611965.8384708078,2.946,2.906888,0.01345493875237036
2022-10-24,1437315.5967181844,601163.9974658919,2.894,2.906292,-0.0042294442540529165
2022-10-25,1423409.295160441,595347.621540168,2.866,2.905652,-0.0136465068769418
2022-10-26,1414966.1835003826,591816.2504424071,2.849,2.904856,-0.019228491877050002
2022-10-27,1421919.3342792543,594724.438405269,2.863,2.9039200000000003,-0.014091297280916959
2022-10-28,1397583.3065532034,584545.7805352522,2.814,2.9027399999999997,-0.03057111556667136
2022-10-31,1364307.5135400319,570628.0238558414,2.747,2.9015880000000003,-0.05327703312806653
2022-11-01,1374240.586081277,574782.5780885014,2.767,2.900364,-0.04598181469636231
2022-11-02,1390630.1557743317,581637.5925723902,2.8,2.89952,-0.03432292241474455
2022-11-03,1381193.7368601488,577690.7660513633,2.781,2.8986039999999997,-0.04057263427498192
2022-11-04,1405033.1109591373,587661.6962097471,2.829,2.8979840000000006,-0.023804134184315817
2022-11-07,1417449.451635694,592854.889000572,2.854,2.897748,-0.015097241029930819
2022-11-08,1417449.451635694,592854.889000572,2.854,2.8978200000000003,-0.015121712183641556
2022-11-09,1416456.1443815692,592439.433577306,2.852,2.897868,-0.015828188171441937
2022-11-10,1419932.7197710052,593893.527558737,2.859,2.8979079999999997,-0.013426237133821961
2022-11-11,1450725.2446488652,606772.6456799827,2.921,2.8983999999999996,0.007797405465084228
2022-11-14,1445262.0547511806,604487.6408520199,2.91,2.8986840000000003,0.003903840501413791
2022-11-15,1450228.591021803,606564.9179683498,2.92,2.899036,0.007231369324147696
2022-11-16,1445758.7083782428,604695.3685636529,2.911,2.899508,0.003963431037265597
2022-11-17,1435328.9822099353,600333.0866193599,2.89,2.8999080000000004,-0.0034166601147347375
2022-11-18,1428872.4850581258,597632.6263681309,2.877,2.900312,-0.00803775593798195
2022-11-21,1423409.295160441,595347.621540168,2.866,2.9006999999999996,-0.011962629710069783
2022-11-22,1432845.7140746238,599294.4480611949,2.885,2.900976,-0.005507112089172872
2022-11-23,1440792.17210762,602618.0914473229,2.901,2.90138,-0.00013097215807655882
2022-11-24,1448738.6301406163,605941.7348334508,2.917,2.9018319999999997,0.005227042778493063
2022-11-25,1473074.6578666673,616120.3927034676,2.966,2.902548,0.02186079265528096
2022-11-28,1464134.8925795464,612381.2938940737,2.948,2.90318,0.015438243581176625
2022-11-29,1506847.1045069008,630245.8770945114,3.034,2.904156,0.04470971945033253
2022-11-30,1496914.0319656555,626091.3228618514,3.014,2.904908,0.03755437349478874
2022-12-01,1486484.305797348,621729.0409175585,2.993,2.90558,0.030086936171091372
2022-12-02,1476054.5796290408,617366.7589732656,2.972,2.906116,0.02267080873578342
2022-12-05,1502377.2218633406,628376.3276898144,3.025,2.906736,0.04068618546713565
2022-12-06,1496417.3783385933,625883.5951502185,3.013,2.907352,0.036338221171705376
2022-12-07,1488967.5739326596,622767.6794757235,2.998,2.908036,0.0309363432914862
2022-12-08,1496417.3783385933,625883.5951502185,3.013,2.90892,0.03577960205162034
2022-12-09,1499893.9537280293,627337.6891316494,3.02,2.9098239999999995,0.037863458408481154
2022-12-12,1469101.428850169,614458.5710104037,2.958,2.91038,0.016362124533566114
2022-12-13,1476054.5796290408,617366.7589732656,2.972,2.9109320000000003,0.020978848011564466
2022-12-14,1473074.6578666673,616120.3927034676,2.966,2.9113360000000004,0.018776259421791064
2022-12-15,1455691.780919488,608849.9227963127,2.931,2.9116319999999996,0.006651939530819995
2022-12-16,1466618.1607148577,613419.9324522386,2.953,2.911896,0.014115888754268724
2022-12-19,1447248.6692594297,605318.5516985519,2.914,2.912004,0.0006854386189030226
2022-12-20,1430362.4459393127,598255.8095030299,2.88,2.911932,-0.010965915412859961
2022-12-21,1431852.4068204993,598878.9926379289,2.883,2.9119520000000003,-0.009942471579201917
2022-12-22,1420926.0270251299,594308.982982003,2.861,2.9119200000000003,-0.017486744141322563
2022-12-23,1415959.490754507,592231.705865673,2.851,2.912,-0.020947802197802123
2022-12-26,1412482.9153650713,590777.611884242,2.844,2.912004,-0.023352989899739218
2022-12-27,1426389.2169228145,596593.987809966,2.872,2.9119520000000003,-0.013720006373731608
2022-12-28,1429369.1386851883,597840.354079764,2.878,2.911988,-0.011671751394579877
2022-12-29,1414966.1835003826,591816.2504424071,2.849,2.9120120000000003,-0.021638647093487284
2022-12-30,1421919.3342792543,594724.438405269,2.863,2.911936,-0.016805314402514315
2023-01-03,1428375.8314310636,597424.898656498,2.876,2.9119319999999997,-0.012339573863675346
2023-01-04,1438805.557599371,601787.1806007909,2.897,2.911976,-0.005142899529391842
2023-01-05,1441288.8257346824,602825.819158956,2.902,2.912084,-0.0034628121990986083
2023-01-06,1438805.557599371,601787.1806007909,2.897,2.9121439999999996,-0.005200292293238151
2023-01-09,1439798.8648534957,602202.6360240569,2.899,2.9122799999999995,-0.0045600010987952855
2023-01-10,1431852.4068204993,598878.9926379289,2.883,2.9123919999999996,-0.010092048048476854
2023-01-11,1442778.786615869,603449.0022938548,2.905,2.912604,-0.002610722226571216
2023-01-12,1436322.2894640598,600748.5420426258,2.892,2.912668,-0.007095899704326114
2023-01-13,1443772.0938699937,603864.4577171209,2.907,2.9126239999999997,-0.00193090491597947
2023-01-16,1384670.3122495846,579144.8600327942,2.788,2.91214,-0.04262844506102048
2023-01-17,1380697.0832330864,577483.0383397302,2.78,2.9116079999999998,-0.045201139713862526
2023-01-18,1382187.0441142733,578106.2214746292,2.783,2.911024,-0.04397902593726466
2023-01-19,1385166.965876647,579352.5877444273,2.789,2.9103879999999998,-0.041708528209984275
2023-01-20,1399073.2674343903,585168.9636701512,2.817,2.9097799999999996,-0.03188557210510745
2023-01-30,1391126.809401394,581845.3202840233,2.801,2.909156,-0.03717779314687819
2023-01-31,1395100.038417892,583507.1419770872,2.809,2.908568,-0.03423265331943404
2023-02-01,1397086.6529261412,584338.0528236192,2.813,2.908176,-0.032727042654914995
2023-02-02,1399073.2674343903,585168.9636701512,2.817,2.908132,-0.03133695444360851
2023-02-03,1390133.5021472694,581429.8648607573,2.799,2.907896,-0.03744838192287481
2023-02-06,1382683.6977413355,578313.9491862622,2.784,2.9075320000000002,-0.04248689266360628
2023-02-07,1388146.8876390203,580598.9540142252,2.795,2.907268,-0.038616322953370696
2023-02-08,1384670.3122495846,579144.8600327942,2.788,2.906988,-0.04093171351240543
2023-02-09,1389140.194893145,581014.4094374912,2.797,2.9068,-0.03777349662859497
2023-02-10,1390630.1557743317,581637.5925723902,2.8,2.90694,-0.036787824998108065
2023-02-13,1393113.4239096432,582676.2311305553,2.805,2.9070679999999998,-0.03511028981778186
2023-02-14,1401556.5355697016,586207.6022283161,2.822,2.907336,-0.02935195656779943
2023-02-15,1395100.038417892,583507.1419770872,2.809,2.9075840000000004,-0.03390581321124353
2023-02-16,1387650.2340119581,580391.2263025922,2.794,2.907536,-0.039048871621881864
2023-02-17,1390133.5021472694,581429.8648607573,2.799,2.90724,-0.03723118834358352
2023-02-20,1411986.261738009,590569.8841726091,2.843,2.907096,-0.022048119497945717
2023-02-21,1429865.7923122505,598048.081791397,2.879,2.906932,-0.009608755897970722
2023-02-22,1431852.4068204993,598878.9926379289,2.883,2.906772,-0.008178144003038512
2023-02-23,1437315.5967181844,601163.9974658919,2.894,2.9068400000000003,-0.004417167783572595
2023-02-24,1433342.3677016862,599502.1757728279,2.886,2.906952,-0.007207549350660036
2023-02-27,1435825.6358369975,600540.8143309929,2.891,2.906968,-0.0054930085229696335
2023-02-28,1439302.2112264335,601994.9083124239,2.898,2.9070679999999998,-0.0031192940791201496
2023-03-01,1447745.322886492,605526.2794101848,2.915,2.9070240000000003,0.00274369939842245
2023-03-02,1454698.4736653634,608434.4673730467,2.929,2.9069320000000003,0.007591508848504125
2023-03-03,1462148.2780712973,611550.3830475417,2.944,2.9069439999999998,0.012747407586799042
2023-03-06,1455195.1272924258,608642.1950846798,2.93,2.9070240000000003,0.007903615518826124
2023-03-07,1451718.5519029899,607188.1011032488,2.923,2.907176,0.005443082909325048
2023-03-08,1450725.2446488652,606772.6456799827,2.921,2.9074,0.0046777189241244965
2023-03-09,1448738.6301406163,605941.7348334508,2.917,2.907572,0.003242568025830339
2023-03-10,1428872.4850581258,597632.6263681309,2.877,2.907464,-0.010477859743061368
2023-03-13,1445262.0547511806,604487.6408520199,2.91,2.907356,0.0009094173537744776
2023-03-14,1437812.2503452466,601371.7251775248,2.895,2.907048,-0.0041444104122120295
2023-03-15,1449731.9373947408,606357.1902567168,2.919,2.906876,0.004170800543263686
2023-03-16,1439302.2112264335,601994.9083124239,2.898,2.9067000000000003,-0.0029930849416864858
2023-03-17,1448738.6301406163,605941.7348334508,2.917,2.906932,0.003463445309350277
2023-03-20,1442282.1329888068,603241.2745822219,2.904,2.9073399999999996,-0.0011488164438970827
2023-03-21,1438308.9039723088,601579.4528891578,2.896,2.9075320000000002,-0.003966250414440986
2023-03-22,1445262.0547511806,604487.6408520199,2.91,2.9076999999999997,0.0007910031984044164
2023-03-23,1446255.362005305,604903.0962752858,2.912,2.908032,0.0013644966767902833
2023-03-24,1437315.5967181844,601163.9974658919,2.894,2.908924,-0.005130419357810556
2023-03-27,1426885.870549877,596801.715521599,2.873,2.909496,-0.012543753282355352
2023-03-28,1429369.1386851883,597840.354079764,2.878,2.9099679999999997,-0.010985687815123546
2023-03-29,1428375.8314310636,597424.898656498,2.876,2.910152,-0.01173546948750448
2023-03-30,1433839.0213287484,599709.9034844609,2.887,2.910304,-0.008007410909650625
2023-03-31,1437315.5967181844,601163.9974658919,2.894,2.9102920000000005,-0.005598063699450262
2023-04-03,1447745.322886492,605526.2794101848,2.915,2.91038,0.0015874215738151953
2023-04-04,1454201.8200383012,608226.7396614137,2.928,2.910492,0.006015477795506596
2023-04-06,1445758.7083782428,604695.3685636529,2.911,2.910532,0.00016079534600543788
2023-04-07,1446255.362005305,604903.0962752858,2.912,2.910392,0.0005525028930810638
2023-04-10,1444765.4011241181,604279.9131403868,2.909,2.910168,-0.0004013513996443674
2023-04-11,1456188.4345465503,609057.6505079458,2.932,2.910004,0.007558752496560128
2023-04-12,1473074.6578666673,616120.3927034676,2.966,2.9098200000000003,0.019307036174058823
2023-04-13,1476551.233256103,617574.4866848986,2.973,2.9095319999999996,0.021813817479924724
2023-04-14,1472578.0042396048,615912.6649918347,2.965,2.9090320000000003,0.019239389597639267
2023-04-17,1489464.2275597218,622975.4071873565,2.999,2.908852,0.030990920129315702
2023-04-18,1498900.6464739046,626922.2337083834,3.018,2.908608,0.03760974321737409
2023-04-19,1496417.3783385933,625883.5951502185,3.013,2.9085799999999997,0.03590068005693503
2023-04-20,1494430.7638303444,625052.6843036865,3.009,2.908576,0.03452686125444204
2023-04-21,1485987.6521702858,621521.3132059255,2.992,2.908412,0.028740082216687224
2023-04-24,1483504.3840349747,620482.6746477606,2.987,2.908004,0.02716502453229097
2023-04-25,1494430.7638303444,625052.6843036865,3.009,2.9078160000000004,0.03479724989476618
2023-04-26,1497410.685592718,626299.0505734845,3.015,2.907908,0.036827850124556916
2023-04-27,1501383.9146092162,627960.8722665485,3.023,2.907856,0.03959755916386509
2023-04-28,1519263.4451834576,635439.0698853363,3.059,2.9082960000000004,0.05181865944869424
2023-05-04,1554370.4001196076,650122.7186375379,3.13,2.909236,0.0758838402934654
2023-05-05,1554370.4001196076,650122.7186375379,3.158,2.910168,0.08516071924370006
2023-05-08,1554370.4001196076,650122.7186375379,3.249,2.91196,0.11574334812291376
2023-05-09,1554370.4001196076,650122.7186375379,3.211,2.913756,0.10201403274673648
2023-05-10,1554370.4001196076,650122.7186375379,3.143,2.915136,0.0781658214230827
2023-05-11,1554370.4001196076,650122.7186375379,3.136,2.916304,0.07533371006589173
2023-05-12,1554370.4001196076,650122.7186375379,3.123,2.917284,0.07051627472676647
2023-05-15,1554370.4001196076,650122.7186375379,3.116,2.9182799999999998,0.06775223761941973
2023-05-16,1554370.4001196076,650122.7186375379,3.096,2.919496,0.06045701038809437
2023-05-17,1554370.4001196076,650122.7186375379,3.083,2.920692,0.055571761760569105
2023-05-18,1554370.4001196076,650122.7186375379,3.111,2.9219880000000003,0.06468609727350016
2023-05-19,1554370.4001196076,650122.7186375379,3.068,2.9231200000000004,0.04956348011713496
2023-05-22,1554370.4001196076,650122.7186375379,3.058,2.9242600000000003,0.04573464739797406
2023-05-23,1554370.4001196076,650122.7186375379,3.02,2.925028,0.03246874901710339
2023-05-24,1554370.4001196076,650122.7186375379,2.978,2.925452,0.0179623524843342
2023-05-25,1554370.4001196076,650122.7186375379,2.963,2.925856,0.012695088206664984
2023-05-26,1554370.4001196076,650122.7186375379,2.991,2.926484,0.022045567308756953
2023-05-29,1554370.4001196076,650122.7186375379,3.022,2.927224,0.032377433363486974
2023-05-30,1554370.4001196076,650122.7186375379,3.021,2.927804,0.03183136576082268
2023-05-31,1554370.4001196076,650122.7186375379,2.988,2.928236,0.020409557153180158
2023-06-01,1554370.4001196076,650122.7186375379,2.985,2.928832,0.019177610733561945
2023-06-02,1554370.4001196076,650122.7186375379,2.984,2.929308,0.018670621184252445
2023-06-05,1554370.4001196076,650122.7186375379,3.002,2.929696,0.024679693729315222
2023-06-06,1554370.4001196076,650122.7186375379,2.992,2.9300479999999998,0.021143680922633523
2023-06-07,1554370.4001196076,650122.7186375379,3.023,2.93058,0.03153641941185703
2023-06-08,1554370.4001196076,650122.7186375379,3.06,2.931244,0.04392537775770289
2023-06-09,1554370.4001196076,650122.7186375379,3.041,2.931796,0.037248157784511626
2023-06-12,1554370.4001196076,650122.7186375379,3.01,2.932296,0.026499371141248895
2023-06-13,1554370.4001196076,650122.7186375379,3.003,2.932772,0.02394594601967026
2023-06-14,1554370.4001196076,650122.7186375379,2.985,2.933116,0.017689037869623947
2023-06-15,1554370.4001196076,650122.7186375379,2.994,2.933344,0.020678106625066972
2023-06-16,1554370.4001196076,650122.7186375379,2.989,2.933524,0.018911043509444614
2023-06-19,1554370.4001196076,650122.7186375379,2.952,2.9334759999999998,0.006314692876301153
2023-06-20,1554214.9630795952,650122.7186375379,2.925,2.933496,-0.002896203028741162
2023-06-21,1545181.918849731,650122.7186375379,2.908,2.9332960000000003,-0.008623746120405285
2023-06-26,1520739.5638748042,650122.7186375379,2.862,2.9329,-0.02417402570834326
2023-06-27,1548901.4076502635,650122.7186375379,2.915,2.932904,-0.0061045298448227925
2023-06-28,1559528.5185089274,650122.7186375379,2.935,2.9330160000000003,0.0006764368145280031
2023-06-29,1558465.807423061,650122.7186375379,2.933,2.933208,-7.091212079068931e-05
2023-06-30,1561122.585137727,650122.7186375379,2.938,2.933396,0.0015695119240635158
2023-07-03,1579720.0291403886,650122.7186375379,2.973,2.933868,0.013338023387555298
2023-07-04,1567498.8516529254,650122.7186375379,2.95,2.934152,0.005401219841371541
2023-07-05,1566436.140567059,650122.7186375379,2.948,2.934412,0.004630569940417439
2023-07-06,1562716.6517665265,650122.7186375379,2.941,2.934536,0.0022027332430065716
2023-07-07,1572281.051539324,650122.7186375379,2.959,2.934632,0.008303596498641097
2023-07-10,1576000.5403398564,650122.7186375379,2.966,2.934708,0.010662730329559222
2023-07-11,1574937.82925399,650122.7186375379,2.964,2.934708,0.009981231522863565
2023-07-12,1565373.4294811925,650122.7186375379,2.946,2.934616,0.0038792128169409246
2023-07-13,1581845.4513121215,650122.7186375379,2.977,2.9346240000000003,0.014440010031949502
2023-07-14,1589815.7844561194,650122.7186375379,2.992,2.934636,0.01954722834450351
2023-07-17,1580782.7402262553,650122.7186375379,2.975,2.934844,0.013682498967577228
2023-07-18,1577063.2514257228,650122.7186375379,2.968,2.9349719999999997,0.011253258974872837
2023-07-19,1587159.0067414537,650122.7186375379,2.987,2.9351839999999996,0.017653407759104844
2023-07-20,1582376.8068550548,650122.7186375379,2.978,2.9354679999999997,0.014489001413062752
2023-07-21,1582376.8068550548,650122.7186375379,2.978,2.93566,0.014422651124449182
2023-07-24,1581314.0957691884,650122.7186375379,2.976,2.9358519999999997,0.013675076264062502
2023-07-25,1603631.0285723824,650122.7186375379,3.018,2.9363319999999997,0.02781293123529638
2023-07-26,1607350.5173729148,650122.7186375379,3.025,2.937,0.029962546816479474
2023-07-27,1612132.7172593137,650122.7186375379,3.034,2.937468,0.03286231543628726
2023-07-28,1639763.2054918397,650122.7186375379,3.086,2.938128,0.05032864463358977
2023-07-31,1650390.3163505036,650122.7186375379,3.106,2.938848,0.05687670815230983
2023-08-01,1652515.7385222365,650122.7186375379,3.11,2.9397599999999997,0.057909489210003606
2023-08-02,1631792.872347842,650122.7186375379,3.071,2.940584,0.044350373939326504
2023-08-03,1640294.561034773,650122.7186375379,3.087,2.941436,0.04948739323242135
2023-08-04,1634449.650062508,650122.7186375379,3.076,2.942092,0.04551455223018186
2023-08-07,1619571.6948603785,650122.7186375379,3.048,2.942636,0.03580599163471132
2023-08-08,1616914.9171457125,650122.7186375379,3.043,2.943116,0.033938179806708435
2023-08-09,1611601.3617163803,650122.7186375379,3.033,2.9436440000000004,0.03035557288856916
2023-08-10,1622759.8281179776,650122.7186375379,3.054,2.944228,0.03728379731461007
2023-08-11,1600442.8953147833,650122.7186375379,3.012,2.9448959999999995,0.022786543225974842
2023-08-14,1597254.762057184,650122.7186375379,3.006,2.945652,0.02048714512101224
2023-08-15,1610007.2950875808,650122.7186375379,3.03,2.9464880000000004,0.028342894999063173
2023-08-16,1609475.9395446477,650122.7186375379,3.029,2.947304,0.02771889157005858
2023-08-17,1608944.5840017146,650122.7186375379,3.028,2.947992,0.02713982941609072
2023-08-18,1609475.9395446477,650122.7186375379,3.029,2.9486,0.027267177643627516
2023-08-21,1596192.0509713178,650122.7186375379,3.004,2.949172,0.018590980790540668
2023-08-22,1605756.4507441153,650122.7186375379,3.022,2.949708,0.024508188607143433
2023-08-23,1608944.5840017146,650122.7186375379,3.028,2.95016,0.02638500962659651
2023-08-24,1600442.8953147833,650122.7186375379,3.012,2.9504919999999997,0.020846692687185753
2023-08-25,1602036.961943583,650122.7186375379,3.015,2.9507960000000004,0.021758196771311855
2023-08-28,1624353.8947467771,650122.7186375379,3.057,2.9512519999999998,0.0358315724987226
2023-08-29,1624353.8947467771,650122.7186375379,3.057,2.951804,0.035637867554891844
2023-08-30,1608413.2284587815,650122.7186375379,3.027,2.952136,0.02535926529130106
2023-08-31,1590878.495541986,650122.7186375379,2.994,2.952232,0.014147939592823455
2023-09-01,1605756.4507441153,650122.7186375379,3.022,2.9524,0.023574041457796957
2023-09-04,1630198.8057190424,650122.7186375379,3.068,2.952928,0.03896877946228283
2023-09-05,1617446.2726886456,650122.7186375379,3.044,2.9531000000000005,0.03078121296264924
2023-09-06,1615852.206059846,650122.7186375379,3.041,2.953344,0.029680253976509308
2023-09-07,1611601.3617163803,650122.7186375379,3.033,2.953468,0.026928343222272888
2023-09-08,1601505.6064006498,650122.7186375379,3.014,2.9536240000000005,0.020441329024953436
2023-09-11,1612664.072802247,650122.7186375379,3.035,2.953936,0.02744270695099682
2023-09-12,1610007.2950875808,650122.7186375379,3.03,2.954116,0.02568754916868521
2023-09-13,1617977.6282315787,650122.7186375379,3.045,2.95438,0.030673102309113798
2023-09-14,1638169.1388630404,650122.7186375379,3.083,2.95458,0.043464722566320724
2023-09-15,1639231.8499489066,650122.7186375379,3.085,2.954592,0.04413739697393071
2023-09-18,1640294.561034773,650122.7186375379,3.087,2.954644,0.04479592126834908
2023-09-19,1651453.0274363703,650122.7186375379,3.108,2.9548159999999997,0.05184214516233854
2023-09-20,1655703.8717798358,650122.7186375379,3.116,2.954848,0.054538169137634096
2023-09-21,1645608.116464105,650122.7186375379,3.097,2.9548959999999997,0.04809103264548065
2023-09-22,1653047.0940651698,650122.7186375379,3.111,2.9551040000000004,0.05275482690287703
2023-09-25,1649858.9608075705,650122.7186375379,3.105,2.95524,0.050676087221342536
2023-09-26,1642951.338749439,650122.7186375379,3.092,2.955684,0.04611995057658391
2023-09-27,1637106.427777174,650122.7186375379,3.081,2.9560839999999997,0.042257256559691925
2023-09-28,1634981.005605441,650122.7186375379,3.077,2.95648,0.0407646931486092
2023-10-09,1632324.227890775,650122.7186375379,3.072,2.9567479999999997,0.03897931105390118
2023-10-10,1616914.9171457125,650122.7186375379,3.043,2.956852,0.02913503956234531
2023-10-11,1612132.7172593137,650122.7186375379,3.034,2.9570159999999994,0.026034353551012357
2023-10-12,1625947.9613755767,650122.7186375379,3.06,2.957476,0.03466604631787362
2023-10-13,1623822.539203844,650122.7186375379,3.056,2.957856,0.03318079041035138
2023-10-16,1633918.2945195748,650122.7186375379,3.075,2.9583959999999996,0.039414601696324825
2023-10-17,1631792.872347842,650122.7186375379,3.071,2.95894,0.03787167026029592
2023-10-18,1619571.6948603785,650122.7186375379,3.048,2.959292,0.029976088875312
2023-10-19,1595660.6954283847,650122.7186375379,3.003,2.9594440000000004,0.014717629392547948
2023-10-20,1583439.5179409212,650122.7186375379,2.98,2.9595439999999997,0.006911875613270224
2023-10-23,1567498.8516529254,650122.7186375379,2.95,2.959384,-0.003170930166548125
2023-10-24,1578657.3180545224,650122.7186375379,2.971,2.959492,0.003888505189404201
2023-10-25,1590878.495541986,650122.7186375379,2.994,2.9595640000000003,0.011635497661141914
2023-10-26,1596192.0509713178,650122.7186375379,3.004,2.9597120000000006,0.014963618081759167
2023-10-27,1602036.961943583,650122.7186375379,3.015,2.959924,0.0186072345100754
2023-10-30,1580251.3846833222,650122.7186375379,2.974,2.959984,0.004735160730598542
2023-10-31,1584502.2290267877,650122.7186375379,2.982,2.96018,0.007371173374592255
2023-11-01,1582908.162397988,650122.7186375379,2.979,2.960312,0.00631284810519972
2023-11-02,1587690.3622843868,650122.7186375379,2.988,2.960688,0.009224882865063622
2023-11-03,1580251.3846833222,650122.7186375379,2.974,2.9611199999999998,0.004349705516831559
2023-11-06,1570155.6293675913,650122.7186375379,2.955,2.961544,-0.002209658205314491
2023-11-07,1571218.3404534576,650122.7186375379,2.957,2.96192,-0.001661084701815141
2023-11-08,1570686.9849105245,650122.7186375379,2.956,2.9624880000000005,-0.002190051065185883
2023-11-09,1583970.8734838543,650122.7186375379,2.981,2.963424,0.005930977139956939
2023-11-10,1579720.0291403886,650122.7186375379,2.973,2.964248,0.002952519492296135
2023-11-13,1582376.8068550548,650122.7186375379,2.978,2.96496,0.004398035723922167
2023-11-14,1577063.2514257228,650122.7186375379,2.968,2.9657080000000002,0.0007728340079331542
2023-11-15,1581845.4513121215,650122.7186375379,2.977,2.9663,0.003607187405184842
2023-11-16,1582908.162397988,650122.7186375379,2.979,2.9668,0.004112174733719831
2023-11-17,1577594.606968656,650122.7186375379,2.969,2.9672599999999996,0.0005863995740178485
2023-11-20,1579720.0291403886,650122.7186375379,2.973,2.967744,0.001771042246231369
2023-11-21,1588221.7178273199,650122.7186375379,2.989,2.9682639999999996,0.006985901523584248
2023-11-22,1583970.8734838543,650122.7186375379,2.981,2.9685040000000003,0.004209527762131904
2023-11-23,1594597.9843425183,650122.7186375379,3.001,2.968868,0.01082298034132867
2023-11-24,1598848.8286859838,650122.7186375379,3.009,2.969224,0.013396092716480679
2023-11-27,1594066.6287995852,650122.7186375379,3.0,2.9695800000000006,0.010243872870910886
2023-11-28,1590878.495541986,650122.7186375379,2.994,2.9699959999999996,0.008082165767226757
2023-11-29,1583970.8734838543,650122.7186375379,2.981,2.9704119999999996,0.0035644886971908374
2023-11-30,1588753.0733702532,650122.7186375379,2.99,2.970908,0.006426318149198806
2023-12-01,1595129.3398854514,650122.7186375379,3.002,2.9713760000000002,0.010306336189024767
2023-12-04,1598317.4731430507,650122.7186375379,3.008,2.9718039999999997,0.0121798072820416
2023-12-05,1579188.6735974555,650122.7186375379,2.972,2.972024,-8.07530491009345e-06
2023-12-06,1577594.606968656,650122.7186375379,2.969,2.972036,-0.0010215219465713465
2023-12-07,1578125.9625115893,650122.7186375379,2.97,2.9721240000000004,-0.0007146404389588579
2023-12-08,1578657.3180545224,650122.7186375379,2.971,2.9718720000000003,-0.00029341775150482086
2023-12-11,1592472.5621707854,650122.7186375379,2.997,2.971804,0.008478351869773304
2023-12-12,1598848.8286859838,650122.7186375379,3.009,2.9718679999999997,0.012494498409754362
2023-12-13,1587159.0067414537,650122.7186375379,2.987,2.9719279999999997,0.005071455297705807
2023-12-14,1591409.8510849192,650122.7186375379,2.995,2.971808,0.007804003488785405
2023-12-15,1582376.8068550548,650122.7186375379,2.978,2.971668,0.0021307898459719254
2023-12-18,1580782.7402262553,650122.7186375379,2.975,2.971576,0.0011522505229548674
2023-12-19,1576531.8958827897,650122.7186375379,2.967,2.9713920000000003,-0.001478095115016842
2023-12-20,1575469.184796923,650122.7186375379,2.965,2.971172,-0.002077294751027692
2023-12-21,1564842.0739382592,650122.7186375379,2.945,2.97112,-0.008791297557823374
2023-12-22,1562716.6517665265,650122.7186375379,2.941,2.970996,-0.01009627747731745
2023-12-25,1561653.94068066,650122.7186375379,2.939,2.970888,-0.0107334911312712
2023-12-26,1552620.896450796,650122.7186375379,2.922,2.9708520000000003,-0.016443767646452945
2023-12-27,1558997.1629659943,650122.7186375379,2.934,2.970776,-0.012379257136855726
2023-12-28,1549432.7631931966,650122.7186375379,2.916,2.970784,-0.018440923338755133
2023-12-29,1557403.0963371946,650122.7186375379,2.931,2.9709879999999997,-0.013459495629063345
2024-01-02,1578125.9625115893,650122.7186375379,2.97,2.971336,-0.00044962939230019927
2024-01-03,1599380.184228917,650122.7186375379,3.01,2.971932,0.012809175983838017
2024-01-04,1612132.7172593137,650122.7186375379,3.034,2.972664,0.020633344367207318
2024-01-05,1617446.2726886456,650122.7186375379,3.044,2.973464,0.02372182747125917
2024-01-08,1602036.961943583,650122.7186375379,3.015,2.9740359999999995,0.013773874963181498
2024-01-09,1614258.1394310463,650122.7186375379,3.038,2.974676,0.02128769654241336
2024-01-10,1606287.8062870486,650122.7186375379,3.023,2.9753719999999997,0.01600741016585494
2024-01-11,1591409.8510849192,650122.7186375379,2.995,2.9759,0.006418226418898554
2024-01-12,1599380.184228917,650122.7186375379,3.01,2.976436,0.011276573727773576
2024-01-15,1606819.1618299817,650122.7186375379,3.024,2.976944,0.01580681396761241
2024-01-16,1612132.7172593137,650122.7186375379,3.034,2.9774719999999997,0.018985233110504485
2024-01-17,1592472.5621707854,650122.7186375379,2.997,2.9778720000000005,0.006423378842340899
2024-01-18,1579188.6735974555,650122.7186375379,2.972,2.978164,-0.002069731552728493
2024-01-19,1567498.8516529254,650122.7186375379,2.95,2.9784319999999997,-0.009545962439296729
2024-01-22,1530835.3191905348,650122.7186375379,2.881,2.978336,-0.03268133615549096
2024-01-23,1470792.1428390837,650057.7063656742,2.768,2.9778399999999996,-0.07046718426779142
2024-01-24,1506924.319758541,666027.332100091,2.836,2.977556,-0.04754100342697165
2024-01-25,1545181.918849731,682936.3475835912,2.908,2.978036,-0.02351751288433046
2024-01-26,1566967.496109992,692565.0925116955,2.949,2.9787120000000002,-0.00997478104630467
2024-01-29,1574937.82925399,696087.804070758,2.964,2.979436,-0.005180846307824782
2024-01-30,1556871.7407942615,688102.9912035497,2.93,2.98,-0.016778523489932806
2024-01-31,1558997.1629659943,689042.380952633,2.934,2.980468,-0.015590840096253333
2024-02-01,1543056.4966779982,681996.9578345079,2.904,2.98088,-0.02579104157161649
2024-02-02,1547307.3410214637,683875.7373326746,2.912,2.981292,-0.023242272142413367
2024-02-05,1550495.474279063,685284.8219562997,2.918,2.981712,-0.021367590162966743
2024-02-06,1572812.4070822573,695148.4143216747,2.96,2.982284,-0.0074721253911431695
2024-02-07,1596192.0509713178,705481.7015615915,3.004,2.983104,0.007004784278389131
2024-02-08,1596723.406514251,705716.5489988624,3.005,2.9839879999999996,0.0070415832771446585
2024-02-19,1633918.2945195748,722155.8696078209,3.075,2.9851080000000003,0.030113483331256408
2024-02-20,1657297.9384086353,732489.1568477377,3.119,2.9864319999999998,0.044390094936030744
2024-02-21,1653578.449608103,730845.2247868419,3.112,2.987692,0.04160669841469611
2024-02-22,1684397.0710982282,744466.3761485503,3.17,2.989172,0.06049434425319111
2024-02-23,1674832.6713254307,740239.1222776753,3.152,2.9905600000000003,0.05398320047081473
2024-02-26,1638169.1388630404,724034.6491059876,3.083,2.991604,0.030550834936709625
2024-02-27,1647202.1830929045,728027.0555395918,3.1,2.992768,0.035830375090885935
2024-02-28,1644014.0498353052,726617.9709159668,3.094,2.9939679999999997,0.0334111787433935
2024-02-29,1653578.449608103,730845.2247868419,3.112,2.9952199999999998,0.03898878880349366
2024-03-01,1650921.671893437,729670.9876004877,3.107,2.9962760000000004,0.03695387207320011
2024-03-04,1665268.271552633,736011.8684068002,3.134,2.9972960000000004,0.04560910901025439
2024-03-05,1676426.7379542303,740943.6645894877,3.155,2.998384,0.052233469762378526
2024-03-06,1675364.0268683638,740473.9697149461,3.153,2.99942,0.05120323262497406
2024-03-07,1685459.7821840947,744936.071023092,3.172,3.000564,0.057134592030031905
2024-03-08,1694492.826413959,748928.4774566962,3.189,3.0017560000000003,0.06237815465347607
2024-03-11,1677489.4490400967,741413.3594640294,3.157,3.002792,0.05135487239875425
2024-03-12,1639763.2054918397,724739.1914178,3.086,3.0034759999999996,0.027476164284315985
2024-03-13,1630198.8057190424,720511.937546925,3.068,3.0040319999999996,0.021294047466871246
2024-03-14,1634981.005605441,722625.5644823626,3.077,3.004564,0.024108656031291087
2024-03-15,1631792.872347842,721216.4798587376,3.071,3.0051279999999996,0.021919864977465453
2024-03-18,1622759.8281179776,717224.0734251332,3.054,3.0056519999999995,0.016085694551465135
2024-03-19,1621697.1170321112,716754.3785505916,3.052,3.006176,0.015243285822253982
2024-03-20,1624885.2502897102,718163.4631742167,3.058,3.0067399999999997,0.01704836467403248
2024-03-21,1627010.672461443,719102.8529233,3.062,3.00748,0.018128133852926664
2024-03-22,1630198.8057190424,720511.937546925,3.068,3.0081119999999997,0.019908833181743413
2024-03-25,1635512.3611483742,722860.4119196334,3.078,3.008844,0.022984242453247816
2024-03-26,1626479.31691851,718868.0054860292,3.061,3.0094119999999998,0.017142219144470783
2024-03-27,1625947.9613755767,718633.1580487584,3.06,3.0100599999999997,0.01659103140801199
2024-03-28,1621697.1170321112,716754.3785505916,3.052,3.0106,0.01375141167873517
2024-03-29,1632324.227890775,721451.3272960084,3.072,3.0112720000000004,0.020166892927639735
2024-04-01,1629667.450176109,720277.0901096542,3.067,3.011956,0.018275167366322842
2024-04-02,1640825.9165777063,725208.8862923417,3.088,3.012668,0.02500507855495515
2024-04-03,1660486.0716662344,733898.2414713626,3.125,3.01352,0.036993283601900684
2024-04-08,1665799.6270955664,736246.715844071,3.135,3.014484,0.039978981477426956
2024-04-09,1657829.2939515684,732724.0042850085,3.12,3.0154720000000004,0.03466389341370091
2024-04-10,1663674.2049238335,735307.3260949877,3.131,3.0164839999999997,0.03796340375085694
2024-04-11,1684928.4266411613,744701.2235858211,3.171,3.0176640000000003,0.05081281415028305
2024-04-12,1681208.9378406291,743057.2915249254,3.164,3.018772,0.04810830364134833
2024-04-15,1716278.40367422,758557.2223848004,3.23,3.020116,0.06949534388745349
2024-04-16,1723717.3812752848,761845.0865065922,3.244,3.021432,0.07366308425938439
2024-04-17,1741077.988980661,769518.0924313362,3.277,3.022828,0.0840841754807089
2024-04-18,1741077.988980661,769518.0924313362,3.286,3.024328,0.0865223613311783
2024-04-19,1741077.988980661,769518.0924313362,3.308,3.0259120000000004,0.09322412548679515
2024-04-22,1741077.988980661,769518.0924313362,3.221,3.0271600000000003,0.06403361566616894
2024-04-23,1741077.988980661,769518.0924313362,3.173,3.028124,0.04784348329196564
2024-04-24,1741077.988980661,769518.0924313362,3.174,3.028956,0.04788580619857141
2024-04-25,1741077.988980661,769518.0924313362,3.193,3.0298360000000004,0.05385241973492949
2024-04-26,1741077.988980661,769518.0924313362,3.164,3.030632,0.044006662636704164
2024-04-29,1741077.988980661,769518.0924313362,3.13,3.0311559999999997,0.032609341122660895
2024-04-30,1741077.988980661,769518.0924313362,3.143,3.031656,0.03672712207453621
2024-05-06,1741077.988980661,769518.0924313362,3.16,3.032244,0.04213249329539459
2024-05-07,1741077.988980661,769518.0924313362,3.16,3.032848,0.04192494975020189
2024-05-08,1741077.988980661,769518.0924313362,3.182,3.0336079999999996,0.04891601024258918
2024-05-09,1741077.988980661,769518.0924313362,3.193,3.034432,0.05225623774070409
2024-05-10,1741077.988980661,769518.0924313362,3.212,3.0352439999999996,0.05823452743832136
2024-05-13,1741077.988980661,769518.0924313362,3.216,3.0360479999999996,0.0592717901693256
2024-05-14,1741077.988980661,769518.0924313362,3.203,3.036768,0.05473977597234958
2024-05-15,1741077.988980661,769518.0924313362,3.202,3.03734,0.0542119091046771
2024-05-16,1741077.988980661,769518.0924313362,3.209,3.037656,0.05640665039095927
2024-05-17,1741077.988980661,769518.0924313362,3.23,3.037944,0.06321907184595887
2024-05-20,1741077.988980661,769518.0924313362,3.269,3.038024,0.0760283658061951
2024-05-21,1741077.988980661,769518.0924313362,3.285,3.03832,0.08118960478158987
2024-05-22,1741077.988980661,769518.0924313362,3.285,3.038888,0.08098751911883562
2024-05-23,1741077.988980661,769518.0924313362,3.243,3.0393160000000004,0.06701639447823116
2024-05-24,1741077.988980661,769518.0924313362,3.238,3.039776,0.06521006811028185
2024-05-27,1741077.988980661,769518.0924313362,3.295,3.040492,0.08370618965614773
2024-05-28,1741077.988980661,769518.0924313362,3.286,3.041252,0.08047606709342081
2024-05-29,1741077.988980661,769518.0924313362,3.289,3.0420760000000002,0.08116956972804101
2024-05-30,1741077.988980661,769518.0924313362,3.266,3.042696,0.07339017765823463
2024-05-31,1741077.988980661,769518.0924313362,3.273,3.043516,0.07540095074249664
2024-06-03,1741077.988980661,769518.0924313362,3.242,3.0442519999999997,0.06495782872114408
2024-06-04,1741077.988980661,769518.0924313362,3.255,3.045192,0.06889811873931095
2024-06-05,1741077.988980661,769518.0924313362,3.217,3.046148,0.05608788542119414
2024-06-06,1741077.988980661,769518.0924313362,3.234,3.047232,0.06129103396131308
2024-06-07,1741077.988980661,769518.0924313362,3.261,3.0483119999999997,0.06977238550384612
2024-06-11,1741077.988980661,769518.0924313362,3.205,3.0490440000000003,0.051149147076919865
2024-06-12,1741077.988980661,769518.0924313362,3.246,3.049944,0.06428183599436577
2024-06-13,1741077.988980661,769518.0924313362,3.218,3.0508640000000002,0.05478316962014684
2024-06-14,1741077.988980661,769518.0924313362,3.223,3.051816,0.05609250361096474
2024-06-17,1741077.988980661,769518.0924313362,3.181,3.0526039999999997,0.04206113862132144
2024-06-18,1741077.988980661,769518.0924313362,3.188,3.053348,0.04409978816695648
2024-06-19,1741077.988980661,769518.0924313362,3.188,3.054132,0.04383176627598284
2024-06-20,1741077.988980661,769518.0924313362,3.194,3.054816,0.045562154971035884
2024-06-21,1741077.988980661,769518.0924313362,3.199,3.0553719999999998,0.04700835119258806
2024-06-24,1741077.988980661,769518.0924313362,3.157,3.055836,0.03310517972823135
2024-06-25,1741077.988980661,769518.0924313362,3.17,3.056476,0.03714212053358179
2024-06-26,1741077.988980661,769518.0924313362,3.178,3.057176,0.03952144070213803
2024-06-27,1741077.988980661,769518.0924313362,3.178,3.0579479999999997,0.039259006366360705
2024-06-28,1741077.988980661,769518.0924313362,3.201,3.058776,0.04649703018462281
2024-07-01,1741077.988980661,769518.0924313362,3.269,3.059896,0.06833696308632708
2024-07-02,1741077.988980661,769518.0924313362,3.271,3.061172,0.06854498865140535
2024-07-03,1741077.988980661,769518.0924313362,3.249,3.062468,0.06090904460062929
2024-07-04,1741077.988980661,769518.0924313362,3.235,3.063776,0.05588659223128589
2024-07-05,1741077.988980661,769518.0924313362,3.218,3.0652,0.049849928226543216
2024-07-08,1741077.988980661,769518.0924313362,3.207,3.0663679999999998,0.04586272750041753
2024-07-09,1741077.988980661,769518.0924313362,3.233,3.06756,0.053932115427245186
2024-07-10,1741077.988980661,769518.0924313362,3.167,3.068496,0.032101720191259675
2024-07-11,1741077.988980661,769518.0924313362,3.162,3.0693919999999997,0.030171447635232163
2024-07-12,1741077.988980661,769518.0924313362,3.158,3.070132,0.02862026779304605
2024-07-15,1741077.988980661,769518.0924313362,3.195,3.0711120000000003,0.040339785719309296
2024-07-16,1741077.988980661,769518.0924313362,3.182,3.072048,0.03579110743061298
2024-07-17,1741077.988980661,769518.0924313362,3.169,3.07296,0.03125325419139857
2024-07-18,1741077.988980661,769518.0924313362,3.173,3.0738160000000003,0.032267383603963085
2024-07-19,1741077.988980661,769518.0924313362,3.15,3.074552,0.024539510146518895
2024-07-22,1741077.988980661,769518.0924313362,3.118,3.0751679999999997,0.013928344727832886
2024-07-23,1741077.988980661,769518.0924313362,3.097,3.075772,0.006901681919205815
2024-07-24,1741077.988980661,769518.0924313362,3.099,3.0762599999999996,0.007392092996040933
2024-07-25,1741077.988980661,769518.0924313362,3.085,3.076632,0.0027198572985003278
2024-07-26,1740903.881181763,769518.0924313362,3.067,3.077,-0.003249918752031178
2024-07-29,1747715.3733807134,769518.0924313362,3.079,3.077444,0.0005056143994823792
2024-07-30,1739201.0081320254,769518.0924313362,3.064,3.0777520000000003,-0.004468196267925495
2024-07-31,1755662.1142794888,769518.0924313362,3.093,3.078212,0.004804087567717774
2024-08-01,1757364.9873292267,769518.0924313362,3.096,3.078684,0.00562448110946101
2024-08-02,1752823.9925299264,769518.0924313362,3.088,3.079132,0.002880032424722234
2024-08-05,1729551.394183512,769518.0924313362,3.047,3.079248,-0.010472686837825318
2024-08-06,1723307.526334474,769518.0924313362,3.036,3.0792919999999997,-0.014059075917451036
2024-08-07,1730119.0185334247,769518.0924313362,3.048,3.079348,-0.010180077081252237
2024-08-08,1736362.8863824627,769518.0924313362,3.059,3.0792400000000004,-0.006573050492978849
2024-08-09,1730119.0185334247,769518.0924313362,3.048,3.0790080000000004,-0.010070776042154006
2024-08-12,1741471.5055316754,769518.0924313362,3.068,3.07884,-0.003520806537527066
2024-08-13,1742039.1298815878,769518.0924313362,3.069,3.078832,-0.0031934188029746347
2024-08-14,1738065.7594322,769518.0924313362,3.062,3.078732,-0.005434704936967627
2024-08-15,1754526.865579664,769518.0924313362,3.091,3.078792,0.003965191542657065
2024-08-16,1757364.9873292267,769518.0924313362,3.096,3.0789839999999997,0.005526498351404285
2024-08-19,1774393.7178266027,769518.0924313362,3.126,3.079316,0.015160509671628297
2024-08-20,1754526.865579664,769518.0924313362,3.091,3.079548,0.0037187275535242037
2024-08-21,1735795.2620325498,769518.0924313362,3.058,3.079564,-0.007002289934549211
2024-08-22,1737498.1350822875,769518.0924313362,3.061,3.0797600000000003,-0.006091383744187939
2024-08-23,1736362.8863824627,769518.0924313362,3.059,3.0799719999999997,-0.006809152810480001
2024-08-26,1727280.896783862,769518.0924313362,3.043,3.080024,-0.012020685553099542
2024-08-27,1731254.2672332495,769518.0924313362,3.05,3.0801079999999996,-0.009774981916218506
2024-08-28,1723875.1506843865,769518.0924313362,3.037,3.0801439999999998,-0.014007137328644337
2024-08-29,1692088.1870892842,769518.0924313362,2.981,3.0799519999999996,-0.03212777341984541
2024-08-30,1697196.8062384974,769518.0924313362,2.99,3.0798959999999997,-0.029187998555795236
2024-09-02,1705711.1714871852,769518.0924313362,3.005,3.079828,-0.024296161993461962
2024-09-03,1690385.3140395468,769518.0924313362,2.978,3.079628,-0.033000089621213924
2024-09-04,1689817.6896896341,769518.0924313362,2.977,3.0794880000000004,-0.03328085707754036
2024-09-05,1690952.9383894594,769518.0924313362,2.979,3.0793439999999994,-0.032586161208361
2024-09-06,1677329.9539915584,769518.0924313362,2.955,3.078936,-0.04025286657468685
2024-09-09,1646110.6147463685,769441.1406220932,2.9,3.078308,-0.05792402839481947
2024-09-10,1650083.9851957564,771298.4123408363,2.907,3.077828,-0.05550277663339209
2024-09-11,1613756.0268013538,754317.6423409004,2.843,3.0772239999999997,-0.07611535591819119
2024-09-12,1619432.2703004791,756970.8876533904,2.853,3.0765480000000003,-0.07266195749261839
2024-09-13,1614891.2755011788,754848.2914033984,2.845,3.075656,-0.0749940825631994
2024-09-18,1633622.8790482928,763604.0009346153,2.878,3.074992,-0.06406260569133182
2024-09-19,1630784.75729873,762277.3782783704,2.873,3.07432,-0.06548439980223264
2024-09-20,1631352.3816486425,762542.7028096194,2.874,3.0736839999999996,-0.0649656893812115
2024-09-23,1648948.7364959312,770767.7632783381,2.905,3.073248,-0.05474598860879443
2024-09-24,1725010.3993842117,806321.2504657039,3.039,3.073264,-0.011149058460320993
2024-09-25,1751121.1194801885,818526.1789031578,3.085,3.0734840000000005,0.003746887896601825
2024-09-26,1810154.0518710928,846119.9301530536,3.189,3.07406,0.037390291666395736
2024-09-27,1803910.1840220548,843201.3603093146,3.178,3.07444,0.03368418313579058
2024-09-30,1929162.229836191,901747.8979071715,3.399,3.0756959999999998,0.10511572014919568
2024-10-08,1929162.229836191,901747.8979071715,3.404,3.076964,0.1062852864056909
2024-10-09,1929162.229836191,901747.8979071715,3.148,3.0771240000000004,0.023033195932305572
2024-10-10,1929162.229836191,901747.8979071715,3.27,3.0777400000000004,0.062467914768628896
2024-10-11,1929162.229836191,901747.8979071715,3.226,3.078256,0.04799600812927829
2024-10-14,1929162.229836191,901747.8979071715,3.312,3.07906,0.07565295901996061
2024-10-15,1929162.229836191,901747.8979071715,3.231,3.0795640000000004,0.04917449353220116
2024-10-16,1929162.229836191,901747.8979071715,3.279,3.0803119999999997,0.0645025568838482
2024-10-17,1929162.229836191,901747.8979071715,3.231,3.080912,0.04871544529671734
2024-10-18,1929162.229836191,901747.8979071715,3.252,3.0816120000000002,0.055291840763859845
2024-10-21,1929162.229836191,901747.8979071715,3.232,3.0822520000000004,0.04858395744410249
2024-10-22,1929162.229836191,901747.8979071715,3.244,3.083056,0.05220274947973702
2024-10-23,1929162.229836191,901747.8979071715,3.245,3.0839000000000003,0.05223904795875356
2024-10-24,1929162.229836191,901747.8979071715,3.226,3.084564,0.04585283365817672
2024-10-25,1929162.229836191,901747.8979071715,3.224,3.085236,0.04497678621667833
2024-10-28,1929162.229836191,901747.8979071715,3.245,3.085916,0.05155163005085028
2024-10-29,1929162.229836191,901747.8979071715,3.2,3.086432,0.03679588599392458
2024-10-30,1929162.229836191,901747.8979071715,3.165,3.0869,0.02530046324791857
2024-10-31,1929162.229836191,901747.8979071715,3.146,3.0874719999999996,0.01895660916115194
2024-11-01,1929162.229836191,901747.8979071715,3.175,3.0882519999999998,0.028089676619654114
2024-11-04,1929162.229836191,901747.8979071715,3.189,3.089208,0.03230342534397157
2024-11-05,1929162.229836191,901747.8979071715,3.218,3.0901959999999997,0.04135789445070803
2024-11-06,1929162.229836191,901747.8979071715,3.19,3.09098,0.03203514742897062
2024-11-07,1929162.229836191,901747.8979071715,3.259,3.092,0.05401034928848625
2024-11-08,1929162.229836191,901747.8979071715,3.226,3.092844,0.0430529312179988
2024-11-11,1929162.229836191,901747.8979071715,3.193,3.0937200000000002,0.03209081623417753
2024-11-12,1929162.229836191,901747.8979071715,3.173,3.0944840000000005,0.0253728893088474
2024-11-13,1929162.229836191,901747.8979071715,3.193,3.09534,0.03155065356309805
2024-11-14,1929162.229836191,901747.8979071715,3.167,3.096056,0.0229143142113708
2024-11-15,1929162.229836191,901747.8979071715,3.17,3.0968400000000003,0.023624081321605095
2024-11-18,1929162.229836191,901747.8979071715,3.218,3.097892,0.03877088032765519
2024-11-19,1929162.229836191,901747.8979071715,3.209,3.0989,0.035528736003097805
2024-11-20,1929162.229836191,901747.8979071715,3.215,3.0999359999999996,0.037118185665768744
2024-11-21,1929162.229836191,901747.8979071715,3.218,3.100884,0.03776858470036282
2024-11-22,1929162.229836191,901747.8979071715,3.142,3.10156,0.013038599930357497
2024-11-25,1929162.229836191,901747.8979071715,3.148,3.1022399999999997,0.014750631801537128
2024-11-26,1929162.229836191,901747.8979071715,3.159,3.103004,0.01804573890333372
2024-11-27,1929162.229836191,901747.8979071715,3.189,3.103852,0.027433009048111856
2024-11-28,1929162.229836191,901747.8979071715,3.186,3.1046799999999997,0.026192715513354115
2024-11-29,1929162.229836191,901747.8979071715,3.201,3.105608,0.030716046584114975
2024-12-02,1929162.229836191,901747.8979071715,3.209,3.1065519999999998,0.03297804124959125
2024-12-03,1929162.229836191,901747.8979071715,3.241,3.1075600000000003,0.042940442018818636
2024-12-04,1929162.229836191,901747.8979071715,3.266,3.1087,0.05059992923086831
2024-12-05,1929162.229836191,901747.8979071715,3.259,3.109732,0.04800027783744709
2024-12-06,1929162.229836191,901747.8979071715,3.302,3.110904,0.06142780362235545
2024-12-09,1929162.229836191,901747.8979071715,3.31,3.112144,0.06357546437439932
2024-12-10,1929162.229836191,901747.8979071715,3.306,3.113392,0.061864358872894876
2024-12-11,1929162.229836191,901747.8979071715,3.319,3.114744,0.0655771389237767
2024-12-12,1929162.229836191,901747.8979071715,3.325,3.1160840000000003,0.06704440573489023
2024-12-13,1929162.229836191,901747.8979071715,3.288,3.117228,0.054783288229157456
2024-12-16,1929162.229836191,901747.8979071715,3.317,3.1184640000000003,0.06366467594302838
2024-12-17,1929162.229836191,901747.8979071715,3.312,3.1198239999999995,0.06159834657339647
2024-12-18,1929162.229836191,901747.8979071715,3.332,3.121276,0.06751213285848467
2024-12-19,1929162.229836191,901747.8979071715,3.292,3.1225639999999997,0.05426181817250186
2024-12-20,1929162.229836191,901747.8979071715,3.264,3.123736,0.044902642220725264
2024-12-23,1929162.229836191,901747.8979071715,3.278,3.12486,0.04900699551339893
2024-12-24,1929162.229836191,901747.8979071715,3.311,3.126068,0.0591580221543484
2024-12-25,1929162.229836191,901747.8979071715,3.326,3.127424,0.06349506814554084
2024-12-26,1929162.229836191,901747.8979071715,3.316,3.128708,0.05986240965919465
2024-12-27,1929162.229836191,901747.8979071715,3.315,3.130056,0.05908648279775175
2024-12-30,1929162.229836191,901747.8979071715,3.362,3.131604,0.07357124336282639
2024-12-31,1929162.229836191,901747.8979071715,3.351,3.13314,0.06953407763457742
2025-01-02,1929162.229836191,901747.8979071715,3.279,3.134396,0.04613456627688395
2025-01-03,1929162.229836191,901747.8979071715,3.248,3.1356080000000004,0.0358437661850588
2025-01-06,1929162.229836191,901747.8979071715,3.248,3.1368359999999997,0.03543825689325186
2025-01-07,1929162.229836191,901747.8979071715,3.234,3.138016,0.03058747947747875
2025-01-08,1929162.229836191,901747.8979071715,3.228,3.1392399999999996,0.0282743593990904
2025-01-09,1929162.229836191,901747.8979071715,3.184,3.1402400000000004,0.013935240618551337
2025-01-10,1929162.229836191,901747.8979071715,3.151,3.14118,0.003126213715864745
2025-01-13,1928969.3136132075,901747.8979071715,3.124,3.1419520000000003,-0.005713645529912714
2025-01-14,1959842.7021153395,901747.8979071715,3.174,3.1427680000000002,0.009937736415796428
2025-01-15,1965399.912045723,901747.8979071715,3.183,3.14346,0.01257849630661756
2025-01-16,1983923.9451470026,901747.8979071715,3.213,3.144176,0.021889359883161763
2025-01-17,1973426.9930562777,901747.8979071715,3.196,3.144784,0.016286015192140457
2025-01-20,1966634.8475858085,901747.8979071715,3.185,3.1454640000000005,0.012569210774626471
2025-01-21,1869074.9399190715,901747.8979071715,3.027,3.14542,-0.03764839035804435
2025-01-22,1854255.713438048,901747.8979071715,3.003,3.14534,-0.04525424914317688
2025-01-23,1884511.6341701373,901747.8979071715,3.052,3.1455680000000004,-0.029745979104568776
2025-01-24,1893773.6507207772,901747.8979071715,3.067,3.1457960000000003,-0.02504803235810593
2025-01-27,1917237.4259823973,901747.8979071715,3.105,3.14612,-0.013070067257447193
2025-02-05,1878954.4242397537,901747.8979071715,3.043,3.146156,-0.032787948213629514
2025-02-06,1877719.4886996683,901747.8979071715,3.041,3.1463319999999997,-0.0334777130957572
2025-02-07,1885746.5697102225,901747.8979071715,3.054,3.14666,-0.029447096286220886
2025-02-10,1881424.2953199244,901747.8979071715,3.047,3.1470480000000003,-0.03179106260851439
2025-02-11,1889451.3763304786,901747.8979071715,3.06,3.1477639999999996,-0.027881378654816436
2025-02-12,1890686.3118705638,901747.8979071715,3.062,3.14894,-0.02760929074545726
2025-02-13,1892538.7151806918,901747.8979071715,3.065,3.149856,-0.026939644225005943
2025-02-14,1894391.1184908196,901747.8979071715,3.068,3.150496,-0.02618508323768698
2025-02-17,1886364.0374802654,901747.8979071715,3.055,3.1509199999999997,-0.030441902682390998
2025-02-18,1885129.10194018,901747.8979071715,3.053,3.1512759999999997,-0.03118609731423072
2025-02-19,1874014.6820794125,901747.8979071715,3.035,3.1516960000000003,-0.03702641371502835
2025-02-20,1865987.601068858,901747.8979071715,3.022,3.1520479999999997,-0.04125825495043223
2025-02-21,1852403.31012792,901747.8979071715,3.0,3.1524319999999997,-0.04835377892370074
2025-02-24,1849933.4390477496,901747.8979071715,2.996,3.152768,-0.049723925134992464
2025-02-25,1836966.6158768542,901657.7231173809,2.975,3.152996,-0.05645297361620494
2025-02-26,1853020.7778979626,909537.7570000873,3.001,3.1531599999999997,-0.04825635235763481
2025-02-27,1869692.407689114,917720.8691090519,3.028,3.153256,-0.03972275007167192
2025-02-28,1858577.9878283464,912265.4610364088,3.01,3.153276,-0.04543718976708677
2025-03-03,1850550.9068177922,908325.4440950556,2.997,3.152964,-0.04946583595626208
2025-03-04,1849933.4390477496,908022.3658687976,2.996,3.1524720000000004,-0.04963469937242915
2025-03-05,1854873.1812080906,910446.9916788612,3.004,3.15204,-0.04696640905572258
2025-03-06,1851168.374587835,908628.5223213136,2.998,3.1513519999999997,-0.04866228844000908
2025-03-07,1850550.9068177922,908325.4440950556,2.997,3.150732,-0.048792471082910294
2025-03-10,1853020.7778979626,909537.7570000873,3.001,3.150404,-0.04742375898456197
2025-03-11,1865987.601068858,915902.3997515041,3.022,3.1500919999999994,-0.04066293936811993
2025-03-12,1863517.7299886874,914690.0868464723,3.018,3.149788,-0.04184027623446407
2025-03-13,1880806.8275498815,923176.2771816947,3.046,3.1495240000000004,-0.032869728886016025
2025-03-14,1894391.1184908196,929843.9981593696,3.068,3.149368,-0.025836294774062574
2025-03-17,1899948.3284212034,932571.7021956911,3.077,3.14914,-0.022907841505934945
2025-03-18,1892538.7151806918,928934.7634805957,3.065,3.14878,-0.02660713038065532
2025-03-19,1893156.1829507342,929237.8417068536,3.066,3.1484319999999997,-0.026181921667674524
2025-03-20,1890068.8441005212,927722.4505755639,3.061,3.1479880000000002,-0.02763288805421127
2025-03-21,1886364.0374802654,925903.9812180164,3.055,3.147452,-0.0293736012495186
2025-03-24,1900565.796191246,932874.780421949,3.078,3.1471360000000006,-0.021967909871070335
2025-03-25,1914150.087132184,939542.5013996238,3.1,3.147192,-0.014994954232217084
2025-03-26,1914767.5549022267,939845.5796258816,3.101,3.1473240000000002,-0.014718535492373896
2025-03-27,1913532.6193621417,939239.4231733659,3.099,3.147412,-0.015381526155457181
2025-03-28,1903035.6672714164,934087.0933269807,3.082,3.147456,-0.02079647817157737
2025-03-31,1897478.4573410328,931359.3892906592,3.073,3.147532,-0.02367950508525407
2025-04-01,1912297.6838220563,938633.2667208499,3.097,3.147712,-0.016110749649269063
2025-04-02,1921559.700372696,943179.4401147191,3.112,3.1479280000000003,-0.011413221649288041
2025-04-03,1924647.039222909,944694.8312460087,3.117,3.148148,-0.00989407105383866
2025-04-07,1814120.3083852765,890443.828745837,2.938,3.147628,-0.06659872132285005
2025-04-08,1854255.713438048,910143.9134526033,3.003,3.147328,-0.04585731134473425
2025-04-09,1856725.5845182186,911356.2263576351,3.007,3.147112,-0.044520817816461555
2025-04-10,1875867.0853895403,920751.6513716312,3.038,3.147024,-0.03464352353207356
2025-04-11,1866605.068838901,916205.4779777621,3.023,3.146908,-0.0393745225472113
2025-04-14,1883894.1664000947,924691.6683129845,3.051,3.1468239999999996,-0.030451019821890135
2025-04-15,1893156.1829507342,929237.8417068536,3.066,3.1468199999999995,-0.025683070528342844
2025-04-16,1903035.6672714164,934087.0933269807,3.082,3.1467959999999997,-0.02059110282331611
2025-04-17,1898713.3928811182,931965.5457431752,3.075,3.146596,-0.022753477090799112
2025-04-18,1899948.3284212034,932571.7021956911,3.077,3.146364,-0.02204576457142282
2025-04-21,1893773.6507207772,929540.9199331116,3.067,3.146152,-0.025158352171160137
2025-04-22,1899948.3284212034,932571.7021956911,3.077,3.1459360000000003,-0.02191271532542316
2025-04-23,1890068.8441005212,927722.4505755639,3.061,3.1454959999999996,-0.026862536146922356
2025-04-24,1898095.9251110754,931662.4675169172,3.074,3.145136,-0.022617781870163944
2025-04-25,1896243.5218009476,930753.2328381435,3.071,3.1445,-0.02337414533312121
2025-04-28,1898095.9251110754,931662.4675169172,3.074,3.1438200000000003,-0.02220865062249122
2025-04-29,1890686.3118705638,928025.5288018219,3.062,3.14296,-0.02575915697304454
2025-04-30,1875867.0853895403,920751.6513716312,3.038,3.1419680000000003,-0.03309008875965658
2025-05-06,1870927.3432291993,918327.0255615676,3.03,3.140856,-0.03529483682155443
2025-05-07,1882659.2308600096,924085.5118604687,3.049,3.1401679999999996,-0.029032841554973987
2025-05-08,1885129.10194018,925297.8247655004,3.053,3.1396879999999996,-0.027610386764544637
2025-05-09,1895626.0540309048,930450.1546118854,3.07,3.139272,-0.022066262496527878
2025-05-12,1903653.1350414595,934390.1715532388,3.083,3.138832,-0.017787508219617942
2025-05-13,1917237.4259823973,941057.8925309135,3.105,3.138596,-0.01070414924380203
2025-05-14,1934526.5235435911,949544.0828661359,3.133,3.138608,-0.001786779362061175
2025-05-15,1928969.3136132075,946816.3788298144,3.124,3.1385319999999997,-0.004630190165338277
2025-05-16,1917854.8937524399,941360.9707571714,3.106,3.1383159999999997,-0.010297242215251634
2025-05-19,1924647.039222909,944694.8312460087,3.117,3.138144,-0.0067377405243354005
2025-05-20,1927116.9103030795,945907.1441510406,3.121,3.1379,-0.005385767551547294
2025-05-21,1945023.475634316,954696.4127125209,3.15,3.137728,0.003911110204581014
2025-05-22,1945640.9434043586,954999.4909387787,3.151,3.137484,0.004307910414841798
2025-05-23,1928351.845843165,946513.3006035564,3.123,3.137112,-0.004498404902343323
2025-05-26,1918472.3615224827,941664.0489834294,3.107,3.1367279999999997,-0.009477391727940598
2025-05-27,1911062.748281971,938027.110268334,3.095,3.1363,-0.013168383126614058
2025-05-28,1914150.087132184,939542.5013996238,3.1,3.135864,-0.011436720470020423
2025-05-29,1919089.8292925253,941967.1272096873,3.108,3.135376,-0.008731329193053639
2025-05-30,1927734.3780731221,946210.2223772984,3.122,3.134788,-0.004079382720617808
2025-06-03,1935143.9913136337,949847.1610923938,3.134,3.1341840000000003,-5.870746580305397e-05
2025-06-04,1940083.733473975,952271.7869024574,3.142,3.1336120000000003,0.0026767832137482017
2025-06-05,1928969.3136132075,946816.3788298144,3.124,3.133136,-0.002915928322294259
2025-06-06,1928969.3136132075,946816.3788298144,3.124,3.13268,-0.002770790505254306
2025-06-09,1931439.1846933782,948028.6917348462,3.128,3.1320119999999996,-0.0012809657178833866
2025-06-10,1934526.5235435911,949544.0828661359,3.133,3.1314,0.0005109535670946297
2025-06-11,1940083.733473975,952271.7869024574,3.142,3.130812,0.003573513836027109
2025-06-12,1938848.7979338898,951665.6304499415,3.14,3.130308,0.003096180950884042
2025-06-13,1929586.7813832501,947119.4570560723,3.125,3.1297159999999997,-0.0015068459885816399
2025-06-16,1933291.5880035057,948937.9264136199,3.131,3.129272,0.0005522051135216088
2025-06-17,1935143.9913136337,949847.1610923938,3.134,3.128788,0.0016658207587090246
2025-06-18,1937613.8623938044,951059.4739974255,3.138,3.1284720000000004,0.00304557624297086
2025-06-19,1928969.3136132075,946816.3788298144,3.124,3.1280319999999997,-0.0012889893709525646
2025-06-20,1938848.7979338898,951665.6304499415,3.14,3.127548,0.003981393730807747
2025-06-23,1946875.878944444,955605.6473912947,3.153,3.12734,0.008205056054026771
2025-06-24,1949345.7500246146,956817.9602963265,3.157,3.1269839999999998,0.009599025770518965
2025-06-25,1959225.2343452969,961667.2119164536,3.173,3.126804,0.014774191154930172
2025-06-26,1963547.5087355955,963788.7595002592,3.18,3.1266319999999994,0.017068845965882984
2025-06-27,1947493.3467144866,955908.7256175526,3.154,3.126524,0.008788034251456356
2025-06-30,1946258.4111744014,955302.5691650368,3.152,3.12638,0.008194781184628797
2025-07-01,1960460.169885382,962273.3683689694,3.175,3.126328,0.015568424042518902
2025-07-02,1975279.3963664053,969547.2457991601,3.199,3.126348,0.02323861579069253
2025-07-03,1974661.928596363,969244.1675729022,3.198,3.126344,0.02292006253950296
2025-07-04,1989481.1550773862,976518.0450030928,3.222,3.126604,0.03051105928349096
2025-07-07,1997508.2360879404,980458.0619444461,3.235,3.126864,0.03458289199658182
2025-07-08,1993803.4294676848,978639.5925868985,3.229,3.1270680000000004,0.03259666882843604
2025-07-09,2003682.913788367,983488.8442070255,3.245,3.127336,0.03762435504211892
2025-07-10,2019737.0758094755,991368.878089732,3.271,3.127616,0.045844502649941665
2025-07-11,2006770.25263858,985004.2353383153,3.25,3.1275399999999998,0.03915537451159712
2025-07-14,2020354.543579518,991671.9563159898,3.272,3.1275440000000003,0.046188319013257484
2025-07-15,1996273.3005478552,979851.9054919302,3.233,3.12748,0.03373962423420784
2025-07-16,1988863.6873073436,976214.9667768349,3.221,3.127424,0.02992111079278037
2025-07-17,1983306.47737696,973487.2627405134,3.212,3.1274,0.027051224659461637
2025-07-18,1991951.0261575568,977730.3579081246,3.226,3.127476,0.03150271976507568
2025-07-21,2004917.8493284523,984095.0006595413,3.247,3.127532,0.0381988097963506
2025-07-22,2037643.641140712,1000158.1466512124,3.3,3.1280639999999997,0.05496562730174315
2025-07-23,2035791.2378305844,999248.9119724386,3.297,3.128604,0.053824645113283776
2025-07-24,2041965.9155310106,1002279.694235018,3.307,3.1292000000000004,0.05681963441135096
2025-07-25,2033321.3667504138,998036.5990674068,3.293,3.1295919999999997,0.052213834902441025
2025-07-28,2012944.9303390065,988035.0176008946,3.26,3.129904,0.04156549210455007
2025-07-29,2007387.7204086226,985307.3135645731,3.251,3.130232,0.03858116586885574
2025-07-30,2014179.865879092,988641.1740534105,3.262,3.130588,0.041976778803215264
2025-07-31,1982689.0096069172,973184.1845142554,3.211,3.130832,0.02560597310874546
2025-08-01,1980836.6062967894,972274.9498354817,3.208,3.131192,0.024529955365241163
2025-08-04,1989481.1550773862,976518.0450030928,3.222,3.131692,0.028836807706504874
2025-08-05,2009240.1237187507,986216.548243347,3.254,3.1323119999999998,0.038849258949938736
2025-08-06,2017267.2047293049,990156.5651847002,3.267,3.13304,0.04275719429052938
2025-08-07,2024676.8179698167,993793.5038997956,3.279,3.133888,0.046304143606918924
2025-08-08,2024059.3501997741,993490.4256735377,3.278,3.134684,0.045719440938863265
2025-08-11,2012944.9303390065,988035.0176008946,3.26,3.135468,0.039717196922437026
2025-08-12,2024059.3501997741,993490.4256735377,3.278,3.136208,0.04521128700647403
2025-08-13,2011709.9947989213,987428.8611483788,3.258,3.136856,0.03861956047711468
2025-08-14,1998743.1716280258,981064.2183969619,3.237,3.137452,0.03172893162987034
2025-08-15,1995038.3650077698,979245.7490394142,3.231,3.138188,0.029575028647104595
2025-08-18,1990098.6228474288,976821.1232293507,3.223,3.138936,0.0267810493746925
2025-08-19,1986393.816227173,975002.6538718031,3.217,3.139612,0.024648905660954235
2025-08-20,2000595.5749381538,981973.4530757358,3.24,3.1403359999999996,0.03173673135613542
2025-08-21,2010475.0592588359,986822.7046958628,3.256,3.1411679999999995,0.03655710232626852
2025-08-22,2008622.655948708,985913.470017089,3.253,3.141908,0.03535813270153043
2025-08-25,2020972.011349561,991975.0345422479,3.273,3.1427240000000003,0.041453210654196715
2025-08-26,2013562.3981090493,988338.0958271526,3.261,3.14352,0.03737211788059236
2025-08-27,1980836.6062967894,972274.9498354817,3.208,3.143988,0.020360128600999783
2025-08-28,1978984.2029866613,971365.7151567078,3.205,3.144424,0.019264577550610174
2025-08-29,1969104.718665979,966516.4635365807,3.189,3.144676,0.014094933786501285
2025-09-01,1957990.2988052114,961061.0554639377,3.171,3.144996,0.008268372996340867
2025-09-02,1967252.315355851,965607.2288578069,3.186,3.1455080000000004,0.012872960424834323
2025-09-03,1946875.878944444,955605.6473912947,3.153,3.145876,0.0022645520675321773
2025-09-04,1958607.7665752543,961364.1336901957,3.172,3.146328,0.008159352743897008
2025-09-05,1952433.0888748278,958333.3514276162,3.162,3.146804,0.0048290265297743495
2025-09-08,1956137.8954950836,960151.8207851639,3.168,3.147276,0.0065847418529547674
2025-09-09,1957372.8310351688,960757.9772376798,3.17,3.147808,0.00704998525958378
2025-09-10,1956755.3632651262,960454.8990114218,3.169,3.14856,0.006491856594760925
2025-09-11,1959842.7021153395,961970.2901427115,3.174,3.149296,0.007844292819728649
2025-09-12,1950580.6855646998,957424.1167488423,3.159,3.149912,0.0028851599663735072
2025-09-15,1940083.733473975,952271.7869024574,3.142,3.150568,-0.00271950962493106
2025-09-16,1935761.4590836763,950150.2393186517,3.135,3.1512,-0.005140898705255137
2025-09-17,1944406.0078642734,954393.334486263,3.149,3.1518800000000002,-0.0009137403708263658
2025-09-18,1911680.2160520137,938330.188494592,3.096,3.152444,-0.017904838277856827
2025-09-19,1922177.1681427385,943482.518340977,3.113,3.153296,-0.01277900964578016
2025-09-22,1906123.0061216298,935602.4844582705,3.087,3.154016,-0.02124783133630259
2025-09-23,1917237.4259823973,941057.8925309135,3.105,3.1550640000000003,-0.015867823917359636
2025-09-24,1920942.2326026533,942876.3618884612,3.111,3.156096,-0.014288538751672797
2025-09-25,1912297.6838220563,938633.2667208499,3.097,3.1571040000000004,-0.01903770037350694
2025-09-26,1912915.1515920989,938936.3449471078,3.098,3.157984,-0.018994396425061066
2025-09-29,1909827.8127418857,937420.9538158182,3.093,3.158864,-0.020850533609550803
2025-09-30,1903035.6672714164,934087.0933269807,3.082,3.1596960000000003,-0.024589707364252922
2025-10-09,1916002.490442312,940451.7360783976,3.103,3.160488,-0.0181895960370676
2025-10-10,1936378.9268537192,950453.3175449098,3.136,3.1608759999999996,-0.007869970223444267
2025-10-13,1938848.7979338898,951665.6304499415,3.14,3.161096,-0.006673634714035925
2025-10-14,1978366.7352166187,971062.6369304499,3.204,3.161156,0.013553269753216801
2025-10-15,1980219.1385267465,971971.8716092237,3.207,3.161272,0.014465063430163516
2025-10-16,1999978.107168111,981670.3748494778,3.239,3.160632,0.02479504099180163
2025-10-17,1993803.4294676848,978639.5925868985,3.229,3.159932,0.02185743237512705
2025-10-20,2010475.0592588359,986822.7046958628,3.256,3.160364,0.030261071193065092
2025-10-21,2005535.317098495,984398.0788857994,3.248,3.1602759999999996,0.027758335031497383
2025-10-22,2008622.655948708,985913.470017089,3.253,3.160384,0.029305299609161395
2025-10-23,2024059.3501997741,993490.4256735377,3.278,3.160248,0.037260366907913456
2025-10-24,2012327.4625689639,987731.9393746366,3.259,3.16036,0.03121163411763228
2025-10-27,2020354.543579518,991671.9563159898,3.272,3.160332,0.03533426234965176
2025-10-28,2017267.2047293049,990156.5651847002,3.267,3.160476,0.033705049492544825
2025-10-29,2006152.7848685374,984701.1571120573,3.249,3.160464,0.028013608128426792
2025-10-30,2005535.317098495,984398.0788857994,3.248,3.160528,0.027676388249052275
2025-10-31,2000595.5749381538,981973.4530757358,3.24,3.160512,0.025150355385456624
2025-11-03,2027146.6890499871,995005.8168048273,3.283,3.160664,0.038705790935069206
2025-11-04,2045670.7221512666,1004098.1635925657,3.313,3.1610120000000004,0.048082069919380244
2025-11-05,2051227.9320816502,1006825.8676288872,3.322,3.161404,0.05079894882147307
2025-11-06,2053697.8031618209,1008038.1805339189,3.326,3.161728,0.05195639852637535
2025-11-07,2056785.1420120338,1009553.5716652086,3.331,3.1622520000000005,0.05336323607353233
2025-11-10,2072221.8362631,1017130.5273216572,3.356,3.1630160000000003,0.061012653745665446
2025-11-11,2066664.626332716,1014402.8232853357,3.347,3.1638200000000003,0.05789836337086163
2025-11-12,2074691.7073432705,1018342.8402266889,3.36,3.1645600000000003,0.06175898071137831
2025-11-13,2075309.1751133134,1018645.9184529469,3.361,3.165248,0.06184412722162702
2025-11-14,2067282.0941027587,1014705.9015115936,3.348,3.165768,0.05756328322227011
2025-11-17,2055550.206471949,1008947.4152126928,3.329,3.166324,0.05137692794546611
2025-11-18,2027764.1568200297,995308.8950310852,3.284,3.166424,0.03713210865001004
2025-11-19,2037643.641140712,1000158.1466512124,3.3,3.1667199999999998,0.04208771220695229
2025-11-20,2037643.641140712,1000158.1466512124,3.3,3.1671479999999996,0.04194688723103579
2025-11-21,2009857.5914887933,986519.6264696049,3.255,3.1674759999999997,0.02763209571280112
2025-11-24,1992568.4939275994,978033.4361343825,3.227,3.167612,0.018748508340036496
2025-11-25,2002447.9782482816,982882.6877545096,3.243,3.1679159999999995,0.023701386021599102
2025-11-26,1991951.0261575568,977730.3579081246,3.226,3.1681399999999997,0.018263081808253423
2025-11-27,1994420.8972377274,978942.6708131563,3.23,3.1681880000000002,0.01951020583374463
2025-11-28,1994420.8972377274,978942.6708131563,3.23,3.168272,0.019483175686936027
2025-12-01,2003682.913788367,983488.8442070255,3.245,3.1683920000000003,0.024178826357344585
2025-12-02,2006152.7848685374,984701.1571120573,3.249,3.168516,0.02540116571922013
2025-12-03,2001213.0427081964,982276.5313019938,3.241,3.168912,0.022748501693956813
2025-12-04,1993185.9616976422,978336.5143606405,3.228,3.169232,0.018543293769594626
2025-12-05,1991951.0261575568,977730.3579081246,3.226,3.1695,0.017826155545038525
2025-12-08,1982071.5418368746,972881.1062879974,3.21,3.1695840000000004,0.012751200157496978
2025-12-09,1966017.379815766,965001.072405291,3.184,3.169576,0.0045507664116588575
2025-12-10,1957990.2988052114,961061.0554639377,3.171,3.1694560000000003,0.0004871498452729828
2025-12-11,1948110.8144845292,956211.8038438106,3.155,3.1692400000000003,-0.004493190796531765
2025-12-12,1940083.733473975,952271.7869024574,3.142,3.1688439999999995,-0.008471227993552155
2025-12-15,1956137.8954950836,960151.8207851639,3.168,3.168452,-0.00014265641392063877
2025-12-16,1938848.7979338898,951665.6304499415,3.14,3.167976,-0.008830874981376025
2025-12-17,1940701.2012440176,952574.8651287152,3.143,3.16734,-0.007684681783452385
2025-12-18,1960460.169885382,962273.3683689694,3.175,3.1668000000000003,0.002589364658329929
2025-12-19,1959842.7021153395,961970.2901427115,3.174,3.1662719999999998,0.0024407252440725724
2025-12-22,1950580.6855646998,957424.1167488423,3.159,3.165632,-0.002095000303257044
2025-12-23,1951198.1533347426,957727.1949751003,3.16,3.1649719999999997,-0.001570945967294346
2025-12-24,1954285.4921849559,959242.58610639,3.165,3.16448,0.00016432399635957218
2025-12-25,1959842.7021153395,961970.2901427115,3.174,3.1639079999999997,0.003189726123515646
2025-12-26,1967869.7831258937,965910.3070840647,3.187,3.1634080000000004,0.007457779710994927
2025-12-29,1966634.8475858085,965304.150631549,3.185,3.16282,0.007012729146774088
2025-12-30,1968487.2508959365,966213.3853103227,3.188,3.162404,0.008093842532453266
2025-12-31,1965399.912045723,964697.994179033,3.183,3.16208,0.0066158983959925255
2026-01-05,1963547.5087355955,963788.7595002592,3.18,3.1616880000000003,0.0057918428383825216
2026-01-06,1987011.2839972156,975305.732098061,3.218,3.161316,0.017930507421592745
2026-01-07,1995655.8327778128,979548.8272656723,3.232,3.16094,0.022480654488854723
2026-01-08,1988863.6873073436,976214.9667768349,3.221,3.16056,0.019123193358139057
2026-01-09,1996890.7683178978,980154.9837181881,3.234,3.160236,0.023341294764061882
2026-01-12,1995038.3650077698,979245.7490394142,3.231,3.159712,0.02256154991340975
2026-01-13,1993803.4294676848,978639.5925868985,3.229,3.159224,0.022086436416031363
2026-01-14,1975279.3963664053,969547.2457991601,3.199,3.158904,0.012693009980676795
2026-01-15,1968487.2508959365,966213.3853103227,3.188,3.158664,0.009287470905420925
2026-01-16,1953050.5566448704,958636.4296538741,3.163,3.158324,0.0014805320796726917
2026-01-19,1962930.0409655527,963485.6812740011,3.179,3.158104,0.006616628204771047
2026-01-20,1986393.816227173,975002.6538718031,3.217,3.15806,0.01866335661767038
2026-01-21,1887598.9730203506,926510.1376705322,3.057,3.1575519999999995,-0.0318449229022989
2026-01-22,1899948.3284212034,932571.7021956911,3.077,3.157256,-0.02541954152593262
2026-01-23,1895008.5862608622,930147.0763856275,3.069,3.157036,-0.02788564970434304
2026-01-26,1917854.8937524399,941360.9707571714,3.106,3.156764,-0.01608102474559392
2026-01-27,1902418.199501374,933784.0151007228,3.081,3.156356,-0.023874366516324574
2026-01-28,1933909.0557735488,949241.0046398779,3.132,3.156032,-0.007614624946768567
2026-01-29,1954902.9599549982,959545.6643326479,3.166,3.1559120000000003,0.0031965403344578203
2026-01-30,1941318.6690140604,952877.9433549732,3.144,3.1557479999999996,-0.003722730712338085
2026-02-02,1880806.8275498815,923176.2771816947,3.046,3.155824,-0.03480041979527382
2026-02-03,1883894.1664000947,924691.6683129845,3.051,3.156016,-0.033274862991822585
2026-02-04,1945023.475634316,954696.4127125209,3.15,3.156408,-0.002030155797349331
2026-02-05,1936378.9268537192,950453.3175449098,3.136,3.156684,-0.006552445540953689
2026-02-06,1930204.2491532927,947422.5352823302,3.126,3.156768,-0.00974667761457293
2026-02-09,1941318.6690140604,952877.9433549732,3.144,3.157172,-0.004172088185249279
2026-02-10,1948728.282254572,956514.8820700686,3.156,3.157632,-0.0005168430013376968
2026-02-11,1965399.912045723,964697.994179033,3.183,3.158148,0.007869168892654654
2026-02-12,1963547.5087355955,963788.7595002592,3.18,3.15868,0.006749654919143477
2026-02-13,1936996.3946237618,950756.3957711676,3.137,3.1589880000000004,-0.006960456956468408
2026-02-24,1969722.1864360217,966819.5417628386,3.19,3.1595,0.009653426175027624
2026-02-25,1972192.0575161923,968031.8546678703,3.194,3.160016,0.010754375927210402
2026-02-26,1972809.525286235,968334.9328941283,3.195,3.1605239999999997,0.010908317734654283
2026-02-27,1995655.8327778128,979548.8272656723,3.232,3.161232,0.0223862089210789
2026-03-02,2039496.04445084,1001067.3813299862,3.303,3.162232,0.04451539292499729
2026-03-03,2079013.981733569,1020464.3878104945,3.367,3.16356,0.06430729937159407
2026-03-04,2040113.5122208826,1001370.4595562441,3.304,3.164688,0.04402076918798947
2026-03-05,2032086.4312103284,997430.4426148909,3.291,3.165852,0.039530590817258515
2026-03-06,2028381.6245900725,995611.9732573433,3.285,3.167008,0.037256615707949026
2026-03-09,2043200.851071096,1002885.8506875338,3.309,3.1683440000000003,0.04439416931999807
2026-03-10,2019119.608039433,991065.7998634741,3.27,3.16942,0.03173451293927587
2026-03-11,2045670.7221512666,1004098.1635925657,3.313,3.17056,0.044925817521195066
2026-03-12,2087658.5305141658,1024707.4829781057,3.381,3.1720440000000005,0.06587424386294738
2026-03-13,2077161.578423441,1019555.1531317207,3.364,3.1735119999999997,0.06002435157012176
2026-03-16,2059255.0130922045,1010765.8845702404,3.335,3.174868,0.05043737251438474
2026-03-17,2043200.851071096,1002885.8506875338,3.309,3.1760879999999996,0.041847706990486566
2026-03-18,2035173.7700605416,998945.8337461805,3.296,3.17728,0.03736529358444951
2026-03-19,2040730.9799909254,1001673.5377825021,3.305,3.1785119999999996,0.03979472155524366
2026-03-20,2035173.7700605416,998945.8337461805,3.296,3.179692,0.036578385579483674
2026-03-23,1996890.7683178978,980154.9837181881,3.234,3.1805400000000006,0.01680846648682288
2026-03-24,2018502.1402693903,990762.7216372162,3.269,3.1815439999999997,0.027488540155346186
2026-03-25,2010475.0592588359,986822.7046958628,3.256,3.182384,0.0231323435512496
2026-03-26,2017884.6724993475,990459.6434109581,3.268,3.183184,0.02664501957788179
2026-03-27,2017267.2047293049,990156.5651847002,3.267,3.183944,0.02608588593266714
2026-03-30,2037026.1733706694,999855.0684249544,3.299,3.18488,0.03583180527994778
2026-03-31,2007387.7204086226,985307.3135645731,3.251,3.1856199999999997,0.02052347737646043
2026-04-01,2001213.0427081964,982276.5313019938,3.241,3.18634,0.017154478178725396
2026-04-02,2011709.9947989213,987428.8611483788,3.258,3.187152,0.0222292504405186
2026-04-03,1985776.3484571306,974699.5756455451,3.216,3.1877039999999996,0.008876608367652805
2026-04-07,1993185.9616976422,978336.5143606405,3.228,3.188216,0.012478451899118559
2026-04-08,1992568.4939275994,978033.4361343825,3.227,3.1887200000000004,0.012004816979853894
2026-04-09,1983306.47737696,973487.2627405134,3.212,3.189172,0.0071579707836391115
2026-04-10,1987011.2839972156,975305.732098061,3.218,3.1897159999999998,0.008867247115417198
2026-04-13,1990098.6228474288,976821.1232293507,3.223,3.190316,0.01024475318432394
2026-04-14,1990098.6228474288,976821.1232293507,3.223,3.19082,0.010085181865476578
2026-04-15,2000595.5749381538,981973.4530757358,3.24,3.191332,0.015250058596222527
2026-04-16,2003065.4460183245,983185.7659807677,3.244,3.19184,0.016341671261717483
2026-04-17,1987011.2839972156,975305.732098061,3.218,3.1929600000000002,0.007842252956504314
2026-04-20,1991333.5583875142,977427.2796818666,3.225,3.193848,0.009753751587426862
2026-04-21,2016032.26918922,989550.4087321844,3.265,3.19488,0.021947616185897578
2026-04-22,2018502.1402693903,990762.7216372162,3.269,3.195804,0.022903782584914545
2026-04-23,2033321.3667504138,998036.5990674068,3.293,3.196884,0.03006552630624082
2026-04-24,2025294.285739859,994096.5821260534,3.28,3.1978,0.025705172305960255
2026-04-27,2022206.9468896461,992581.1909947637,3.275,3.198636,0.023873926261068767
2026-04-28,2053080.3353917783,1007735.102307661,3.325,3.199608,0.039189800750591974
2026-04-29,2066664.626332716,1014402.8232853357,3.347,3.2006959999999998,0.045710058062371495
2026-04-30,2062959.8197124605,1012584.3539277881,3.341,3.201752,0.04349118857425571
2026-05-06,2062959.8197124605,1012584.3539277881,3.341,3.202848,0.043134110641529055
2026-05-07,2020354.543579518,991671.9563159898,3.272,3.2036279999999997,0.021342053446904652
2026-05-08,2013562.3981090493,988338.0958271526,3.261,3.2044280000000005,0.017654320833546455
2026-05-11,2014797.3336491345,988944.2522796685,3.263,3.2051839999999996,0.018038277989656848
2026-05-12,2011092.5270288787,987125.7829221209,3.257,3.2059279999999997,0.015930488769554607
2026-05-13,2003065.4460183245,983185.7659807677,3.244,3.206608,0.011660920199787483
2026-05-14,1990098.6228474288,976821.1232293507,3.223,3.207252,0.004910122435031639
2026-05-15,1990098.6228474288,976821.1232293507,3.223,3.207992,0.004678315906024633
2026-05-18,1986393.816227173,975002.6538718031,3.217,3.20874,0.002574219163908653
2026-05-19,1989481.1550773862,976518.0450030928,3.222,3.209432,0.0039159577146361535
2026-05-20,1985158.8806870875,974396.4974192871,3.215,3.21008,0.0015326720829387241
2026-05-21,1958607.7665752543,961364.1336901957,3.172,3.210488,-0.011988208646162124
2026-05-22,1948728.282254572,956514.8820700686,3.156,3.21078,-0.017061274830415085
2026-05-25,1966634.8475858085,965304.150631549,3.185,3.2111,-0.008128055806421508
2026-05-26,1967252.315355851,965607.2288578069,3.186,3.211312,-0.00788213664695303
2026-05-27,1957372.8310351688,960757.9772376798,3.17,3.211496,-0.012921081016448399
2026-05-28,1957372.8310351688,960757.9772376798,3.17,3.2117520000000006,-0.012999758387322813
2026-05-29,1979601.670756704,971668.7933829657,3.206,3.2121079999999997,-0.0019015549913016239
2026-06-01,2041965.9155310106,1002279.694235018,3.307,3.212852,0.029303559578841565
2026-06-02,2042583.3833010532,1002582.7724612758,3.308,3.213484,0.029412313862462014
2026-06-03,2052462.8676217354,1007432.0240814029,3.324,3.214176,0.034168632956004696
2026-06-04,2054315.2709318635,1008341.2587601768,3.327,3.214992,0.034839277982651184
2026-06-05,2050610.4643116076,1006522.7894026292,3.321,3.2158480000000003,0.03269806284376631
2026-06-08,2040113.5122208826,1001370.4595562441,3.304,3.2166840000000003,0.027144724194232195
2026-06-09,2032086.4312103284,997430.4426148909,3.291,3.217448,0.022860353920249876
2026-06-10,2013562.3981090493,988338.0958271526,3.261,3.2180600000000004,0.013343442943885453
2026-06-11,2012944.9303390065,988035.0176008946,3.26,3.2186120000000003,0.012858959079255161
2026-06-12,2039496.04445084,1001067.3813299862,3.303,3.219288,0.026003265318294
2026-06-15,2006152.7848685374,984701.1571120573,3.249,3.219716,0.00909521212429909
2026-06-16,1973426.9930562777,968638.0111203863,3.196,3.220004,-0.007454649124659429
2026-06-17,1951198.1533347426,957727.1949751003,3.16,3.2201479999999996,-0.018678644584037563
2026-06-18,1912915.1515920989,938936.3449471078,3.098,3.220028,-0.037896564874591254
2026-06-22,1929586.7813832501,947119.4570560723,3.125,3.219996,-0.029501900002360304
2026-06-23,1916619.9582123547,940754.8143046555,3.104,3.219844,-0.03597814055587789
2026-06-24,1882041.763089967,923782.4336342107,3.048,3.219476,-0.05326208364342511
2026-06-25,1856108.1167481758,911053.1481313771,3.006,3.219,-0.06616961789375586
2026-06-26,1823999.7927059587,895293.0803659641,2.954,3.218292,-0.08212182113990896
2026-06-29,1835114.2125667261,900748.488438607,2.972,3.217644,-0.0763428148048696
2026-06-30,1800536.0174443384,883776.1077681622,2.916,3.2167559999999997,-0.09349667801971917
2026-07-01,1829557.0026363425,898020.7844022856,2.963,3.216112,-0.07870123926032424
2026-07-02,1848081.0357376216,907113.1311900237,2.993,3.2155240000000003,-0.06920302880650253
2026-07-03,1867222.5366089435,916508.55620402,3.024,3.215008,-0.0594113607182315
2026-07-06,1907357.941661715,936208.6409107863,3.089,3.214736,-0.03911238745576617
2026-07-07,1879571.8920097963,922570.1207291789,3.044,3.2142199999999996,-0.05295841603872775
2026-07-08,1901800.7317313314,933480.9368744649,3.08,3.21382,-0.04163892190601837
2026-07-09,1877102.0209296257,921357.8078241472,3.04,3.213364,-0.053950937397692855
2026-07-10,1880189.359779839,922873.1989554368,3.045,3.212936,-0.0522687037650299
2026-07-13,1893156.1829507342,929237.8417068536,3.066,3.2125,-0.04560311284046692
2026-07-14,1937613.8623938044,951059.4739974255,3.138,3.212256,-0.023116463943097965
2026-07-15,1966634.8475858085,965304.150631549,3.185,3.2122040000000003,-0.008468951536079294
2026-07-16,1942553.6045541456,953484.0998074891,3.146,3.2119,-0.020517450730097475
2026-07-17,1935761.4590836763,950150.2393186517,3.135,3.2115,-0.023820644558617543
2026-07-20,2001830.510478239,982579.6095282517,3.242,3.2115519999999997,0.009480774404400094
2026-07-21,1978984.2029866613,971365.7151567078,3.205,3.211392,-0.0019904141257124364
2026-07-22,2008622.655948708,985913.470017089,3.253,3.21132,0.012979086481571311
2026-07-23,2025294.285739859,994096.5821260534,3.28,3.21144,0.021348678474453653
2026-07-24,1990098.6228474288,976821.1232293507,3.223,3.2112439999999998,0.003660886559850418
2026-07-27,1995655.8327778128,979548.8272656723,3.232,3.21124,0.006464792416636556
2026-07-28,1995655.8327778128,979548.8272656723,3.232,3.211284,0.006451002153655683
2026-07-29,2020972.011349561,991975.0345422479,3.273,3.2115280000000004,0.019141044387593675
2026-07-30,2045053.2543812238,1003795.0853663076,3.312,3.211872,0.03117434318677703
2026-07-31,2040113.5122208826,1001370.4595562441,3.304,3.2121,0.028610566296192408
2026-08-03,2028381.6245900725,995611.9732573433,3.285,3.21204,0.022714536556207365
2026-08-04,1998743.1716280258,981064.2183969619,3.237,3.2117999999999998,0.00784606762563067
2026-08-05,1993185.9616976422,978336.5143606405,3.228,3.211484,0.005142793798754708
2026-08-06,2030234.0279002003,996521.207936117,3.288,3.2114640000000003,0.0238321214249948
2026-08-07,2026529.2212799445,994702.7385785694,3.282,3.2115519999999997,0.021935811719691944
2026-08-10,2049375.5287715222,1005916.6329501133,3.319,3.211824,0.03336920080303285
2026-08-11,2043200.851071096,1002885.8506875338,3.309,3.212012,0.030195404002226756
2026-08-12,2039496.04445084,1001067.3813299862,3.303,3.21238,0.02820961405562228
2026-08-13,2020972.011349561,991975.0345422479,3.273,3.2126400000000004,0.018788286269236343
2026-08-14,2035173.7700605416,998945.8337461805,3.296,3.2129359999999996,0.02585298929079216
2026-08-17,2040113.5122208826,1001370.4595562441,3.304,3.2131360000000004,0.02827891505370439
2026-08-18,2062342.3519424177,1012281.27570153,3.34,3.213428,0.03938846614892255
2026-08-19,2074691.7073432705,1018342.8402266889,3.36,3.213752,0.045506933951344086
2026-08-20,2088275.9982842086,1025010.5612043637,3.382,3.214168,0.052216312277391985
2026-08-21,2091363.3371344218,1026525.9523356535,3.387,3.214676,0.05360540222404997
2026-08-24,2124089.1289466815,1042589.0983273244,3.44,3.215324,0.06987662829624641
2026-08-25,2104947.62807536,1033193.6733133281,3.409,3.2159280000000003,0.06003616996400396
2026-08-26,2124089.1289466815,1042589.0983273244,3.44,3.2167399999999997,0.06940567158054445
2026-08-27,2132733.677727279,1046832.1934949356,3.454,3.217632,0.07346023411005365
2026-08-28,2136842.2465223656,1048848.8457046333,3.461,3.218584,0.07531759307819841
2026-08-31,2136842.2465223656,1048848.8457046333,3.489,3.219672,0.08365075697151747
2026-09-01,2136842.2465223656,1048848.8457046333,3.482,3.22064,0.08115157235828918
2026-09-02,2136842.2465223656,1048848.8457046333,3.428,3.221328,0.06415739098905782
2026-09-03,2136842.2465223656,1048848.8457046333,3.436,3.22206,0.06639851523559459
2026-09-04,2136842.2465223656,1048848.8457046333,3.438,3.22272,0.0668007149240395
2026-09-07,2136842.2465223656,1048848.8457046333,3.39,3.223236,0.051738066961277474
2026-09-08,2136842.2465223656,1048848.8457046333,3.446,3.2241880000000003,0.06879623644775057
2026-09-09,2136842.2465223656,1048848.8457046333,3.498,3.2253600000000002,0.08453009896569674
2026-09-10,2136842.2465223656,1048848.8457046333,3.473,3.226496,0.07639990875550429
2026-09-11,2136842.2465223656,1048848.8457046333,3.419,3.2274879999999997,0.05933778839766424
2026-09-14,2136842.2465223656,1048848.8457046333,3.404,3.2283599999999995,0.05440533273860426
2026-09-15,2136842.2465223656,1048848.8457046333,3.382,3.2292760000000005,0.04729357292470504
2026-09-16,2136842.2465223656,1048848.8457046333,3.367,3.2300560000000003,0.0423967881671401
2026-09-17,2136842.2465223656,1048848.8457046333,3.347,3.230796,0.03596760674459176
2026-09-18,2136842.2465223656,1048848.8457046333,3.339,3.23148,0.03327268001039774
2026-09-21,2136842.2465223656,1048848.8457046333,3.385,3.23234,0.04722894249986065
2026-09-22,2136842.2465223656,1048848.8457046333,3.38,3.233184,0.0454091075546581
2026-09-23,2136842.2465223656,1048848.8457046333,3.35,3.233888,0.03590476850156854
2026-09-24,2136842.2465223656,1048848.8457046333,3.357,3.23468,0.03781517800833467
2026-09-28,2136842.2465223656,1048848.8457046333,3.342,3.23548,0.03292247209069443
2026-09-29,2136842.2465223656,1048848.8457046333,3.325,3.2362400000000004,0.027426890465478415
2026-09-30,2136842.2465223656,1048848.8457046333,3.368,3.237116,0.0404322860224966
